=== NEURALDEX COLLECTE AUTO ===
# Commandes :
#   go:menu    → 100x 'menu' automatique
#   go:combat  → 100x 'combat' automatique
#   go:pokedex    → 100x 'pokedex' automatique
#   stop       → arrêter
# LED rouge = PARLE | LED verte = attends
# DEBUT collecte auto : 100x 'pokedex'
# Prononce le mot à chaque LED rouge !
# Tape 'stop' pour arrêter.
# Début dans 3s...
# Début dans 2s...
# Début dans 1s...
pokedex,0.00438,-0.34568,-0.19713,0.14300,0.85833,0.17946,0.57961,-0.24161,-0.26404,0.09396,-0.51277,-0.04547,-0.40842,-0.30608,-0.56808,-0.81936,0.15381,1.23365,0.92875,0.74980,0.02336,-0.47014,-0.85628,-0.76849,0.22132,-0.33494,-0.33367,-0.66183,-0.70110,0.04767,0.87859,0.71409,0.61135,0.16591,0.13854,0.00361,0.37505,1.09945,0.34496,-0.31520,-0.41814,-0.16807,0.25646,0.31270,0.58736,0.53362,-0.03292,0.06101,0.42572,-0.23576,0.06639,-0.65605,-0.20553,-0.46495,-0.73397,-0.03856,0.63147,0.47431,0.55798,-0.06124,0.09081,0.41385,-0.31626,0.21088,-0.07752,-0.35885,-0.59668,-0.57930,-0.80098,0.71558,1.27866,0.48906,0.06526,0.21570,-0.27269,0.08387,0.89521,0.20079,-0.10772,-0.47532,-0.61442,0.26346,0.57657,0.93472,0.79367,-0.90467,-0.51341,-0.36503,0.36871,-0.03952,-0.91235,-0.25083,-0.35347,-0.54097,-0.32707,0.43724,0.11630,1.25759,-0.15617,-0.23217,-0.35309,-0.27068,1.52557,0.12541,-0.33876,-0.54224,-0.50448,-0.56386,0.38761,0.98737,1.23324,-0.00059,0.33442,-0.02584,0.20577,1.46282,0.49134,-0.21805,-0.45982,-0.64323,-1.30583,0.09247,0.06643,0.16006,-0.00202,0.20814,-0.70356,0.53041,1.67822,1.01616,-0.20245,-0.33350,-0.27065,-0.27825,0.22228,0.72626,0.65837,0.03280,-0.33019,-0.52377,0.30007,1.03006,0.34116,-0.27466,-0.53766,-0.68755,-0.63940,0.35556,0.49361,0.51690,-0.09308,-0.22283,-0.21375,1.55512,1.69720,0.90079,-0.27387,-0.40538,-0.45283,0.63382,0.84838,0.05448,1.15880,-0.16134,-0.12553,-0.74977,0.01107,0.75123,-0.21409,-0.40345,-0.67582,-0.67596,0.18284,0.85388,0.73750,0.62455,-0.09260,0.74737,0.18421,-0.61852,0.32831,0.75545,-0.11207,-0.42887,-0.48921,0.15390,0.83410,0.24111,0.34383,0.09137,-0.28952,-0.49468,0.36496,1.21355,-1.21402,-0.05769,-0.39838,-0.30416,0.00212,0.67384,0.87137,0.43248,-0.63550,-0.56570,-0.88818,0.23317,0.65766,-0.92072,0.17777,-0.73028,-0.85880,0.01630,0.56377,1.25450,-0.17283,0.12649,0.23293,-1.34608,1.32608,0.48929,-0.16829,-0.14501,-0.74221,-0.57102,-0.16363,0.50821,0.97811,0.13116,0.37335,0.17360,-0.28520,1.04471,0.87803,0.02932,-0.36321,-0.52711,-0.33854,0.88520,0.78496,0.57756,0.70241,0.12382,-0.71786,-1.00599,0.13552,1.35816,0.21037,0.28814,-0.30918,-0.58447,0.85595,0.44016,0.29341,0.21107,-0.38146,-0.92292,-0.72901,0.33393,0.41262,-0.66632,2.46840,-0.23052,-1.21198,1.40747,0.22822,-0.67988,-0.97076,-1.16640,-1.21077,-0.71144,-0.10556,-0.15628,-1.73292,1.87039,1.66487,-1.15807,-1.67903,0.24918,-0.61213,-1.87213,-1.74072,0.48652,-0.52586,-1.48914,-1.10384,-1.44593,1.57613,1.95219,-0.81257,-2.59010,0.15088,-0.35980,-2.23884,-1.57571,1.23728,-1.67783,-0.80113,-1.47360,-1.35646,1.11499,1.97047,-0.22508,-1.83492,-0.09230,-0.71719,-1.96762,-1.75159,1.76420,-1.98774,-0.98276,-1.29424,-1.67853,0.40607,1.77406,0.49083,-1.01858,0.79154,-2.01288,-1.96398,-1.24012,1.12416,-1.25969,-1.38786,-0.07572,-1.56387,-0.36735,1.55870,0.61896,-0.94305,1.22526,-1.20103,-1.70748,-0.36899,1.24568,-1.88413,-2.12381,0.58912,-1.56302,-1.20301,1.11399,1.33924,-0.36375,0.96601,-0.65874,-0.67771,-1.70623,0.54151,-0.32461,-0.72805,0.57028,-0.62477,-1.38373,0.84689,1.24171,-0.78336,0.99754,-1.15080,-0.63545,-0.99684,0.84096,0.53499,-0.70912,0.53655,0.38098,1.19489,-0.97792,-0.40698,-0.98307,0.03278,1.13626,-2.52173,2.78136,-0.98790,-1.89418,1.48822,0.79647,0.69242,0.70755,-1.23282,-0.32978,-0.93614,-0.39686,1.09107,-0.97001,2.29942,-0.65769,-0.29325,0.16286,0.75557,2.00279,0.29063,0.18968,1.92615,0.27748,-0.15121,-0.25230,-2.07196,0.86360,-1.09850,-0.78580,-0.43450,-0.23891,-0.97570,0.98108,0.93462,1.61637,0.06607,-1.50079,-0.74695,-1.18959,-0.80077,-0.89639,-0.09713,-0.24871,-0.76482,-0.38936,1.41926,0.83545,1.13498,0.02065,-1.40547,-0.78668,-0.77125,-0.45487,-1.36525,0.18060,-0.81250,-1.57886,-0.81936,1.17773,1.01143,1.18231,0.50020,-1.65125,-1.18278,-0.61985,0.00619,-1.25124,-0.08538,-1.16883,-1.50425,-0.02340,0.48829,1.15046,1.30038,1.62734,-0.97192,-1.65232,-0.76655,-0.95646,-1.78713,1.13330,-0.11565,-1.50255,0.01272,-0.46683,1.63824,2.55485,-0.04321,-0.16300,-1.92824,-0.67241,-0.84018,-1.30089,-0.34300,-1.84635,-0.97683,-1.09455,-0.62642,1.48092,2.75990,0.59704,0.04438,-1.33010,-0.38381,-1.38764,-1.79054,-1.16973,-1.85678,-1.02363,-0.29586,0.53517,1.15652,0.94596,1.77093,-0.21851,-1.12694,-0.70367,-1.23368,-2.00457,-0.56793,-1.36571,-1.12670,-0.18498,1.24199,1.09332,0.97001,2.34399,-1.85212,-2.32770,-0.82106,0.05900,-1.72811,1.09682,-1.11625,-2.00203,-0.01494,1.45426,1.13079,0.39114,1.15725,-1.98707,-1.68126,-0.27536,0.22630,-1.40871,0.51387,-0.89028,-1.93833,-0.98901,1.50424,1.01639,0.03317,-0.11979,-1.78099,-1.18182,0.36372,-0.10005,-0.52516,0.15734,-1.47251,-1.35363,-0.62149,1.73927,0.74998,-0.00139,-0.07905,-2.02392,-0.38427,-0.34254,0.37682,-0.56664,-0.15920,-0.72491,-2.24182,-0.20336,1.52798,0.95280,0.08303,0.23503,-2.24345,-0.33001,-0.55407,-0.40712,0.19516,-0.42640,-0.63699,-1.36141,-0.48371,0.88114,0.92607,0.96421,0.28109,-2.29679,-0.52994,-0.79769,-1.10429,1.02564,-1.34659,0.47306,0.69144,-1.52461,-0.58902,0.74036,1.69375,-0.72208,-1.64294,-0.76004,-0.21202,-1.27593,2.18112,0.00075,-0.78169,0.42981,-0.08692,-1.56589,0.57153,1.27309,-2.03599,-1.20498,-0.84276,0.75887,1.13221,2.87420,1.68041,-0.03320,0.71877,-0.72899,-1.71427,0.39178,1.46202,-1.60660,-0.14405,-1.04713,0.19175,0.15115,1.19654,-0.13978,0.64290,-0.09664,0.36717,-1.76084,0.40491,1.31630,-1.12779,0.10537,-1.20550,0.67541,-0.41464,1.06786,0.77676,-0.38741,0.79990,-0.17764,0.70729,-0.55246,-1.84073,1.30464,-0.98803,1.07519,1.27634,-0.62846,0.46401,0.70882,-0.03631,0.30184,1.15221,0.86734,-0.52213,-1.56330,2.25190,-0.99378,0.00479,0.67884,0.53364,0.40811,1.19641,0.69116,-0.30634,0.09109,0.10733,-1.44384,-0.33822,1.81725,-0.52031,1.44674,1.13196,0.57276,-0.85461,1.38655,1.16143,-1.28983,0.32151,-0.26215,-1.30925,-0.71215,0.40131,-0.57527,1.07212,1.38659,1.13477,0.36533,2.54731,0.52624,0.18902,0.86406,-0.61604,-1.21374,-0.95040,0.00176,0.20255,0.81734,0.67835,1.48380,0.82226,1.85323,1.88808,-0.44849,1.45290,-0.84177,-1.18490,-0.70407,-0.41330,0.41049,0.52285,0.88054,1.53491,0.85900,1.25114,1.70715,-0.53262,0.99837,-1.12075,-1.27235,-0.68076,0.59502,1.02997,0.75946,0.93063,1.18009,0.35818,1.47472,1.41111,-0.21542,1.49529,-1.20251,-1.30578,-0.59050,0.93870,1.59801,0.90469,0.45979,0.69526,0.19131,0.61144,0.96992,0.88363,0.89714,-1.24128,-1.18859,-0.51577,1.01930,0.85287,0.91633,0.90972,0.88531,-0.57054,1.26620,1.00086,0.61365,2.80936,-1.50234,-1.49057,-0.72291,-0.47035,1.03643,1.37897,1.10195,1.39886,1.09312,1.50751,2.04456,1.02409,1.85616,-1.26100,-1.13263,-0.45562,-0.00129,0.73074,1.39969,0.92539,2.29519,0.47760,0.84650,1.64579,-0.72734,1.40072,-1.37301,-1.12094,-0.51324,0.61175,0.90909,0.47855,0.99246,1.12097,1.19881,1.66461,0.91297,-0.09580,1.13277,-1.36642,-1.10339,-0.82961,-0.95171,1.03436,1.18978,0.79249,1.17988,0.43786,0.98196,1.38376,0.63881,1.80870
# [1/100] 'pokedex' OK
pokedex,0.32477,-0.15722,-0.82315,0.20747,0.46773,0.32228,-0.15244,-0.12027,-0.33497,0.10919,0.08296,-0.47039,-0.06210,0.16195,-0.13148,-0.89197,-0.36627,0.55436,0.44134,0.43637,0.26886,-0.97559,-0.94407,-1.30811,1.27135,-0.07493,0.07595,-0.46262,-0.53761,0.23161,0.45307,0.55245,0.05439,0.35802,-0.77649,-1.04935,0.24828,1.20858,0.41500,0.06972,-0.77990,-0.74615,0.71238,0.72399,0.26791,0.01544,0.73183,0.21693,-0.28070,0.09285,0.12112,1.02746,0.06997,-0.51675,-0.56852,-0.53500,0.71986,0.76979,0.26669,-0.11647,-0.01283,-0.01335,-0.10677,0.89975,-0.38804,-0.03188,-0.60679,-0.55791,-0.22815,0.71359,0.61598,0.69793,0.18551,-0.74022,-0.67012,0.63204,0.26583,0.03880,0.23285,-0.45776,-0.87407,0.34540,0.59757,0.61534,0.63830,-0.56881,-0.21016,-0.19737,-0.08052,-0.02639,0.76172,0.18055,-0.33903,-1.06660,-0.66702,0.38254,0.71645,-0.21269,0.75652,0.01828,-1.06105,1.23722,0.40304,0.04355,-0.01827,-0.45372,-0.96762,-0.30206,0.94422,0.45862,0.39043,-0.63087,-0.87864,-1.10826,0.36617,0.40044,0.29910,0.22187,-0.28876,-0.70543,0.55704,0.58269,0.33089,-0.07171,-0.39914,-0.76888,-1.52124,-0.49649,0.60349,0.97527,0.10198,-0.75740,-0.57072,1.33950,0.73259,0.42099,0.67512,-0.72642,-0.69521,-1.40873,0.07095,1.57997,0.76542,0.23557,-0.31930,-0.81500,0.30274,0.47312,0.86617,0.40520,-0.27241,-1.13418,-0.78099,-0.34303,0.56622,0.34879,0.05356,-0.53657,-0.35491,0.17262,0.67826,0.26797,0.30309,-0.22567,-0.85951,-0.87538,-0.31822,0.68255,0.75817,0.07712,-0.55449,-0.89202,-0.32512,0.89064,1.23724,0.21400,0.71308,-0.21087,-1.60827,-0.64280,1.00978,-0.20961,0.01631,-0.54681,-0.68455,-0.28584,0.12568,0.64901,0.16207,-0.84160,0.39495,0.73390,0.39379,1.24741,0.15880,0.06743,-0.55121,-0.76622,-1.03533,0.67285,1.07098,0.25014,0.21719,0.30063,-0.38861,-0.26764,0.10085,-0.19388,0.60617,-0.38206,-0.82931,1.06840,0.14360,-0.60508,0.01635,0.03654,-0.58272,-0.76402,-0.05616,0.04753,0.22418,2.07923,-0.14592,-1.22727,2.66762,-0.41542,-1.99571,-0.99433,0.25341,-0.51241,-1.15320,-0.81703,-0.55879,-0.83677,1.75357,1.81256,-1.40631,-2.08132,-0.02283,-0.46997,-2.21951,-1.11838,0.21634,-1.90840,-0.69977,-1.71048,-1.24886,1.31539,2.19578,-1.27912,-2.41392,-0.15950,-0.31724,-2.32848,-1.96078,1.36127,-1.21495,-0.47038,-1.90231,-1.84742,1.02896,2.08330,-0.58011,-1.82773,0.04769,-0.98253,-2.52603,-2.06345,1.95622,-0.97833,-0.50559,-1.71075,-1.98047,0.11335,1.77629,0.27145,-1.79870,0.93432,-1.26598,-1.89593,-2.25011,1.27331,1.00836,-1.08494,-0.44715,-0.58601,-0.48204,1.06357,0.94992,-1.07068,0.30148,-1.49416,-0.96830,-0.66780,2.34590,1.70970,-1.64120,-0.66542,-1.01366,-0.59908,0.52059,0.63327,-0.10386,-0.04473,-1.69377,-0.67772,-1.58232,2.23898,2.40068,-1.47978,0.17917,-0.57587,0.32133,-0.62845,-0.44940,-0.43407,-0.70128,0.32315,-0.97309,1.02936,-0.61485,1.05602,1.35354,-0.29041,2.10091,1.14474,-1.02472,-0.47397,-0.41921,-0.76009,0.68622,-1.02770,1.06095,-0.90795,0.49337,0.38157,0.41682,1.33571,0.11877,-0.92451,0.99907,1.06571,0.10647,0.68132,-0.62818,1.49935,-0.00231,0.95576,-0.25955,-1.06137,-0.42028,1.01648,0.97299,1.61371,0.07096,-1.23572,-0.67462,-1.29998,-0.67328,-1.34613,-0.26763,-0.92734,-0.67106,-0.91230,1.44134,0.97973,1.03580,0.90262,-1.84413,-1.12471,-0.48995,-0.74649,-1.14824,-0.77699,-1.10861,-1.43744,-1.31444,1.53367,0.93790,0.76885,0.88175,-2.04781,-0.92368,-0.91347,-0.14098,-1.18035,-0.13311,-1.57634,-1.65680,-0.03676,1.07486,1.36401,0.75101,1.18453,-1.42738,-1.89172,-0.78271,-0.82944,-1.70380,-0.07708,-0.38561,-1.28372,0.23599,0.02536,1.40318,1.79333,-0.19874,-0.27007,-1.26891,0.39997,-0.87414,-1.90459,-0.29460,-1.14523,-1.02095,-0.70923,-0.24564,1.64850,2.04043,-0.12726,-0.25531,-1.33490,-0.55219,-1.45717,-1.14682,0.19098,-1.36328,-0.97260,-0.28880,-0.24494,1.47595,2.05838,-0.18977,0.23013,-1.33258,-0.26913,-1.69440,-1.35754,-0.70573,-1.32840,-0.19826,-1.81755,1.01325,1.14310,-0.06201,-0.13450,-0.75094,-0.60671,-0.83665,-1.05347,-0.74855,-0.98868,-0.81671,0.28118,-0.32793,1.19637,1.05739,1.34552,1.34877,-2.21022,-1.60217,-1.04225,-0.20218,-0.86564,0.99391,-0.86369,-2.08337,-0.60332,1.49834,1.01041,0.40035,0.26595,-1.97030,-1.47757,-0.82834,0.77476,-1.51169,0.80780,-0.93128,-0.89202,-1.41160,1.52517,1.08257,-0.05294,-0.05662,-2.00115,-1.15482,-0.47191,-0.08330,-0.54023,0.37010,-1.30389,-1.02713,-0.33525,1.25570,1.25705,0.16628,-0.89243,-1.88548,-0.65969,-0.79638,-0.92032,0.43181,-0.34573,-0.66460,-0.40785,-0.29235,0.86800,1.06143,0.95094,-0.24977,-1.95355,-0.22386,-1.18869,-1.57324,0.95131,-1.21354,0.35595,0.48710,-1.03656,-0.23981,0.54170,1.62364,0.31145,-1.52964,-0.03720,-0.02335,-0.84743,1.66344,0.29214,-0.12967,-0.80688,-1.90194,-0.85870,0.57602,1.58414,-0.97780,-0.69584,-0.86601,-0.08043,0.38836,1.00786,0.04673,1.27785,0.83259,-1.33821,-1.07956,0.53207,1.10535,-2.19379,-0.79844,-0.83200,0.39877,-0.62639,2.02260,1.71878,0.86976,1.53137,-0.43023,-1.24406,0.55640,1.89642,-1.23323,-0.27329,-1.28064,-0.59990,-0.23919,1.37247,0.81516,0.25836,0.97874,-1.26908,0.46347,-0.42655,-2.04142,2.12884,-0.52296,-0.55071,0.85165,0.01693,1.30618,1.08079,-0.33455,-0.22788,0.60685,0.57496,-0.55196,-2.18031,1.60821,-0.58778,0.15439,1.62411,0.58168,1.09246,1.54033,-0.23736,-0.26371,-0.09462,0.04768,-1.28643,-1.07847,2.14069,-0.59246,1.47650,1.12403,0.63253,-0.15356,0.35665,0.11367,-0.76705,0.90263,-0.39360,-1.07865,-1.07120,0.02495,0.16013,0.53813,1.45312,1.23720,0.58401,1.95143,1.15126,0.48292,0.32678,-0.61090,-1.02291,-0.59975,0.57795,0.23709,0.80149,1.14506,0.42639,-0.09869,1.15192,0.75991,-0.08489,0.76913,-0.88412,-1.17461,-0.41722,-0.28023,0.33876,1.48521,1.37688,1.54154,0.37638,1.96901,1.41478,-0.71951,-0.02410,-1.13443,-1.39958,0.05538,1.17279,0.64368,0.91427,1.02144,1.12063,-0.41463,0.71876,1.89962,-0.98544,2.08070,-1.46338,-1.35596,0.31395,0.42328,0.81312,0.81735,0.59354,1.61064,0.53441,1.77261,2.83653,1.65701,1.55684,-1.40679,-1.29155,0.09427,0.38026,1.32889,1.70588,0.51012,0.92100,0.19772,0.20377,1.04517,0.05667,1.62704,-1.41175,-1.04861,0.40236,-0.17167,1.22044,0.97926,1.62241,1.21820,-0.47933,-0.61807,0.93610,1.70897,1.76632,-1.44641,-1.30483,0.15114,0.34670,1.00695,1.76593,0.85605,1.44052,0.17131,-0.23940,2.02456,-0.32831,0.90066,-1.50563,-0.93020,0.08075,-0.62239,0.97799,0.85357,1.33333,1.60546,0.16957,0.42882,2.19990,-0.23446,0.59055,-1.66991,-0.76280,0.57066,-0.57526,1.51503,1.47922,0.60012,1.43963,0.19198,-0.34340,0.11906,1.00098,1.29536,-1.82520,-0.68789,0.76189,-0.29090,1.41818,-0.03318,1.51667,1.04579,0.84854,-0.77092,-0.73795,1.17901,1.58506,-1.74288,-0.78693,0.21047,-0.28898,1.28292,1.03728,1.25959,0.97295,0.82076,0.05629,1.30982,1.58285,-0.42919,-1.66693,-0.70247,0.55525,0.09717,1.24320,1.02719,1.37285,1.10202,0.39803,0.02606,0.20448,-0.09951,-0.56455,-1.69988,-0.67512,0.38732,-0.15972,1.29348,0.37034,1.26620,0.31907,0.35397,-0.25773,0.79637,2.22904,1.07915
# [2/100] 'pokedex' OK
pokedex,0.04167,-0.34124,-0.24778,-0.20933,0.66168,0.43222,0.22089,-0.34834,0.49762,-0.43304,-0.13113,-0.42540,-0.85657,0.01608,-0.42302,-0.19926,0.32214,0.59244,0.10686,-0.61343,1.05700,-0.21906,-0.91399,-0.25246,-0.28482,-0.20547,-0.06847,-0.51020,-0.38222,-0.41480,0.75366,0.31310,0.05664,0.66268,-0.96600,-0.67415,0.32169,0.30922,0.18561,-0.05941,-0.39058,-0.61131,-0.29837,0.65557,0.01452,-0.14631,0.82570,-0.22750,-0.07648,0.40748,0.27966,0.72432,-0.08522,-0.55064,-0.68274,-0.58600,0.45273,0.32075,0.07412,0.95199,-0.55189,-0.95647,-0.00796,-0.14156,-0.26680,-0.01617,-0.55977,-0.56874,-0.35949,0.25861,1.13371,0.79529,-0.70960,-0.05874,-0.78806,1.21725,1.23265,-0.20444,0.07856,-0.43336,-0.61050,-0.07267,0.57079,0.73163,0.32685,0.36286,-1.12818,-1.83405,0.58478,0.72853,0.26296,-0.00646,-0.43082,-0.41066,-0.29700,0.58396,0.90093,0.12854,-1.02554,-0.33220,-1.18765,0.33312,1.76737,-0.04179,0.06102,-0.70331,-0.89818,-0.72448,0.53428,0.90129,0.30951,0.31969,-0.25827,-0.73092,0.27266,1.25196,0.79812,0.06477,-0.62070,-0.94784,0.33961,0.20762,0.48243,0.11977,0.07766,0.12644,-0.59690,0.25516,1.08169,0.68005,0.01763,-0.61435,-0.73915,-0.53008,-0.13978,0.65010,0.44145,0.42292,-0.58531,-0.06038,2.40006,0.49186,1.35094,0.18193,-0.71218,-0.90447,-1.04210,0.13377,0.91662,0.44135,1.07544,-0.46095,-0.86773,0.98760,0.29465,0.32673,0.16779,-0.51229,-1.27915,0.03591,0.51442,1.23356,0.26335,-0.02490,0.98220,-1.01550,0.14038,0.58791,0.10085,0.26649,-0.65953,-1.17921,1.33901,0.58921,0.69435,0.26212,0.20536,0.01683,-0.99331,0.39239,0.41695,-0.64245,2.27677,-0.40918,-1.84306,0.35719,-0.22236,0.56779,-1.06096,-0.53844,-0.20544,-1.56589,-0.53935,0.77943,-1.58779,1.47724,1.77228,-0.88523,-1.48726,0.34648,-0.66929,-1.61871,-1.30548,0.16064,-1.45782,-1.30739,-1.49317,-1.05984,1.43329,1.98493,-0.68288,-2.20568,0.49372,-0.65150,-2.29177,-1.84855,1.48253,-1.67502,-0.89275,-2.66848,-1.09158,0.86554,2.19721,-0.17068,-1.99504,1.00190,-1.62092,-2.65532,-1.98137,1.80141,-0.71672,-1.56591,-0.11955,-1.92239,-0.24889,1.74587,0.46123,-0.87517,1.81277,-1.35507,-1.87877,-1.51295,1.21452,-0.97736,-0.23491,0.82898,-0.59919,-0.87764,1.08352,1.21633,-0.71574,0.84123,-1.71413,-1.04849,-0.14555,2.13794,0.81611,-0.68157,0.37805,-0.51462,-1.07071,0.63053,0.67323,-1.88101,0.59822,-0.80206,-0.93375,0.32407,1.59519,0.98100,0.77869,1.05806,0.09508,0.85502,-1.22110,-1.22705,0.02016,-0.51913,1.44697,-1.12056,0.11481,-1.67544,2.00364,1.72584,-0.93967,2.43232,1.67514,-1.36374,-1.13082,-0.48552,-0.44480,1.20880,-1.01795,1.30971,-1.50165,1.06502,0.35939,-0.57699,1.41319,1.06022,-0.16017,1.21000,0.25219,-0.49369,0.81131,-1.52333,-0.25322,-1.42154,-0.11461,-0.58913,-0.95064,-0.76160,1.49320,0.98258,1.26937,1.30979,-2.16042,-0.63296,-1.18997,-1.60274,-0.79569,-0.56631,-1.03464,-0.18398,-0.95448,1.44097,1.04105,0.81378,0.53222,-1.84685,-1.05171,-0.94813,-1.22321,-0.51759,0.38724,-0.96083,-1.87708,-0.65554,1.21242,1.25806,0.68077,0.35613,-1.78260,-1.05022,-1.27613,-0.81424,-1.07691,1.68992,-0.86437,-1.53543,-0.05247,0.65076,1.35119,1.11579,0.96127,-1.34081,-1.53324,-0.78055,-1.12840,-1.67018,1.33085,0.21369,-1.32485,0.87654,-0.38346,1.38365,2.40219,0.98972,-0.56265,-1.74109,-0.45962,-0.94808,-1.39113,0.06624,-1.23542,-1.16595,0.36014,-0.63842,1.50219,2.44374,0.62713,0.06354,-1.58609,0.02262,-0.83865,-1.42367,-1.27318,-0.32385,-1.62355,-1.44298,-0.60913,1.47466,2.45207,0.72077,0.19514,-1.63612,0.15155,-0.91041,-1.83863,-0.53035,-1.78928,-1.09616,-1.59339,0.57220,0.77757,0.34435,3.91524,0.15046,-2.40636,-0.55678,-0.36587,-0.92465,-0.01705,-3.03007,-0.11883,-1.00869,0.84630,1.33130,0.86085,0.00836,-1.19888,-1.70014,-1.15814,-0.32201,-0.99711,0.99681,-1.23181,-0.44403,0.02839,1.54448,1.18869,0.23445,-0.06536,-1.70876,-1.46927,-0.82093,-0.87436,-1.18191,1.80384,-1.25881,-1.28845,-0.39639,1.72669,0.87923,-0.35906,-0.16186,-1.90374,-1.18737,-0.31429,-0.41369,-0.55256,1.41877,-1.71878,-1.37441,-0.38458,1.56859,0.90996,-0.26032,-0.47029,-1.99085,-0.71055,-0.33462,-0.23826,0.22506,0.35080,-1.94950,-0.78389,-0.70399,1.46889,0.93551,-0.04506,-0.95215,-1.85343,-0.40206,-0.44325,-0.59223,0.01905,-0.58499,-0.74854,-1.13844,-0.99337,1.12152,0.92659,0.37132,0.52059,-1.96592,-0.24240,-0.40147,-2.14553,0.21519,-1.30914,-0.17283,-0.44255,-0.84820,-0.18236,0.90698,1.50743,-0.21934,-1.85274,-0.36573,-0.04812,-0.96865,1.43230,-0.54775,-0.21448,-0.44521,-1.74320,-0.90736,0.61058,1.37973,-1.41322,-1.01444,-1.01833,-0.23837,-0.09503,2.22033,1.15898,0.13243,-0.04103,-1.12594,-1.23872,0.39059,1.31830,-1.10707,-0.24695,-0.66492,0.59760,-1.37526,-0.31234,-0.00783,0.46719,1.06552,-0.64385,-1.38103,0.26553,0.89086,-1.25442,0.34355,-0.45313,0.36166,0.33777,1.40121,-0.40330,1.03484,-0.26427,-0.43153,0.13533,-0.91151,-1.91440,1.37152,-0.35498,0.45539,1.45012,-0.34115,0.95108,1.87047,0.41992,0.45863,1.24188,0.39004,-0.90339,-1.80536,1.55256,-0.97091,0.79126,1.34603,0.23336,1.20907,1.78166,-0.04234,-0.37657,0.09477,0.08199,-1.53287,-1.26187,2.25403,-0.55658,1.23000,1.66606,0.62305,0.72510,1.44818,1.35660,0.13028,0.74123,-0.22162,-1.25860,-0.97830,0.16489,-0.13473,1.15023,0.93444,2.04432,1.14751,0.74408,1.11944,0.26693,1.68474,-0.54707,-1.07979,-0.93265,-0.47491,0.30860,0.89978,1.54345,1.23397,0.29878,0.45261,0.92183,0.46069,0.68169,-0.66874,-1.25801,-0.15372,0.85609,0.88567,-0.01916,0.64077,1.76374,0.44147,0.60756,-0.05195,-0.48206,2.10805,-0.96473,-0.89909,-0.10953,0.18846,0.94488,0.60885,0.74611,0.79629,1.03164,0.90086,-0.11121,0.17345,1.53109,-0.99085,-0.98490,-0.27746,0.00353,0.61409,1.00963,1.06094,0.60182,0.17472,0.91606,0.77275,-0.40967,0.65607,-0.99219,-0.83480,0.10461,0.11941,0.61595,0.05633,0.27953,1.44965,0.30272,0.35872,1.29960,1.00247,2.19028,-0.92371,-0.87485,-0.57232,-0.22700,0.52264,0.93326,0.33510,0.69840,0.94010,1.62834,1.02323,-0.36675,0.37580,-1.04354,-0.99635,-0.12845,0.16347,1.16994,0.91690,0.95498,0.89669,0.17178,0.34859,1.08024,0.79945,-0.83167,-1.05385,-1.02223,-0.08138,1.02839,0.95625,0.70615,0.77409,0.87902,0.33049,0.38785,0.68153,1.86077,1.04592,-1.12695,-0.74220,0.03702,-0.51726,0.70128,0.38966,1.10269,2.16835,-0.25845,-1.17054,0.91283,2.08212,1.00307,-1.65117,-0.73980,0.23795,-0.33540,0.91877,1.08098,1.34315,1.74118,1.02492,-0.35302,0.23212,0.35936,-1.04445,-1.53604,-0.73691,0.55354,-0.37595,1.22190,1.11689,1.67662,0.16750,-0.47286,-0.28529,-0.08992,0.22676,-0.30827,-1.30911,-0.58656,0.47728,0.78600,0.88077,0.61850,1.53114,0.54362,-1.12232,-0.65090,-0.51938,1.76058,0.59721,-1.41636,-0.56546,0.63061,0.82435,1.06146,0.79626,0.99454,0.66304,-0.71597,0.08447,0.10934,0.55885,0.37882,-1.34877,-0.59718,0.21896,-0.11550,1.22900,0.54196,0.96296,0.59328,0.72007,-0.19068,1.71576,1.82602,-0.06403,-1.22437,-0.38959,0.57506,-0.05068,0.87904,0.51485,0.96364,-0.25319,-0.15376,-0.07230,-0.11931,-0.13539,1.01565
# [3/100] 'pokedex' OK
pokedex,0.15817,-0.53964,-0.07586,-0.16835,0.44488,0.62254,-0.19678,-0.63585,-0.18777,0.16367,-0.00986,0.35635,0.55068,-0.05407,-0.52378,-0.38521,0.52429,0.84451,0.77206,0.07210,-0.48322,0.02124,-0.05052,-0.02617,-0.01555,0.01495,0.01635,-0.67583,-0.45157,-0.76992,0.42987,0.94887,1.02934,1.05103,0.07721,-1.18506,-1.69352,0.40970,0.04015,-0.00528,-0.65389,-0.49291,-0.06635,0.21634,0.62140,0.25849,0.95068,-0.27670,-0.93997,-0.06149,1.19101,0.38151,0.13573,-0.43734,-0.61550,0.41501,0.36065,0.88249,-0.08089,-1.15187,-0.24859,-0.29346,-0.21136,0.32946,-0.26418,-0.13932,-0.59825,-0.39415,-0.38383,0.22992,0.42615,0.14752,0.22662,0.97977,-0.84602,-0.02018,1.68395,0.49483,-0.07690,-0.88373,-1.11374,-0.20990,0.60425,0.98167,0.78916,1.60765,0.42770,-0.05791,-0.21348,0.74165,-0.08312,-0.11280,-0.53360,-0.70016,-0.19814,0.83835,0.89218,0.73971,0.90494,0.06123,-0.60761,-0.25341,-0.25456,-0.80227,-0.28596,-0.98690,-0.08341,0.69522,0.93157,0.61703,0.30797,0.01756,-0.22059,-0.52288,0.12381,0.16242,1.48299,-0.12477,-0.47048,-0.58462,0.00218,0.84749,0.75639,0.02405,-0.64201,-0.12897,-0.40716,-0.23134,1.32723,-0.26198,-0.01430,-0.54769,-0.68695,-0.45109,0.68580,1.18461,0.54682,0.46876,-0.44794,-1.23853,-0.73795,0.39605,0.50965,0.15799,-0.43378,-0.39553,-0.20480,0.07043,0.70203,-0.03493,-0.00417,0.65024,-0.44792,0.16449,0.79627,-0.23562,-0.09360,-0.48788,-0.36638,0.49052,0.58214,0.79738,-0.12363,-0.52190,-1.42793,-1.00104,0.37200,0.78425,0.16579,0.19674,-0.67595,-0.60681,0.41047,0.85074,0.52841,0.02862,-0.21688,-0.83181,-1.06597,-0.27033,0.29416,-0.38209,2.33629,-0.41110,-1.65378,1.06295,-0.49928,-0.24189,-1.02107,0.47879,-0.01752,0.00162,-0.15829,0.21154,-2.05202,1.97045,1.61135,-1.09862,-1.19774,-0.08908,-1.25547,-2.15028,-1.45915,1.48571,-1.51235,-1.71147,0.14041,-1.93680,1.69715,1.78181,-1.32528,-1.57487,0.15423,-1.51682,-1.91139,-1.38647,2.68250,-2.34283,-1.68325,-0.33680,-1.45821,1.24810,2.04683,-1.00595,-1.23766,0.13497,-1.66181,-2.06471,-0.40609,1.92199,-2.71394,-1.23762,0.10856,-0.85911,0.35033,2.05465,0.27883,-0.87780,0.40108,-1.58506,-1.83667,-2.05566,1.45663,-1.86744,-1.75542,1.42659,-0.46271,-0.48754,1.42775,1.16337,-1.05374,0.79542,-1.62321,-1.32265,0.08367,2.48236,-0.19282,-2.49118,0.36954,-0.74858,-1.00666,1.13422,1.13789,-1.59369,0.95892,-1.68558,-1.23037,-0.06153,1.91396,0.33892,-0.17146,0.81774,-0.76503,-0.80682,0.32446,1.28382,-1.84460,0.65114,-0.75142,-0.54459,-0.10082,0.37144,0.88743,0.14233,1.02502,-0.85397,1.42585,-1.79099,-1.12065,1.71694,-0.92470,1.03302,-1.26996,1.18831,-0.08246,0.45182,1.02302,-0.13626,1.23137,0.97149,-1.30102,-0.02797,-0.67583,-0.40736,0.82130,-0.91822,1.31423,-0.81523,-0.04013,0.13348,0.69909,0.82618,0.30662,-0.86978,1.57450,0.69625,0.00529,1.03299,-0.86003,-0.26312,-0.77240,0.79386,-0.47987,-0.05441,-0.56892,0.89956,0.91346,2.01283,0.28591,-1.31572,-1.01238,-1.43609,-0.55757,-1.26174,0.14068,-1.41205,-0.70650,-0.89158,0.93908,1.19397,1.87028,1.09194,-1.57265,-1.76962,-0.87382,-0.40397,-1.29114,-1.05469,-0.49549,-1.02868,-1.42033,0.98015,1.26548,1.42979,1.66972,-1.85329,-1.79457,-0.84933,-1.08790,-1.54963,0.69077,-0.81452,-1.44493,-1.15531,0.36536,1.32455,1.64165,1.43841,-0.73481,-1.57412,-1.26657,-2.51414,-1.86838,1.01102,1.27895,-2.33832,0.26116,-0.26986,1.35860,1.89055,-0.81454,0.08163,-0.59549,-0.60204,-2.52610,-0.83524,-0.53271,-0.64976,-0.69798,-0.13667,-0.45709,1.35049,1.73826,-0.18024,0.07638,-0.78530,-0.94187,-0.83428,-0.67170,-1.89760,0.11882,-0.73276,-1.60568,-0.17382,1.19139,1.25097,0.46185,0.08111,-0.88517,-0.60509,-1.73130,-1.22021,-0.86014,-0.00288,-0.55713,-1.37812,1.13716,1.19616,0.28164,1.09841,-1.85496,-1.45677,-0.72686,-0.30408,-1.33080,0.96475,-0.24488,-2.48128,0.95961,1.69284,1.06885,0.00395,1.44967,-2.32842,-1.47617,-0.48750,-0.98946,-1.68490,1.82917,-0.23914,-2.78224,-0.20843,1.67845,1.04658,-0.28336,-0.01077,-2.13418,-1.16072,-0.40164,0.08430,-1.22673,1.07180,-0.91690,-2.17748,0.63561,1.67014,1.09444,-0.48110,-0.50670,-1.85190,-1.28833,-0.05786,-0.42584,-0.98098,0.70315,-0.97551,-2.01049,1.17867,1.60803,0.97281,-0.23220,-0.83504,-2.06971,-0.64482,-0.27882,-0.37426,-0.56584,0.36407,-0.79985,-1.67653,0.31669,1.25286,0.97064,0.43300,-0.44352,-2.16243,-0.46593,-1.06645,-1.16515,0.44076,0.18668,-0.31778,-0.91006,-0.99633,-0.11123,0.70582,1.36874,0.92888,-1.42861,-0.26156,-0.65142,-1.05694,0.88601,-0.63157,-0.37770,-0.63374,-1.43169,-0.71875,0.61113,0.85700,-1.32785,-0.85878,-0.47799,0.55186,-0.07354,0.88265,1.09157,-0.69483,0.36354,0.32310,-0.98864,0.54370,1.14782,-2.28481,-0.34523,-0.65524,-0.13491,-0.37695,0.99343,0.62068,0.58210,0.06734,-0.77887,-1.37155,0.51985,1.34114,-1.02312,0.26234,-0.67623,0.13765,0.05086,0.03315,0.35159,0.64992,0.45060,-1.43541,-1.06678,0.01801,0.14378,-0.52493,0.69626,-0.30051,0.74643,0.46083,1.35820,0.87751,0.50098,0.24551,-0.47052,0.90849,-1.11988,-2.66171,2.37147,-0.68078,0.87728,1.18612,0.57596,0.45653,0.85354,0.77343,0.08344,0.45524,0.50870,-0.86906,-1.22693,2.57238,-0.86265,-0.34191,1.08596,0.17020,0.53198,1.27530,1.85551,-0.21885,-0.27200,-0.00647,-1.16380,-0.97427,1.42134,-0.36852,0.85231,1.45472,-0.42121,0.21282,1.20183,0.86216,0.20058,2.08920,-0.28460,-0.98575,-1.23061,0.47328,-0.27346,0.79385,1.34483,1.70635,0.76873,1.60101,1.26883,0.59083,0.90446,-0.63418,-1.06276,-1.18621,-0.68911,0.24432,0.71595,1.36165,1.69444,0.83098,1.53906,1.29853,0.34012,2.30549,-0.87832,-0.93347,-1.03210,-0.24968,0.46080,0.87048,1.13725,0.11617,0.19437,1.52812,1.13023,-0.47706,0.19362,-0.74404,-0.94320,-0.65885,0.73202,0.84735,0.71260,1.42128,1.09810,-1.04391,0.84811,1.23450,-0.21090,-0.11024,-0.96009,-0.91635,-0.45400,0.05255,1.15305,0.63872,0.87975,0.97936,-0.93208,0.15797,2.23106,-0.48837,1.31861,-0.89901,-0.73485,-0.24416,0.05880,0.43040,0.64045,0.91612,1.15669,-0.24974,0.17743,1.62273,1.22762,1.59769,-1.16498,-0.90218,-0.34748,-0.70166,0.34756,0.70256,1.37266,1.26281,0.58085,1.06489,2.19287,1.23029,1.16618,-1.20854,-0.93675,-0.08155,-0.31441,1.14475,0.99376,1.25899,1.18752,0.35731,0.53944,0.17174,-0.26791,-0.13789,-1.24291,-0.68471,0.36229,-0.58117,0.96807,0.76487,0.73255,0.99218,-0.40650,1.06986,1.47983,0.87411,0.59339,-1.24144,-0.86435,-0.00203,0.14805,0.65788,1.51192,0.82061,0.32186,-0.17405,0.24112,1.66527,0.18573,1.45189,-1.29778,-0.74258,-0.14874,0.92688,1.47006,1.24765,0.98929,1.07675,0.02824,-1.11900,-0.00354,0.72518,1.64612,-1.55771,-0.50439,0.52409,-0.16031,0.93686,1.04528,1.03434,1.43763,0.21309,-0.73981,-0.57696,-0.32109,-0.65698,-1.44654,-0.64675,0.24069,-0.37111,1.00970,0.45102,1.22906,0.63282,0.70800,-0.54835,-1.10118,0.08755,0.18209,-1.40130,-0.65173,0.04513,1.16813,1.11557,0.44758,1.18939,0.00026,-0.35478,0.09516,-0.08214,1.77209,1.25131,-1.27835,-0.24279,0.40833,-0.83629,1.59445,1.05730,1.15215,0.93410,-0.90280,-0.01619,0.24618,1.24437,0.29243
# [4/100] 'pokedex' OK
pokedex,0.18058,-0.33487,-0.50804,0.25458,0.37232,0.56817,0.17557,-0.37723,-0.59915,0.30767,0.38913,0.28013,-0.37458,-0.10295,-0.44119,-0.47847,-0.51209,0.63370,0.59122,0.15221,0.25982,-0.26581,-0.33462,0.23707,0.01512,-0.60700,-0.07886,-0.66678,-0.67196,-0.64704,0.43834,0.46688,0.71258,0.24291,0.58852,0.23185,0.77912,1.29130,0.22839,-0.03685,-0.62389,-0.92792,-0.37220,0.15902,0.41762,0.90094,0.86162,0.11065,-0.82374,-0.06661,0.73549,0.94784,-0.06750,-0.72514,-1.56338,-0.45061,0.47814,1.05241,0.96897,0.12654,0.36569,0.36472,0.84622,1.72439,0.22762,-0.11944,-0.51660,-0.72007,-0.14339,0.62414,0.49372,0.99596,-0.23735,-0.03365,-0.80288,0.21506,0.73988,-0.92229,-0.09131,-0.44348,-0.47669,-0.15662,0.54608,0.15845,0.99096,-0.85670,-1.05593,-0.14260,0.78170,0.38192,-1.65937,-0.14393,-0.42015,-0.60213,-0.26001,0.30221,0.58986,0.77541,0.33884,-0.57867,-0.84358,-0.19868,1.68604,0.82013,-0.14175,-0.46741,-0.94545,0.52430,0.77378,1.15804,0.94428,0.40771,-0.06635,-1.64660,-1.05093,-0.36744,-0.23267,-0.23814,-0.61360,-0.85325,0.09489,0.60452,0.70452,0.53886,0.39916,-0.00785,-1.28659,0.49541,1.42040,0.79014,0.02887,-0.55541,-0.85394,-0.21337,0.54171,0.56489,0.15658,-0.74514,0.74449,0.59570,-0.27087,-0.38438,0.57362,0.08289,-0.49260,-0.44123,-0.43320,0.11427,0.08486,0.12644,-0.68508,-0.21779,0.23813,0.87169,0.52920,1.52519,2.34009,-0.52513,-1.94511,0.81830,0.25457,-0.55977,-0.76483,0.52089,0.15753,-0.88081,-1.28597,-1.83005,0.49862,2.15666,1.60345,-1.84773,-0.90667,0.29474,-1.08942,-2.03655,-0.53646,-0.40023,-1.00700,-1.42346,-1.57339,-1.80933,1.49907,2.23286,-1.49752,-3.05840,0.20471,-0.88721,-2.42511,-0.90309,1.11781,-0.75482,-0.75577,-1.51210,-1.52517,0.91031,2.37269,-0.58711,-2.40910,0.44897,-1.51135,-2.39133,-1.37436,1.82783,-1.54384,-1.50042,-0.24115,-0.61276,0.00566,1.62873,1.17879,-2.17149,0.63770,-1.27899,-1.60042,-1.00411,1.06561,0.19805,-0.97103,-0.63967,-0.26067,-0.38444,0.80059,0.83539,-0.78469,0.15895,-1.06303,-1.05697,-0.49817,1.70917,2.25175,-0.09475,-0.68571,0.23033,-0.66983,-0.12649,0.66114,-0.19568,0.33049,-1.33349,-1.50560,0.37066,2.00179,1.90860,1.09590,0.59817,0.08042,-0.73042,-0.07011,1.07720,-0.60840,0.42421,-0.79744,-0.67215,-0.72112,0.92808,0.49305,0.68069,0.50603,0.96352,1.19387,-1.34490,-1.39707,0.53134,-0.67740,0.77014,-0.45428,1.15875,-1.50467,0.18485,-0.22755,1.79138,-0.45857,1.27934,-0.85358,-0.48146,-1.70602,-0.53295,0.14794,-0.91623,1.24387,-0.57504,0.78476,-0.37279,1.55124,-0.46442,0.96140,0.18669,2.50975,0.28628,-0.72539,-1.04202,-1.35906,-0.55088,-1.44240,0.98780,-2.00209,0.33308,-1.71834,1.25509,1.14299,2.07199,0.86738,-1.99161,-1.40804,-0.90378,-1.81225,-0.93852,0.59478,-1.65186,0.08767,-1.53485,1.16452,1.36180,1.27634,0.42147,-1.58757,-1.45826,-1.25147,0.05807,-1.05985,0.36026,-1.72860,-1.06337,-0.97833,1.07664,1.22569,1.25740,1.07298,-1.17782,-1.67537,-1.44511,-1.03967,-1.38652,0.53863,-0.58854,-0.73456,-0.84059,0.36071,1.18101,1.32934,0.42800,-0.26534,-0.58823,-0.54307,-1.56475,-1.35536,-0.98225,-0.55091,0.08653,-0.53413,0.14861,1.59887,1.31548,-0.95864,0.30138,-0.66944,-0.74473,-2.14378,-1.56633,-1.09043,-0.62114,0.87968,-1.67316,0.10349,1.42356,1.75128,-0.38939,-0.11061,-0.71609,-0.95126,-1.06671,-1.87578,-2.08731,-0.14418,-0.16443,-1.43926,0.56321,1.17752,0.90582,0.26903,-0.33427,-1.01333,-0.71090,-1.20797,-1.81971,-0.85772,0.36025,-0.91122,-1.23207,1.33447,1.34933,0.23770,0.74468,-1.70582,-1.86906,-0.63670,-0.16631,-1.68790,1.28297,-0.59182,-1.73105,-0.03126,1.54550,1.30701,-0.19051,-0.01776,-1.83827,-1.48333,-0.32665,-0.31011,-1.58673,1.87212,-0.91788,-2.10729,0.20762,1.55321,1.14431,-0.13379,-0.25147,-1.93181,-1.43606,0.23623,-0.25982,-0.68588,0.69287,-1.38067,-1.83562,0.82525,1.64024,0.92361,-0.17961,0.15342,-2.31329,-0.68922,-0.24014,-0.42077,-0.42480,0.01648,-1.40345,-1.43008,0.89933,1.56096,0.78811,0.07084,0.38751,-2.39162,-0.50541,-0.27811,-1.03751,0.45820,-1.34611,-0.33710,-1.05937,0.27151,0.69321,0.89013,1.42726,0.91718,-2.54790,-0.71212,-0.25559,-1.87707,1.45929,-1.80370,0.24447,0.19687,-0.94622,-0.47934,0.84795,0.87534,-0.64557,-0.57648,-1.06348,-0.66703,-1.19542,1.76992,0.39653,1.00065,0.06235,-0.31881,-0.72491,0.62318,0.71446,-0.46060,0.08480,-1.23409,-0.57049,-0.71962,1.88766,1.07192,-0.35710,0.18125,-0.97222,-1.01346,0.34845,0.47038,-0.69422,-0.08916,-0.81897,0.00672,0.25888,1.76555,0.59250,0.28714,-0.43206,-0.80762,-1.35739,0.37424,1.34846,-0.32302,0.89789,-0.44168,-1.01720,-0.78943,0.91055,1.22035,-0.27094,-0.48583,-1.10169,-0.39000,-0.80787,-1.09553,2.67852,-0.28924,-0.07744,0.95619,-0.06391,0.34904,-0.31778,2.35417,1.02021,0.36307,0.64714,-0.89277,-2.30720,2.06723,-0.95513,0.59072,1.34298,1.09084,-0.35827,-1.50614,1.34968,1.24993,-0.54637,-0.09109,-1.58674,-1.02691,2.74550,-1.38932,0.82583,1.13321,1.28057,0.58050,0.71922,2.80582,-0.05165,1.16785,0.01008,-1.36905,-0.97685,2.07120,-0.67710,1.29489,0.65003,0.85314,0.29825,0.69739,1.62074,-0.01279,1.44022,-0.54528,-1.42143,-0.40630,0.15347,-0.15853,1.22325,1.12235,1.02850,-0.92519,2.04348,1.11442,-0.01067,2.33839,-0.94074,-1.46623,-0.49730,0.25687,0.42715,1.04405,1.44329,3.04514,0.71938,0.45359,1.42017,-0.61881,0.96769,-0.98427,-1.19267,-0.28832,0.21946,1.17616,1.63626,0.83981,1.55704,-0.45345,0.85690,0.95151,-0.62711,1.46724,-1.05207,-1.13774,0.31138,0.30860,0.62789,1.78364,0.35687,0.92178,-0.55194,0.40892,0.56726,1.32142,2.45122,0.01315,-0.47542,-0.51769,-0.02411,0.43086,0.89681,0.70001,0.80438,-0.23369,-0.00101,0.15837,-1.17942,-0.08898,-0.30033,-0.44144,-0.09498,-0.09051,0.83145,1.27129,0.31617,0.77231,-0.28398,-0.65434,-0.37726,-1.16527,-0.37381,-0.58158,-0.66338,-0.34786,-0.55202,0.49273,1.38326,0.61240,1.52573,0.78074,1.16502,0.89178,-1.55685,-0.61512,-0.84587,-0.86540,0.16312,0.54430,0.78432,0.52349,-0.40538,-0.27509,0.28922,1.09753,0.42911,-0.22655,0.71153,-0.69153,-0.78820,0.46449,0.16995,0.67513,1.26589,0.56461,0.55658,-0.16822,-0.17616,0.51011,-0.46871,1.26121,-1.35934,-1.17384,0.38187,0.50475,0.93231,1.11616,1.16260,1.43878,0.85362,-0.36882,1.45852,0.64051,0.23347,-1.44172,-0.36987,0.31392,-0.03186,1.63024,0.61525,1.10926,0.85750,-0.13131,-1.03183,-1.14484,0.36796,-0.28768,-1.21490,-0.32445,0.47364,0.67600,1.06388,0.11568,0.37988,0.04822,0.58011,0.73009,-0.49385,0.81291,0.10617,-1.34940,-0.46956,0.25626,0.13001,1.37510,0.70846,0.64282,-0.62694,-0.33546,0.22174,0.06141,0.77553,1.03260,-1.58233,-0.48714,0.49694,0.26760,0.92264,0.55877,1.02765,0.67853,0.59066,-0.73626,-0.44047,1.14673,1.44167,-1.51729,-0.33270,0.39394,-1.16392,0.88182,0.58597,1.17894,1.63934,0.04272,-0.85859,0.54352,1.32398,0.42278,-1.54249,-0.49092,0.23600,-0.69377,1.40713,1.43624,1.67538,0.36822,-0.15817,-1.27781,-1.37844,0.51183,-0.24822,-1.49818,-0.55464,0.05548,0.76108,0.98120,0.77768,1.23394,0.35252,0.78203,-0.41685,0.07889,0.85746,0.72093
# [5/100] 'pokedex' OK
pokedex,0.28251,-0.11377,-0.81723,0.05452,0.29700,0.81097,-0.10580,-0.87344,-0.46702,-0.78839,0.23085,0.28570,-0.24814,0.17472,-0.35530,-0.53117,-0.00679,0.32156,0.43312,0.43979,-0.45460,-0.34232,-0.50215,0.42566,0.21771,-0.33944,0.14083,-0.34825,-0.54579,-0.08599,0.60840,0.81864,0.01969,0.08721,-0.22595,-0.98359,0.21869,0.74646,0.50953,0.12869,-0.53306,-0.85357,-0.75991,0.76160,0.28030,0.26064,0.62596,-0.06993,-0.08439,0.55709,0.17338,0.70591,0.09488,-0.56876,-0.91658,-0.35410,0.64808,0.71112,0.52846,0.04857,-0.52264,-0.66582,1.05998,-0.52288,-0.60816,0.07464,-0.57448,-0.81026,-0.42913,0.64882,0.54592,0.30041,0.36726,-0.31101,-0.60764,1.18558,1.46880,0.48875,0.10348,-0.39539,-0.79162,-0.38168,0.88051,0.90014,0.08795,-0.50902,-0.75261,-0.71983,0.78840,1.11293,0.41270,0.09798,-0.18150,-0.89134,-0.34607,0.46304,0.46968,1.24172,0.19807,-0.02418,-1.03429,-0.33564,-0.34965,-0.72989,0.13809,-0.25243,-0.91668,0.30902,1.14873,0.88403,0.28084,-1.05241,-1.46643,-1.41630,-1.49648,-0.13333,0.19157,0.02796,-0.31614,-0.75612,0.12778,0.51658,0.29038,-0.11864,-0.06870,-0.18545,0.19559,0.45560,0.36611,-0.19964,-0.03122,-0.43914,-0.59699,0.45491,0.78752,0.64824,0.12652,-0.53961,0.05988,-1.10984,0.77473,0.92796,-0.64548,0.10165,-0.35230,-0.75640,-0.40952,0.38812,0.67726,0.18680,-0.00983,-0.20318,-0.55685,-0.40289,0.97782,0.05912,1.67132,-0.31556,-2.00962,1.49975,-0.00144,0.12557,-0.32272,0.39607,-0.09360,-1.32510,-0.41389,-0.84033,-0.97854,2.19673,0.68612,-1.77309,0.75009,0.16583,-0.83001,-1.84276,-0.36628,0.14973,-1.74052,-0.83084,-2.07113,-0.69551,1.98032,1.70283,-2.08509,-1.36580,-0.21729,-1.01944,-1.79013,-0.94048,1.66742,-1.16410,-1.64513,-1.96713,-1.40248,1.74837,1.89686,-1.46965,-2.33184,-0.08397,-0.62136,-2.41081,-1.96948,2.74705,-2.28266,-1.43523,-0.93088,-1.79209,0.86707,2.03017,-0.47106,-1.13662,0.26647,-1.03800,-2.91795,-2.21496,2.35099,-1.70379,-1.11451,0.41214,-0.90064,-0.19487,1.48035,0.89598,-1.62894,0.69757,-0.62006,-1.63247,-0.22257,1.93015,-1.29801,-2.12714,-0.47332,-1.31216,0.18349,0.23648,-1.12339,3.80855,0.03686,-3.27000,0.47108,-0.88005,0.76304,1.34635,0.00952,0.82384,-1.00524,-0.60915,0.57324,-0.10754,-0.56060,0.22204,-1.89087,0.25337,-0.54935,1.28512,1.54277,-0.07903,0.39933,0.65629,0.84648,-1.25953,-0.95252,0.66126,-0.13978,0.02457,-0.97317,1.85765,1.64451,-0.19796,0.25272,0.92897,1.29114,0.63923,-1.07978,-0.27429,-0.50178,-0.44467,0.38895,-1.10586,1.49275,-0.18033,-0.20127,1.53784,1.59436,0.91727,0.34466,0.22111,2.34529,-0.74955,-0.34553,-0.28435,-1.64004,0.09318,-1.43408,0.49911,-0.89085,0.14084,-2.18238,1.11246,1.20776,1.18555,-0.25191,-1.83534,-0.79035,-1.29209,-1.44613,-0.47909,-0.37524,-1.01876,0.09042,-1.13568,1.23547,1.21504,0.97500,-0.09206,-1.79967,-1.06165,-1.07633,-0.40147,-0.82458,0.08648,-2.02716,-0.92632,-0.55613,1.19295,1.13048,1.08691,0.45175,-1.81450,-1.28150,-1.54398,-0.20197,-1.32911,0.50352,-1.37503,-1.48892,1.01754,0.21321,1.28783,2.01015,0.33709,-1.03347,-1.53268,-1.09716,-0.01696,-1.54388,0.01470,-0.60496,-1.68912,1.06949,-0.52352,1.51194,1.95456,-0.03147,-0.24464,-1.21334,0.33128,-1.74246,-1.48790,0.16020,-1.80826,-1.21811,-1.64886,-0.62928,1.59472,2.14418,-0.66324,-0.06580,-0.97539,0.04580,-1.64374,-1.37194,-1.64676,-0.84598,-0.82109,-0.95704,-0.32493,1.25273,1.16709,0.40458,0.17850,-0.73711,-0.38385,-1.05160,-1.22359,-0.78201,-1.36426,-0.25929,-1.27870,0.99259,1.06834,0.29559,-0.03730,-1.23704,-1.16730,-1.03457,0.06312,-1.72238,0.50744,-0.48438,-0.91850,0.11703,1.55322,1.13257,-0.11666,0.20403,-2.05090,-1.18429,-0.88815,0.38657,-1.78016,1.19544,-1.02707,-1.64815,0.74780,1.65507,1.07979,-0.36264,-0.32503,-1.97678,-1.25111,-0.39564,0.44930,-1.37436,0.80782,-1.67630,-1.59922,0.93320,1.54988,1.18182,-0.56150,0.02959,-2.05880,-1.05907,-0.36986,-0.19617,-0.54021,-0.32364,-1.04373,-1.79185,0.47195,1.51252,0.95964,-0.19333,-0.09148,-2.12945,-0.72455,-0.67129,0.13110,-0.50241,-0.40926,-0.49074,-2.01388,0.76568,0.91265,1.09665,0.71296,0.00759,-2.24328,-0.91005,-0.66716,-0.98602,0.24394,-0.34905,-0.18826,-0.33337,-1.07613,-0.40929,0.72764,1.50318,-0.42477,-1.21291,-0.92564,0.05604,-1.65685,0.86251,1.45593,0.10717,-0.12869,-1.11009,-0.83241,0.62902,0.99239,-1.45757,-0.46078,-0.69839,0.52999,-0.81660,-0.31354,1.05796,0.14965,0.32025,0.79643,-1.12488,0.55042,1.07216,-1.39976,-0.03095,-0.58936,0.05765,-0.48441,0.76292,0.36664,1.37493,-0.33678,-1.47156,-1.24574,0.23191,1.50347,-1.03781,0.28518,-0.21644,0.23617,-1.24911,0.58658,1.31752,-0.38591,0.11278,-1.15300,-1.01028,-0.18715,0.56543,0.81590,0.05860,-0.62537,0.73622,-0.47534,1.42142,1.06143,0.04945,0.75191,-0.76174,0.76805,-1.00554,-1.75958,2.98244,-1.05066,0.07881,0.51131,0.42931,1.02515,0.27528,0.44455,1.26779,-0.02838,0.38007,-1.25068,-0.99552,1.96314,-1.05898,0.50764,1.44688,1.02832,1.39461,1.71036,0.24346,0.90254,-0.70014,0.15567,-1.67594,-0.16841,2.31409,-0.46702,0.78380,1.15300,-0.34175,0.48247,1.16985,0.86255,0.35731,0.29745,-0.23303,-1.43173,-0.43604,0.88497,-0.24691,0.47541,1.20104,1.43275,1.11557,2.41808,0.26132,-0.01658,1.62443,-0.73523,-1.31166,-0.04450,0.49964,0.54819,0.93311,1.14914,0.40929,0.44527,1.00244,0.14583,0.21792,1.60337,-0.81005,-1.24302,0.22936,0.43482,0.54701,1.42308,1.23755,1.07659,-0.12445,0.42690,0.44720,-0.25214,-0.63209,-0.63676,-1.36097,0.37601,0.51283,1.07573,0.68783,-0.06960,1.43468,-0.23341,1.82512,1.08489,-0.59579,1.12455,-0.86062,-1.41196,-0.11673,0.60371,1.02146,1.15017,0.94163,1.94219,0.42505,0.67064,1.22110,-0.89912,1.59087,-0.96182,-1.29581,0.34660,-0.53824,0.48532,1.58147,1.18212,0.46734,0.48804,1.02147,0.57376,0.89778,0.75207,-0.92451,-0.84318,0.37593,-0.71362,0.53177,1.09696,0.89869,2.57748,-0.28223,-0.54550,1.34296,1.57527,0.90870,-0.87102,-1.02235,0.46584,0.02431,0.74650,1.21446,0.60404,1.44433,-0.36199,-0.57388,1.08647,1.47223,-0.14442,-0.92883,-1.02044,0.32001,-0.18412,0.43205,1.37708,0.58658,1.11486,-0.98781,0.90335,1.57265,0.65907,1.34101,-1.03886,-0.87495,0.25049,-0.32566,0.86550,0.82849,0.49884,1.10066,-0.30059,-0.94419,1.22273,0.30724,2.01422,-1.42111,-0.84861,0.19330,0.09171,0.94458,1.38747,0.78098,1.34882,0.56450,0.09361,1.69132,-0.37721,0.98613,-1.59626,-0.55128,0.21953,0.35554,1.07723,0.99980,1.19818,0.42936,-0.51270,0.70810,0.57654,1.74251,1.40091,-1.57512,-0.48456,0.09656,-0.45920,1.60553,0.42429,0.50486,0.81614,0.41231,0.71712,0.37477,1.97560,1.08238,-1.34465,-0.35967,0.41400,-0.81399,1.34921,0.64681,0.64872,-0.31384,0.21685,-0.27494,1.92043,0.77236,-0.61143,-1.39569,-0.47269,0.65025,-0.21485,0.87617,1.25846,1.26258,-0.11906,-0.24245,0.25204,0.34961,0.18525,0.23910,-1.43788,-0.57321,-0.14319,-0.26891,1.44709,0.99478,1.39606,0.55783,0.11969,-0.28560,0.30346,0.03715,-0.20912,-1.36994,-0.37472,0.00034,-0.20428,1.31623,0.65889,0.95744,-0.01251,0.65274,-0.42074,0.20898,0.38102,0.39773
# [6/100] 'pokedex' OK
pokedex,0.14480,-0.20244,-0.36235,0.71459,0.47577,0.33668,0.17735,0.23840,-1.17635,-0.86835,0.10098,-0.35683,-0.53714,-0.03808,-0.55409,-0.79248,-0.20901,0.68271,1.31696,0.93199,0.63168,-0.45260,-1.23241,0.60236,0.14647,-0.60033,0.03703,-0.35855,-0.60154,-0.40388,0.63163,1.12358,0.25635,-0.53161,-0.65798,-0.92988,-0.47821,-0.05065,0.98357,-0.15176,-0.57365,-0.26869,0.51716,0.28505,0.82699,0.36297,1.02187,-0.69288,-1.73686,-0.24863,-0.35061,0.94554,-0.10943,-0.54138,-0.58697,-0.41395,0.96620,1.04929,0.48925,0.21396,0.30567,-0.56704,-0.32382,-0.28856,-0.43123,-0.04218,-0.48235,-0.46815,0.41727,0.11982,0.71361,0.42362,0.04868,0.40754,0.50355,0.14483,0.53357,-0.43987,-0.08792,-0.47533,-1.45968,-0.22520,0.54838,1.28945,0.24308,0.75872,0.27226,-0.56973,0.61024,0.54013,1.02230,-0.18567,-0.55173,-0.37436,0.92628,1.09684,1.13104,0.03861,0.96439,-0.16871,-1.23723,-0.42506,-0.26921,0.18756,-0.12616,-0.42215,-0.30782,0.76367,1.28909,1.21435,0.12398,-0.52790,-0.80535,-1.16969,-0.26527,-0.07129,-0.25183,-0.03258,-0.32253,-0.54933,-0.14845,0.78139,0.72974,1.04068,-0.25376,-0.60495,-1.20991,0.81562,1.17402,-0.85251,-0.20603,-0.36944,-0.03224,0.38018,0.14936,-0.36025,0.52465,1.24604,0.01821,-0.39191,-0.38613,-0.18349,1.11520,-0.00583,-0.25576,-0.30197,-0.43596,0.37521,0.20678,0.27774,-0.51680,-0.42319,0.20969,-0.16719,0.44262,0.37827,-0.08519,-0.39724,-0.93611,-0.40343,0.62547,0.29520,0.09148,0.75987,0.93537,0.21016,1.14205,0.75898,0.06124,0.01314,-0.49221,-0.65859,-0.48209,0.62155,0.84431,0.01039,0.10116,-0.09632,-0.90437,-0.22569,0.93044,-0.35299,-0.11200,-0.35976,-0.31167,0.19052,0.44319,0.70466,-0.04193,-0.59515,-1.36367,-0.14245,-0.01902,0.53929,-0.17962,-0.04495,-0.45998,-0.52124,-0.17099,0.68903,0.64352,0.17677,-0.34859,-0.23509,-0.82740,0.48584,0.72134,-0.55183,-0.12759,-0.56553,-0.28867,-0.11471,0.43766,0.66400,0.74047,0.67318,-0.96684,-1.43031,0.97088,0.29501,0.51536,-0.10441,-0.38106,-0.54709,-0.86749,0.77315,0.73582,0.16690,1.11005,-0.51783,-0.05746,0.13951,0.18029,0.26391,-0.09635,-0.18496,-0.77951,-0.20325,0.64620,0.55869,0.50950,0.06813,-0.58579,-1.12877,0.29184,-0.36297,0.17803,0.04908,-0.36437,-0.64723,-0.21639,0.64202,0.14665,0.33953,0.33396,1.25273,0.05114,0.39734,-0.59338,-0.10956,0.21259,-0.61095,-0.91466,0.75585,0.28785,1.08052,0.27683,0.72500,0.09163,-0.47418,-0.51830,-0.16321,-0.23519,1.93784,-0.43328,-1.56805,1.42354,-0.11272,-0.10085,-0.96521,0.57745,0.04971,-1.28170,-0.68834,-0.69482,-0.79096,1.92933,1.65080,-1.19961,-1.19779,-0.19352,-0.48643,-2.09286,-0.99580,0.15721,-1.81766,-0.94940,-1.94507,-1.72158,1.55975,1.98497,-1.33626,-1.69640,-0.10011,-0.85829,-2.14790,-1.33725,1.93573,-2.18311,-0.73523,-1.45741,-2.51421,1.38175,2.01152,-1.05491,-1.70275,-0.43756,-0.72590,-1.84288,-1.42842,1.40212,-1.74972,-0.93498,-0.09039,-2.10086,0.57890,2.15209,0.10446,-2.13594,0.28500,-1.35101,-1.47764,-1.73576,1.49501,-0.94136,-2.32789,0.68085,-1.62163,-0.45477,1.37999,0.71460,-1.27645,1.21446,-0.40608,-1.19425,-1.57202,1.13437,-0.29020,-1.48131,0.58620,-0.91113,-0.88554,1.14321,0.89874,-2.43295,0.44241,-1.33906,-0.79968,-0.88103,1.16567,0.77890,0.43587,0.51153,0.41609,-0.88257,0.65376,0.83803,-0.99285,0.25620,-1.18002,-0.72544,-0.49815,0.73128,0.50988,0.46083,-0.34380,0.05542,0.98930,-1.63375,-0.74861,0.39892,-0.02310,0.86639,-1.34594,2.34238,-1.04936,0.40616,-0.65802,0.90625,1.06001,0.66741,-1.32414,-0.13122,-1.66671,0.51656,0.85296,-0.11089,1.70189,0.02291,1.29745,-0.06029,0.54680,0.29988,0.37472,-0.32486,2.08540,-0.56323,0.24870,-0.05877,-1.15799,-0.56331,-0.92118,1.11894,-1.60258,-0.64852,-0.62040,1.44102,0.88320,1.36863,0.44966,-1.89646,-0.94271,-1.42686,-1.01808,-1.54119,-0.10942,-1.27648,0.15344,-1.13860,1.52422,0.92443,0.84351,0.62079,-1.85933,-1.38021,-1.01018,-0.30499,-0.76388,0.15714,-1.91327,-1.60114,-1.07053,1.59209,0.80271,0.74336,0.67938,-2.03557,-1.29635,-1.26215,-0.62136,-0.94264,0.63278,-1.34553,-1.19818,-0.58978,1.02793,1.15314,0.96920,1.12184,-1.55741,-1.75007,-1.32148,-1.19023,-1.41663,0.97533,-0.59538,-1.66683,-0.01556,-0.17891,1.29547,1.98603,0.13720,-0.38486,-1.18214,0.07097,-1.22600,-1.65930,-0.22638,-0.70426,-1.20311,-0.88850,-0.44460,1.35559,2.56413,-0.24993,-0.52577,-1.52567,0.08508,-1.08003,-1.48674,-0.71256,-1.31293,-0.54592,-0.08809,-0.45404,1.34957,1.89125,-0.44397,-0.23154,-1.21445,0.20202,-1.02339,-1.05951,-0.93351,-1.42350,-0.82094,-0.70562,0.94710,0.84153,-0.09133,0.76709,-0.90016,-0.43949,-1.28085,-0.71505,-1.66454,0.44123,-0.97247,-1.33961,0.43050,1.55009,1.15469,-0.08349,0.84385,-1.76246,-2.05283,-0.99081,0.06589,-1.83725,1.23479,-0.58938,-2.42760,0.08862,1.45984,1.08950,0.04052,0.21366,-1.91578,-1.71370,-0.69983,-0.28627,-0.94340,1.37754,-0.55923,-2.18451,-0.22576,1.32417,1.19965,-0.14681,-0.35883,-1.71660,-1.45079,-0.86900,0.38900,-0.86935,0.55896,-0.62283,-2.03876,0.26940,1.31478,0.92169,-0.05006,0.27359,-2.28390,-0.76378,-0.59761,-0.77512,0.33795,0.12040,-0.57364,-1.53782,0.36523,0.88972,0.81731,0.66068,1.16567,-2.36686,-0.87850,-0.67894,-1.25103,0.95208,-0.63717,-0.18548,-0.26810,-0.19328,-0.56616,0.75184,2.03722,-0.56178,-1.30370,-1.59945,-0.04006,-1.26905,1.06995,0.95336,0.49020,1.10049,-0.85314,-1.10617,0.40351,1.70722,-0.78462,-0.93043,-1.19630,0.42560,-1.17743,0.96458,1.33869,0.76842,1.03185,-0.20173,-1.39070,0.47911,1.79935,-1.28582,-0.67109,-0.78012,1.04185,-0.48264,0.76564,0.74763,1.50745,0.69037,-0.85410,-1.47733,0.34339,1.45106,-0.94051,0.43782,-0.54927,-0.00686,-0.81567,0.79574,0.67138,0.80818,0.70948,-1.46819,-0.10001,-0.91460,-1.72744,2.58959,0.07507,0.36049,0.06155,-0.45044,1.74921,-0.31655,0.90382,1.65030,0.16477,0.33857,-0.95813,-1.97390,2.42894,-0.51371,0.52042,0.82583,0.03491,1.54533,0.41623,-0.14346,0.34591,0.71905,-0.28075,-1.61043,-0.50445,2.49270,-0.80490,1.15110,2.07842,0.08888,1.12121,0.98747,1.02187,-0.02544,1.59097,-0.76696,-1.40108,0.09618,1.05447,0.15081,1.06586,1.55551,0.92856,-0.43990,1.60492,0.05499,0.75962,2.01628,-1.10031,-1.24581,0.00630,0.74641,0.66487,0.69253,1.44908,-0.07229,0.89110,1.68338,0.95432,0.81294,0.95822,-1.42890,-1.23722,-0.40821,-0.42152,0.50670,1.07479,2.05783,1.72161,1.48268,1.59715,1.60890,1.29422,0.13943,-1.74016,-1.14692,-0.38181,-0.11726,1.05851,0.76686,1.45666,1.28302,1.16473,1.23894,2.47477,1.68663,2.38287,-1.69050,-1.06468,0.24018,0.70444,1.09006,0.88991,1.82759,1.11183,-1.00725,0.17184,0.87263,1.33517,0.21696,-1.64471,-1.04731,0.19060,-0.05834,1.47276,0.72322,0.39762,1.02069,0.12058,0.38343,1.62670,0.64802,1.06358,-1.71158,-1.29196,-0.23044,0.38707,1.00087,1.04256,1.07097,1.28877,0.60933,1.17279,2.20248,1.82411,2.84925,-1.60606,-1.16923,-0.20602,-0.15380,0.82853,1.34041,1.38085,2.41951,1.04394,1.57198,1.80410,0.60548,1.56793,-1.81828,-1.01384,0.31634,0.17195,1.71068,0.62314,0.89765,1.67512,0.35822,0.95403,1.01619,0.58633,0.81036
# [7/100] 'pokedex' OK
pokedex,0.26057,-0.16784,-0.55906,-0.15512,0.43006,0.62698,0.25813,-0.56283,-0.32471,-0.48378,-1.64498,-0.04559,0.24796,0.11820,-0.21928,-0.36609,-0.03660,0.68338,0.36507,-0.06498,-0.88770,-0.26379,-0.23996,-1.06159,0.08730,0.81823,-0.01661,-0.61606,-0.49646,0.16087,0.39916,0.07379,0.61620,1.06429,0.86428,-0.31507,-0.12534,1.23776,-1.12959,-0.04684,-0.40710,-0.53397,0.26297,0.77343,0.58381,-0.28954,-1.80784,0.42185,-0.37878,-0.31883,1.37940,0.00734,0.09964,-0.22510,-0.50531,-0.43700,0.68185,0.89350,0.30099,-1.32905,-0.96976,-1.59324,0.34069,0.39620,0.38700,0.05162,-0.39623,-1.03128,-0.20802,0.91316,0.93017,0.19036,-0.20388,0.08762,-1.43370,-0.18889,0.36219,-0.95166,0.09553,-0.60468,-0.77177,0.69307,0.58029,0.93567,0.33383,-0.04071,-0.42032,-0.25980,0.71270,0.40933,-0.19206,0.03557,-0.54953,-0.95106,0.18896,0.48899,0.66729,0.40381,-1.15557,-0.00139,-0.50412,0.06268,0.33490,0.84057,0.05464,-0.43717,-0.43848,0.23833,0.43892,0.20862,0.34571,-0.66389,-0.36990,-0.69301,1.02414,0.58368,0.64169,0.02307,-0.56002,-0.61278,-0.18445,0.81361,1.10566,0.38771,0.19436,-0.60864,-1.56693,-0.38816,0.06075,0.33728,0.15885,-0.32951,-0.35560,-1.12068,0.18908,0.67058,0.72417,-0.40898,-0.28035,-0.21950,0.29676,0.07580,0.95251,0.07726,-0.36698,-0.66972,0.44046,0.72710,1.27029,-0.13278,-0.87487,-0.80420,-0.75098,0.21530,0.30856,-0.05649,0.15786,-0.42946,-1.05844,0.94172,0.61499,0.75852,-0.13333,0.21530,-0.18055,-0.37276,0.28983,0.35678,-0.80216,0.13371,-0.28360,-1.05725,0.59567,0.70701,0.13211,0.29907,-0.03227,-0.95974,0.18954,0.48879,1.39264,0.79210,0.03895,-0.46698,-0.79395,0.66173,0.54793,0.86860,0.35363,0.61480,0.79942,-0.55916,0.16493,0.21839,-0.14042,0.09566,-0.53777,-0.66444,1.27735,0.59379,-0.16037,0.51785,0.11913,0.32675,-0.40634,-0.33300,0.26022,-0.16401,1.37083,-0.50968,-1.84239,0.91953,0.31598,0.47736,-0.13287,0.52112,-0.06915,-1.18284,-0.42809,-1.09638,-1.06930,2.22970,0.60433,-1.53893,0.19491,-0.26032,-0.90783,-1.65859,-0.32614,-0.27936,-1.71412,-0.70507,-1.29384,-0.54708,1.82228,1.73654,-1.60557,-1.52541,-0.26363,-0.64904,-2.14561,-1.06266,0.65088,-2.22479,-1.08905,-1.26202,-1.30975,1.32524,1.96169,-1.44345,-2.24443,0.10352,-1.01794,-2.01087,-1.58152,1.74389,-1.96383,-0.89313,-0.62343,-2.14314,0.93055,2.03434,-0.62783,-2.55782,0.57534,-1.45817,-2.31376,-0.82751,1.43938,-2.20926,-0.83498,-0.48231,-2.48834,-0.03956,1.65954,0.78688,-1.09762,1.04385,-1.94221,-1.54239,-1.19060,1.04417,-1.11399,-0.90760,0.43328,-2.08285,-0.75741,1.19278,1.40445,-1.36691,0.57766,-1.57930,-0.60991,0.39934,0.76761,0.01614,-1.09009,0.49461,-1.26186,-1.03390,0.90004,1.20637,-2.18784,0.28545,-1.25390,-0.63609,-0.43364,1.20166,1.27791,-0.77636,0.62539,-0.35891,-0.09686,-0.51752,0.36186,0.47945,-0.45731,0.41656,-0.88541,-0.66258,-0.50561,0.81793,0.84176,0.16753,1.09471,0.88392,-1.42803,-0.39805,-0.05707,-0.28746,1.10424,-1.14021,1.24046,-1.52758,0.84671,0.68662,1.43473,0.92424,0.14912,-1.09278,1.35024,1.08162,0.21638,1.13556,-0.46821,1.15920,-1.02871,-0.35074,-0.36862,0.24445,-1.21484,0.79302,0.78398,1.95376,0.85436,-1.27840,-0.69207,-1.39491,-1.02024,-1.33417,0.21646,-1.49371,-0.47308,-0.76217,1.26860,1.18074,1.02713,-0.21390,-1.61811,-0.63912,-1.09848,0.13802,-1.63867,-1.01349,-1.66748,-1.17632,-1.09252,1.59334,0.93353,0.28438,0.16562,-1.70274,-0.92013,-0.76091,0.06032,-1.16283,-0.30124,-1.47294,-1.98980,-1.06687,1.32979,1.14803,0.43113,0.14564,-1.65737,-1.52719,-0.59544,-0.91126,-1.45614,0.65684,-0.44044,-2.15262,0.03039,0.74244,1.18476,1.05736,0.23866,-0.94638,-1.41508,-1.09789,-0.67503,-1.81263,0.94492,-0.19366,-1.94591,0.16779,-0.30798,1.28260,1.73934,0.25087,-0.05378,-1.29795,-0.07655,-1.48675,-1.67654,0.44084,-0.77041,-1.59344,-1.09450,-0.46777,1.41815,2.30849,-0.67535,0.00668,-1.08475,-0.34369,-1.74501,-1.68800,-0.09883,-1.50697,-0.91055,-0.19420,-0.46273,1.24608,1.78421,-0.21709,0.05224,-0.87470,-0.21221,-0.47219,-1.12358,-0.51405,-1.37019,-1.44358,-1.05174,0.93520,1.28424,0.13807,0.29619,-1.33428,-1.69695,-0.57142,-0.51211,-1.77885,1.66958,-1.42087,-1.35565,0.78996,1.63404,0.95302,0.00918,0.59884,-1.74903,-1.84451,-1.00244,0.25342,-1.59329,0.92358,-0.77449,-1.77778,0.22124,1.61365,0.98979,-0.38818,0.15554,-2.15106,-1.23990,-0.41997,0.41207,-1.29553,1.25426,-1.58453,-1.72500,0.84574,1.56538,0.93251,-0.32374,-0.19847,-1.97502,-1.11069,-0.57539,-0.01806,-0.68259,0.67673,-1.36194,-1.31897,0.57426,1.42384,0.94756,-0.18262,-0.10347,-2.17395,-0.48599,-1.04098,-0.39968,-0.19049,-0.23052,-0.51528,-1.19823,0.59229,0.93153,0.86270,0.67457,0.62417,-2.32743,-0.20043,-1.33584,-1.32368,0.77415,-0.86529,0.27367,0.13228,-0.42556,-0.20615,0.43824,1.45769,0.01308,-1.43136,-0.10113,-0.28245,-0.44694,1.82556,0.19853,0.39933,-0.85711,-0.98442,-0.90591,0.51797,1.63867,-0.94755,-0.98132,-0.71721,0.42726,-0.38635,0.85854,1.03101,0.20491,1.07358,-0.74211,-1.09481,0.41598,1.59230,-2.32952,-0.66911,-0.37860,0.36132,-0.56623,1.56896,1.03756,0.87342,0.72135,-0.42614,-1.27236,0.43628,1.72911,-0.57018,0.15874,-1.17899,-0.08008,-1.12878,0.75293,0.94655,0.49783,0.13145,-0.43676,-1.18982,-0.07431,0.57242,-0.66662,0.18802,-0.49510,0.82255,0.08019,0.41589,-0.03185,1.32717,1.30981,-0.48515,0.40644,-0.68809,-2.25645,0.49251,-0.98336,0.94043,1.48672,1.69391,1.40809,-1.20349,1.97056,0.65146,0.11551,-0.39813,-1.34535,-0.31952,2.86251,-0.61804,1.16503,0.95390,0.16316,1.03758,0.61785,0.86408,1.09484,-0.32021,-0.62146,-1.75472,-0.51131,2.63624,-0.03338,2.20145,1.86195,0.24823,0.03639,0.82268,0.71071,1.08176,1.74269,-1.11795,-1.23117,0.14406,1.13606,0.62696,0.93509,1.38179,0.65896,0.60811,1.16992,0.33143,0.78128,1.48247,-1.23973,-1.19641,-0.32279,0.21910,0.25367,0.24047,1.31821,1.20695,1.16832,1.08022,1.74718,1.29305,1.63577,-1.24602,-1.33207,0.05912,0.83729,0.99310,0.87434,1.31139,2.26943,0.68101,0.02200,0.41235,0.86830,0.10316,-1.13059,-1.48391,-0.31622,0.87265,0.89577,1.01712,1.52363,1.54631,0.89767,0.61315,0.96317,0.86132,0.11400,-0.91654,-1.20550,-0.69949,0.49140,0.99981,0.68781,0.86748,1.75052,0.57848,1.01081,1.13172,-0.17551,1.46535,-1.14464,-1.31661,-0.12886,0.31503,0.83301,1.22203,0.99270,1.39177,0.72174,0.14699,0.51676,1.57001,1.78692,-1.11586,-1.02999,-0.17230,0.41334,0.65754,1.01940,0.77208,1.71592,1.03885,0.30947,1.08112,0.15154,1.38576,-1.29575,-0.94048,-0.35870,0.24559,1.15287,1.25403,1.68632,1.45617,0.58407,1.20060,1.40256,0.23543,1.78880,-1.25651,-0.78282,0.11291,-0.40815,1.14281,0.74885,1.28212,0.44325,-0.11572,0.48024,0.46174,0.70125,0.90736,-1.36763,-0.95029,-0.09255,-0.22281,1.32977,0.92824,0.50234,1.07800,0.41533,2.26267,2.00024,-0.43837,0.63595,-1.74462,-0.69845,0.18669,-0.80154,1.52773,0.04373,1.16685,1.70710,0.63222,1.74878,2.29164,0.70521,1.16022,-1.85591,-0.86996,0.38420,-1.46773,1.43320,0.36683,1.60310,1.34286,0.79139,0.16500,1.14090,1.10768,0.40553
# [8/100] 'pokedex' OK
pokedex,0.17244,-0.24387,-0.58987,0.07907,0.52960,0.76404,0.50294,-0.56931,-0.46451,-0.23297,-0.52533,0.46884,-0.17810,-0.09438,-0.40786,-0.18935,1.26624,0.61009,0.11355,0.21662,-0.54872,-0.16324,-0.52867,-0.24172,-0.06489,0.65772,0.17251,-0.27131,-0.35354,0.24157,0.56889,0.80426,0.29775,-0.74235,-1.04476,-2.18530,0.42803,0.51237,-0.10651,0.02889,-0.32850,-0.58084,0.23336,0.76351,0.92715,0.43927,-0.59478,-0.03383,-1.03332,-0.73106,-0.06235,0.63592,0.18955,-0.26817,-0.62920,0.27505,0.72537,0.46933,0.07959,-0.11531,-0.26090,-0.54486,-0.27936,-0.57889,-0.29718,0.01447,-0.28339,-0.53309,0.26432,0.62556,0.48671,-0.17235,-0.79563,-0.39436,-0.24395,1.35240,0.76029,-0.83459,0.14048,-0.24129,-0.42804,1.09003,0.40578,0.29718,-0.09908,-0.00962,-0.65155,-0.45804,0.16578,0.70182,-0.27099,0.03767,-0.54746,-0.75712,0.14120,0.79356,0.94565,0.27082,0.48704,-0.60529,0.04198,0.25947,0.06304,-0.43927,-0.12539,-0.48617,-1.19460,-0.48538,0.76464,0.76617,0.22744,0.43941,0.25520,-0.97361,-0.02555,0.21356,0.75453,0.08199,-0.26822,-0.88355,0.51853,0.57676,0.95725,-0.03124,-1.03377,0.17139,-0.67306,-0.58756,-0.54670,0.07424,0.14950,-0.41903,-0.14265,0.39879,0.58867,0.96469,-0.10281,-0.56623,-1.42716,-0.72779,-0.33025,0.17553,1.19669,-0.02281,-0.43885,-0.67025,-0.10649,0.90121,1.25938,0.01051,-0.93889,-0.75043,-0.64597,-0.41614,1.13236,0.58502,0.15048,-0.36791,-0.21459,-0.35394,0.47510,0.75240,-0.02628,-0.71499,-0.63553,-1.26049,-0.01106,0.31294,-0.50054,0.08689,-0.48370,-0.92300,0.13380,0.70478,1.21450,1.01816,-1.11757,-0.03244,-0.07147,-0.65484,-0.04740,-1.36408,1.57898,-0.32185,-1.96607,0.88232,-0.28360,0.16523,-0.34820,1.05880,-0.57643,-1.19513,-0.44542,-0.24017,-0.15570,1.98244,1.07386,-1.46621,-0.52773,-0.11926,-0.93902,-1.72850,-0.96427,-0.39584,-1.55534,-1.01558,-1.05467,-0.81623,1.55639,1.92053,-1.83074,-1.88605,-0.02328,-1.11337,-1.89239,-1.13216,1.33117,-1.43698,-1.91003,-1.61965,-1.56067,1.56589,1.79633,-1.51324,-2.48210,-0.24361,-0.64471,-2.15784,-0.75436,1.78526,-2.17994,-1.37987,-1.82227,-1.88085,1.49166,1.98913,-1.66372,-1.82394,-0.08696,-1.26856,-1.82757,-1.80300,1.86005,-2.17507,-1.61925,-0.05465,-2.62907,0.75496,2.06402,-0.52239,-1.68143,0.66831,-1.89369,-1.82206,-1.72278,1.24568,-1.54117,-1.42884,0.34985,-1.55834,-0.01499,1.54917,0.29812,-1.80652,0.93334,-0.96532,-1.55521,-0.52682,1.43645,-1.52585,-1.08986,0.21005,-2.45768,-0.61261,1.23124,1.03997,-3.06761,0.34220,-0.99026,-1.12467,-1.39354,2.00222,0.78602,-0.70815,0.59668,-1.36168,-0.15290,0.03932,0.51082,-1.71368,-0.24475,-0.07738,-1.47067,0.78796,0.05158,1.48756,0.61685,-0.33833,0.68148,0.76090,-0.96937,-0.19169,-0.73658,0.15942,0.52502,-1.67463,1.49218,-0.49021,0.39472,0.53230,0.43278,0.57880,0.26381,-0.43153,1.88331,-1.05173,0.36065,0.63636,-1.09084,0.59562,-1.04495,0.67452,-0.36870,-0.11575,-1.69015,0.65681,1.13726,1.98812,-0.05856,-1.07299,-1.53004,-0.69237,-0.62727,-1.65150,0.87591,-1.37113,-1.10987,-0.78598,1.29243,1.14635,0.57570,0.41886,-1.54137,-1.33550,-0.44717,-0.73822,-1.01686,0.00371,-1.20230,-1.94835,-1.21647,1.49551,0.86028,0.29809,1.30265,-1.95234,-1.17068,-0.91098,0.14657,-1.11732,0.67612,-1.75191,-1.98130,0.21897,1.26739,0.98501,0.48642,1.74447,-1.64024,-1.60228,-1.00992,-0.65514,-1.51629,0.67554,-0.45127,-2.13250,0.92656,0.17810,1.07051,2.06793,1.21719,-0.99819,-1.35269,-0.30936,-0.40242,-1.53479,0.28933,-0.64862,-1.87719,0.29322,-0.21486,1.22268,2.18919,0.85378,-0.59825,-1.56836,0.69721,-1.24711,-1.13163,-0.43446,-1.92010,-1.25600,-0.21411,-0.20144,1.30435,1.19806,-0.16235,0.35674,-1.22036,-0.32014,-1.14172,-1.46897,-0.78902,-0.77961,-0.26925,-0.73590,0.80472,1.17757,-0.33438,-0.46247,-0.70770,-1.06035,-0.65598,0.57632,-1.80245,-0.12374,-0.24491,-0.32959,-0.19475,1.43375,1.03501,-0.08232,0.75741,-1.81386,-1.54377,-0.89698,0.13844,-1.44403,1.12767,-0.38044,-2.07971,0.14170,1.63995,0.94849,-0.43216,0.32977,-1.99875,-1.50939,-0.33169,0.16562,-1.01573,0.88052,-0.94952,-1.59798,0.48484,1.67292,0.78159,-0.35523,0.34462,-2.12703,-1.08058,-0.60752,0.36809,-0.99803,0.93413,-1.20031,-1.44025,0.55924,1.43807,0.93399,-0.20570,0.16774,-2.17931,-0.72772,-0.76780,-0.53428,-0.24319,0.57810,-1.14171,-0.79704,0.33036,0.97804,0.84689,0.52937,0.70709,-2.20977,-0.28928,-1.00068,-1.06838,0.61196,-1.06421,0.28613,-0.36530,-0.24249,-0.21598,0.48834,1.48967,0.14578,-1.44456,-1.03216,-0.21099,-0.19313,1.43962,0.57636,0.76895,-0.11911,-0.54250,-0.66421,0.50765,1.32978,-0.70940,-1.07301,-0.62295,0.49080,-0.86185,1.12952,1.49298,0.38914,0.42969,-0.61847,-0.91626,0.38023,1.39616,-1.72671,-0.97896,-1.02295,0.67744,0.12883,1.36940,1.45065,0.06230,1.16486,0.20317,-1.05858,0.38899,1.68227,-0.96356,-0.09744,-1.18551,0.41612,-0.79375,-0.10579,0.62033,0.98402,0.56292,-0.14926,-0.78608,-0.17496,0.03773,0.36512,0.32412,-0.03157,0.27507,-0.70055,0.81275,-0.50202,0.38682,1.14343,-0.29951,0.54821,-0.77518,-2.32465,0.28068,-1.04098,1.02171,0.43771,0.78610,1.46920,-0.80621,1.14701,1.64957,1.74835,-0.10289,-1.29392,-0.25436,1.37562,-0.95611,0.74192,1.24828,-0.34353,0.98954,0.99479,0.53923,-0.18391,1.26909,-0.60581,-1.21882,-0.15078,1.54301,-0.07241,0.55231,0.85618,0.04460,1.01904,1.78026,0.44314,0.32979,2.04783,-0.85185,-1.16352,-0.51443,1.27600,0.84315,1.19842,1.18138,0.84533,0.90912,0.41808,0.58036,0.63324,0.97808,-0.89135,-1.17052,0.16794,0.41687,0.23802,1.04168,0.91884,1.57956,0.79692,1.44913,0.88746,0.81097,0.52237,-0.91997,-1.32756,-0.40636,0.43945,0.37091,0.89598,1.29777,0.80817,0.45118,0.43236,1.00568,1.13726,1.65990,-1.04268,-1.11092,-0.64168,-0.45988,0.78613,0.56327,1.31107,1.91574,-0.03117,0.86448,1.13570,2.05828,1.89981,-1.16238,-1.14312,-0.57231,0.40742,0.83092,1.04609,1.33594,1.91148,0.06723,1.35224,1.89256,0.32241,1.34975,-1.12040,-0.87025,-0.15566,-0.49087,0.89637,1.24168,0.81661,2.61936,-0.25427,1.14477,1.31194,0.29826,-0.45451,-1.29515,-1.15249,-0.15574,0.03916,1.19615,0.68277,0.51587,1.54150,0.14520,1.46489,1.87168,0.80766,0.75391,-1.27838,-1.18632,-0.16455,0.65618,0.95585,0.18995,1.78803,1.64312,-0.39338,-0.06404,1.78548,0.75888,1.42180,-1.45380,-1.05308,0.45829,0.82855,0.97610,0.94457,1.63259,1.82205,-0.02860,0.41669,0.52778,0.35973,0.33127,-1.15489,-1.11244,0.11986,0.14145,0.92273,1.23850,0.94889,1.10246,1.08246,0.17525,0.33765,0.35570,0.24532,-1.25233,-1.26742,0.84246,0.18497,0.41302,1.48832,1.47482,0.31251,-0.30199,-0.57719,1.13918,1.47456,0.49188,-1.34663,-1.22170,0.61463,1.11537,1.26210,0.67211,0.57260,0.21293,0.51027,0.48287,1.43989,0.86924,-0.22557,-1.60755,-1.21816,0.64681,-0.34642,1.11623,1.11681,1.25644,1.38201,1.79951,0.50207,1.17009,0.44101,0.33183,-1.66369,-0.88714,1.10425,0.34233,1.21760,0.31631,1.07622,0.16937,0.14229,0.11980,0.59180,0.83856,0.35085,-1.75555,-0.75280,1.03908,0.17763,1.30116,0.77716,0.99694,0.27024,0.14322,0.38602,1.77157,1.65693,0.05669
# [9/100] 'pokedex' OK
pokedex,0.30554,-0.10725,-0.51639,0.27885,0.32569,0.84853,0.43793,-0.58757,-1.01254,-0.84245,-0.36817,0.21921,-0.31242,-0.01111,-0.44619,-0.86807,-0.18560,1.02289,0.94696,0.83277,0.17082,0.40501,-0.44440,-0.06639,0.46609,-0.10655,-0.01516,-0.35229,-0.58925,0.16117,0.72373,0.04668,-0.22931,-0.93721,-1.02118,-0.94667,-0.32662,0.93641,0.47840,0.13096,-0.73699,-0.35990,0.83056,-0.01026,1.43558,-0.42775,0.67151,-0.47065,-1.17735,-0.01432,0.32929,0.59836,0.11101,-0.88940,-0.48944,0.28006,0.10222,1.41355,-0.64060,0.87586,-0.88062,-1.21916,1.23992,0.52644,1.35370,-0.04389,-0.63742,-1.06371,-0.64573,0.65848,0.67718,0.25475,0.59404,1.17305,0.63372,0.76430,0.66729,-0.01448,0.03280,-0.14104,-0.45522,-0.55832,0.72904,0.89883,0.17556,0.22605,-0.59834,-1.30420,0.75869,-0.59648,-0.62311,-0.10398,-0.31158,-0.66737,0.20708,0.66911,0.59160,0.29501,-0.41172,-0.32209,-0.07658,0.49867,-0.01234,-0.99949,-0.02628,-0.47589,-0.73508,-0.37166,0.42116,1.28373,1.03898,-0.13747,0.07356,0.45140,0.75526,-0.61382,-1.01876,-0.01472,-0.47381,-1.02592,-0.24234,0.67937,0.33646,-0.36219,-0.23939,0.30365,0.20878,0.91010,2.14983,1.03664,-0.03038,-0.52244,-1.00064,-0.33839,0.62361,0.88806,0.36915,0.25099,-0.14438,-1.19715,0.44564,1.17985,1.11945,0.14428,-0.24722,-0.53074,-0.66535,0.58415,1.02647,0.43433,-0.33637,-0.42779,-1.51971,-1.14512,0.18195,0.37961,0.05740,-0.41424,-0.78471,-0.36506,0.57412,0.68460,0.68167,-0.49681,-0.30452,-0.72425,-0.08847,-0.09593,-1.03869,0.06615,-0.33789,-0.78356,0.07384,0.64053,0.70553,-0.43399,-0.33116,-0.01963,-1.26090,0.39428,0.55854,0.08296,0.20963,-0.56561,-1.06040,0.12836,0.38672,0.62142,-0.22478,-0.14991,-0.37517,-0.68217,0.54763,0.95056,-0.17661,2.14841,-0.46550,-2.15713,0.97981,-0.31825,0.10045,-1.12781,0.75650,-0.53743,-0.82647,-0.38876,0.09317,-0.29953,2.05394,1.78674,-1.50581,-0.77393,-0.08804,-0.74481,-2.79856,-0.04615,0.22442,-2.48305,-0.69855,-1.46163,-2.35855,1.74661,2.11025,-1.63268,-1.61625,-0.08987,-1.20617,-1.83164,-1.36738,0.94192,-1.80813,-0.33737,-0.77849,-2.32907,1.37391,2.25324,-1.26196,-1.94925,0.07926,-1.60863,-1.61070,-2.16581,1.81278,-1.13755,-1.56630,0.57198,-1.91407,0.29330,1.91706,0.40309,-1.36433,0.37080,-1.50067,-1.21724,-1.92907,1.09317,-0.62512,-1.15884,1.63709,-1.11629,-0.54428,1.69974,0.91190,-2.29374,0.45454,-1.61400,-0.96649,-1.54652,1.99773,0.54035,-1.67401,1.00194,-0.28187,-1.05852,1.17075,1.19584,-2.67792,0.29730,-1.79673,-0.30270,-0.49584,1.67956,1.61706,0.36836,0.34676,-2.06451,-0.78710,-0.38023,1.51143,-1.72613,0.27759,-0.89482,-1.42767,-0.23010,1.20624,2.14808,0.56834,0.89267,1.00045,1.09105,-1.34759,-0.32162,0.01406,-1.02165,1.59562,-1.83948,2.25651,-0.34322,-0.98263,-1.53577,0.77005,2.77365,0.13272,-1.89323,0.90595,0.55404,0.32185,1.33711,-0.75853,1.55516,-0.20857,0.78071,-0.07636,0.41837,-0.07472,0.64765,0.26291,1.91181,-0.34060,-1.13258,-0.11153,-1.30055,0.43829,-1.30365,-0.69457,-0.62923,-0.27075,0.06464,1.54699,1.29382,1.11944,0.28306,-1.99854,-1.61164,-0.80204,-0.58860,-1.11620,-0.20588,-1.40926,-0.81026,-1.28189,1.71702,1.18522,0.44835,0.83186,-1.96344,-1.03762,-1.19043,-0.32452,-1.20928,0.39261,-1.78301,-1.71878,-1.15895,1.29500,1.35510,0.73873,0.85227,-1.65314,-1.71813,-1.18088,-0.77801,-1.76926,0.37197,0.47366,-2.10879,0.15647,0.05157,1.47422,1.87036,0.56219,-0.65408,-1.83429,-0.03555,-0.71578,-1.14084,-0.43984,-0.96403,-1.74773,0.27575,-0.38950,1.39864,2.09835,-0.46307,-0.23978,-0.87542,-0.56193,-1.18184,-1.75822,-0.12423,-0.75993,-1.12293,-0.48925,-0.59631,1.65074,2.19048,-0.97102,-0.17764,-0.92908,0.07065,-1.47605,-0.98146,-0.89419,-1.14539,-1.56535,-0.96075,0.15663,0.60140,0.40414,1.42913,0.28322,-0.63184,-0.09708,-0.39324,-1.13119,-1.67692,-2.09885,-0.66689,-0.49481,1.14631,1.17550,0.28352,1.22699,-1.47051,-1.98110,-0.48000,0.16951,-1.94869,0.42557,-0.40620,-1.84076,0.22513,2.04207,0.80368,-0.04487,0.98341,-2.09529,-1.16894,-1.17459,-0.09346,-2.17299,1.46381,-1.00355,-2.51252,0.17787,1.85954,0.69858,-0.33449,0.88453,-2.20007,-1.28984,-0.49743,0.14123,-0.85524,1.17118,-1.21388,-1.41880,0.61362,1.73514,0.63930,-0.02789,1.06412,-2.45598,-0.50499,-0.82992,-0.90370,0.34702,0.14551,-0.70924,-1.27838,-0.15880,0.97521,0.63367,0.60587,1.57538,-2.20593,-0.14686,-0.43101,-1.72909,1.54581,-0.91954,-0.94634,-0.55457,-0.95776,-0.34816,0.32821,1.33895,0.90228,-1.09069,-0.22599,0.37470,-1.65266,1.09308,0.72393,-1.64455,0.48458,-0.79138,-0.79156,0.44249,1.12572,-0.56115,-1.13823,-1.11614,0.08645,-0.38013,2.11770,1.34300,-0.25237,0.29232,0.81086,-0.88674,0.54932,1.02626,0.01069,-0.71554,-0.97667,0.26617,-1.11183,1.42531,1.09127,-1.13412,-1.15253,0.32712,-1.11313,0.38646,0.82876,-0.71453,-0.08713,-1.03427,0.68447,-1.22420,0.93276,0.92635,0.16671,0.20740,-1.10840,0.62113,-1.06877,-2.63400,2.11209,-0.38000,0.67954,2.36231,0.95919,-0.85046,1.33125,0.86143,-0.95559,0.54498,0.05268,-0.69434,-1.48364,2.91696,-0.37592,0.31982,2.12461,0.53593,-0.32631,0.62252,1.04777,-0.24737,0.64935,-0.21819,-1.49821,-1.11975,1.06312,0.15981,0.73638,1.51321,1.95626,0.61286,0.64752,0.14538,-0.33831,1.13829,-0.54825,-1.08276,-0.07559,1.07720,0.18020,0.15669,1.02526,0.71819,0.06117,1.21508,1.06307,0.30547,0.35795,-0.51739,-0.75298,-0.13636,0.23352,0.11890,0.53139,1.12653,0.89131,0.73923,2.00976,1.28877,-1.27656,0.95500,-0.74559,-1.08709,0.20844,-0.00812,-0.11550,0.79845,0.64481,0.63027,-0.35410,1.42774,2.09572,0.44736,1.73107,-0.64595,-1.29410,-0.03422,0.33238,0.33289,0.39749,0.50991,1.73311,0.73903,0.32747,0.37111,0.35687,1.64484,-0.72383,-1.21790,0.34443,0.17095,0.18492,1.13678,0.31773,1.03125,-0.17656,0.65876,1.04685,0.46760,0.59100,-0.78577,-0.98449,-0.05315,-0.73759,0.66920,0.49340,0.37780,2.30699,0.29580,0.44437,0.70444,0.69465,1.73278,-0.75846,-1.12441,-0.02924,0.08989,0.59841,0.67935,1.53563,0.93970,0.10322,0.54455,0.92966,0.15766,-0.30363,-0.95352,-0.91964,0.07737,0.13544,1.28890,1.02572,0.82565,0.19650,-0.03298,-0.28658,0.84766,1.21331,0.62921,-1.32535,-0.65373,0.31945,0.55152,1.44647,0.76746,0.30241,0.66352,0.11617,-0.04246,1.27959,0.62225,-0.40128,-1.33036,-0.18475,0.71439,-0.88892,0.50724,-0.13402,0.39433,1.23591,0.64176,0.14973,1.17634,1.20974,0.61617,-1.48802,-0.61021,-0.04778,-0.49353,1.15778,0.20611,0.90251,1.31619,0.96637,1.10015,1.53942,0.70790,0.24992,-1.52899,-0.52026,0.25663,0.35776,1.59232,0.36333,1.06843,0.31672,0.74362,0.12979,-0.40063,0.71378,0.41689,-1.43870,-0.55303,0.13517,-0.44025,1.43623,0.65078,0.97619,0.62598,0.41006,0.17724,1.21951,0.83851,0.71693,-1.41433,-0.31198,0.29965,-1.06505,1.24191,0.98324,0.54810,0.03802,1.13322,-0.03589,1.50731,0.91538,-0.95805,-1.32970,-0.41549,0.16746,-0.06511,1.08081,0.77555,1.08560,-0.23409,-0.27696,0.14146,1.18102,1.45669,0.02111,-1.23151,-0.09707,0.38864,-0.63166,1.45667,0.55436,1.13723,-0.00582,-0.86476,-0.78467,-0.25099,0.15660,0.32348
# [10/100] 'pokedex' OK
pokedex,0.35175,-0.18605,-0.97922,-0.68901,0.22473,0.65792,0.33398,0.68290,-0.05072,-0.95672,0.08368,0.34282,-0.27324,0.23303,-0.57412,-0.93398,-0.21623,0.59066,0.84379,-0.09070,0.41628,-0.56143,-0.31238,0.11484,1.05530,-0.14777,0.15424,-0.57870,-1.16446,-0.86785,0.26784,0.87492,0.08609,0.30600,-0.69935,-0.09094,1.27980,0.22237,1.23780,0.19283,-0.52553,-0.90794,-0.17695,0.66147,0.81602,0.15208,-0.06583,-0.41369,-0.70871,0.37282,0.20506,-0.19214,0.16609,-0.50477,-1.01794,-0.42399,0.61168,1.36590,0.57389,-0.46430,-0.49855,-0.27876,0.01359,0.87475,0.64502,0.19619,-0.48459,-0.79992,-0.17274,0.58462,0.27321,0.23556,0.26998,0.40244,-0.58721,-0.97686,0.61495,0.92938,0.19180,-0.24276,-0.62690,-0.40434,0.61424,0.84683,0.41318,-0.19564,-0.52402,-0.70392,-0.36822,0.33556,0.04363,0.19432,-0.29079,-0.81856,-0.30947,0.00286,0.58999,0.42020,-0.05729,0.01521,0.03782,-0.23213,1.34022,-1.00372,0.14812,-0.45987,-0.65013,0.55636,0.34118,0.09080,0.20821,-1.01129,0.50317,-0.01466,0.72573,0.20686,-0.45475,0.17737,-0.26562,-0.34220,-0.26836,0.32679,0.65255,0.01427,-0.84608,-0.25995,-0.03506,0.77437,0.34023,-0.59442,0.07276,-0.45389,-0.62378,-0.11541,0.28243,0.30494,0.14118,0.64689,0.42232,-1.30285,0.03361,0.57478,0.76470,1.75063,-0.29806,-1.21872,0.97800,0.15811,-0.00843,-0.77381,-1.41200,-2.17409,-1.59668,0.37991,-1.34093,0.80571,2.03154,1.15593,-1.89350,-0.94043,-0.21318,-0.98058,-1.92400,-0.19262,0.00852,-1.95262,-0.45180,-1.71069,-0.03112,1.81388,1.68062,-1.74212,-1.98024,-0.27381,-0.30625,-2.39139,-1.23537,1.95423,-1.73616,-1.75239,-1.48010,-1.77157,1.59552,1.93900,-1.81151,-1.15930,-0.51057,-0.38900,-2.40384,-0.91268,2.05417,-2.33137,-1.21128,-1.67664,-1.53381,1.14530,1.93666,-0.65435,-1.29129,0.05355,-1.50086,-2.21727,-1.23548,1.59396,-2.01250,-1.77010,-0.45966,-0.82767,0.22691,1.79342,0.25918,-1.84100,0.72546,-1.09271,-1.38265,-0.99373,2.10340,-0.68132,-2.44290,-0.84891,-1.23761,0.16436,0.79697,-0.57931,2.65945,0.53811,-3.31251,-0.28903,0.42031,0.32909,0.62794,-0.50034,-0.66436,-2.48602,-0.43147,0.70506,0.40561,-1.10131,0.80463,-1.55696,-0.89897,-0.52154,0.95045,1.19772,0.83488,-0.50187,-1.80096,-0.24728,0.24299,0.49442,-1.56809,0.23814,-0.14086,-1.03794,0.20587,0.18944,0.54465,-0.08359,-0.19738,-0.08465,0.83434,-1.24445,-0.82142,-0.11521,-0.61877,0.37156,-1.03033,2.04253,-1.09032,0.03668,0.00015,1.19130,0.25040,0.46528,-0.86060,0.14187,-2.16813,0.14829,0.46197,-0.16972,0.62852,-0.06019,0.64236,0.71225,0.64760,-0.26997,0.23000,-0.04072,1.86158,0.54365,-0.09462,0.04400,-0.95938,-0.98467,-1.22323,0.49549,-0.84790,-0.40147,-0.34113,0.83982,1.18538,1.34367,0.29481,-1.34629,-1.61305,-0.78326,-0.93925,-1.62019,0.57155,-0.90389,-0.53925,-0.85093,1.24880,1.02964,0.55819,1.02457,-1.83503,-1.07700,-0.79642,-0.45769,-1.11285,0.14980,-1.85879,-0.63630,-0.29357,1.29931,0.90696,0.37973,1.12251,-1.66164,-1.32192,-0.97022,0.36054,-1.36352,0.30270,-1.40613,-1.13084,-0.10978,1.03638,1.18640,0.47251,1.49573,-1.26088,-1.79354,-1.16705,-0.36920,-1.96156,0.03637,-0.24080,-1.38011,0.91757,0.01520,1.36710,1.88614,-0.12398,-0.52443,-1.21710,0.19835,-0.69655,-1.50984,-0.42511,-1.13241,-1.11398,-1.03215,-0.23183,1.36171,1.69631,0.91301,-0.16583,-1.33141,-0.19446,-1.20666,-0.75381,-1.09027,-1.37802,-1.16560,-0.00459,-0.42243,1.37536,2.02459,-0.14745,0.16737,-1.18708,-0.27058,-1.08590,-1.10813,-0.66642,-1.27541,-1.07798,-0.44484,0.23537,0.95550,0.38464,0.53551,0.43985,-0.64156,-0.95014,-0.70225,-0.83576,-1.14676,-0.97000,-0.81983,-1.23260,0.95552,1.14130,0.26362,-0.10336,-1.23825,-1.06697,-0.56520,-0.41674,-1.69782,0.54332,-0.40276,-1.36733,0.05055,1.38262,1.14458,-0.07426,0.20306,-1.79547,-1.27648,-0.51256,-0.28588,-1.74236,1.52647,-1.06302,-1.73216,1.06513,1.52445,0.99454,-0.23883,0.14666,-2.14921,-0.72352,-0.52475,-0.42940,-0.86745,0.60036,-1.43852,-1.51466,0.89315,1.44303,0.96465,-0.06511,-0.17433,-2.11663,-0.38557,-0.85215,-0.56872,-0.66426,0.62250,-1.27209,-1.05445,0.44245,1.25315,0.96778,-0.09824,0.88078,-2.30408,-0.06951,-0.92657,-1.66029,0.33081,-0.79026,-0.15986,-0.85553,-0.30172,0.53329,0.93050,1.10288,0.12493,-2.01140,-0.03399,-0.72078,-1.55166,0.86314,-1.11074,0.55731,-0.28953,-1.69136,-0.48143,0.33221,1.24446,-0.06598,-1.58405,-0.34667,0.32694,0.29847,2.08174,1.20249,0.51494,0.17543,-1.86561,-0.72285,0.48544,1.30497,-0.82775,-0.60071,-0.67002,0.34794,-0.61027,0.76167,0.99445,-0.21064,0.59686,-0.09037,-0.94728,0.39435,1.40051,-1.20149,-0.52513,-0.62253,0.11609,-1.08641,0.83372,1.36018,0.46742,-0.08024,-1.67996,-1.11496,0.28146,1.71554,-0.57822,-0.09462,-0.83445,0.18901,-1.06694,-0.01082,0.84064,-0.45479,0.53344,-1.00465,0.53379,-1.16441,-2.32101,2.37671,-0.03620,0.66511,0.55286,-0.27065,0.22563,-0.83618,-0.21503,0.27655,1.55364,0.74958,-0.90280,-1.92407,1.80491,-0.86533,0.84838,0.56754,-0.68328,-0.10779,-0.63976,0.26142,0.73939,1.15790,-0.14311,-1.71039,-0.38002,1.81048,-0.68088,1.12750,1.05896,1.76701,0.20909,0.92626,1.24143,0.70829,1.22077,-0.44761,-1.07965,-0.08591,0.41961,0.23003,0.71457,1.02714,0.96456,-0.20287,1.75707,0.48981,0.29128,1.36084,-0.73934,-1.29179,-0.29645,1.43576,0.27377,0.81236,1.29497,1.05974,0.38709,0.39992,0.96315,0.55381,2.64895,-0.94070,-1.26308,0.16322,0.89937,0.52458,0.85066,1.49878,2.12970,0.50351,0.56743,0.31357,-0.98975,1.30902,-0.97566,-1.32307,-0.10422,0.91581,0.82994,1.09186,0.91752,1.27266,1.55713,0.59843,0.64179,-0.40158,0.51759,-0.91757,-1.06372,-0.40471,1.19441,0.88525,0.40651,1.22869,1.41856,0.61458,0.99764,1.28398,-0.20144,0.23844,-1.07388,-1.38699,-0.50494,-0.31887,0.82453,1.32924,1.53187,2.73108,1.01169,1.39714,1.10460,1.30754,0.63741,-1.22293,-1.23996,-0.31455,-0.36859,1.30430,0.73790,1.26256,1.34385,0.36892,1.00692,1.65679,0.73102,0.06854,-1.24787,-0.99792,0.17247,-0.02146,0.95419,1.22554,1.94002,1.26374,0.50124,0.54436,0.78390,0.56280,-0.13005,-1.30987,-0.95161,0.69206,0.23127,0.91440,1.19946,1.22747,1.40874,0.30939,0.04391,0.37343,-0.09581,0.75450,-1.30296,-0.84989,0.35296,0.59748,1.17188,0.78300,0.58259,1.62785,-0.01940,-0.30320,1.43873,0.44460,-0.17973,-1.37718,-0.73465,0.31891,-0.47037,1.15713,0.77715,0.33343,0.57279,0.93438,0.79652,0.81290,1.25250,0.49212,-1.46411,-0.53163,0.85658,-1.64306,1.21159,-0.30162,0.26627,-0.04410,0.06688,0.94877,1.50799,2.10018,0.93702,-1.63149,-0.86548,0.49227,0.18292,1.27850,0.59876,1.27430,-0.81326,0.57133,2.55009,1.92486,0.47709,0.19740,-1.65481,-0.99891,0.92516,-0.22018,1.06405,1.21665,0.97629,-0.15639,0.31991,-0.02324,1.12235,2.44618,0.65744,-1.51803,-0.81512,0.05726,-0.33591,1.43529,1.04894,1.34589,0.74519,0.41879,-0.37809,1.35159,1.42343,0.37265,-1.37466,-0.57621,0.27996,-0.29572,1.61171,0.98586,1.27281,0.37358,0.60140,-1.39663,-0.17942,1.57605,0.40045,-1.44519,-0.49767,1.14702,-0.64167,1.05386,1.18829,0.88623,0.27266,-0.86444,-0.75944,1.06150,1.58014,1.39222
# [11/100] 'pokedex' OK
pokedex,0.33896,-0.28938,-0.77581,0.74289,0.22850,0.45511,-0.01514,-0.36261,-0.06630,-0.42244,0.88760,0.43129,-0.50685,0.19273,-0.57627,-0.72825,0.32853,0.47277,0.90328,0.30698,-0.37248,-1.07325,-0.46929,0.29369,0.88446,-0.40799,0.06571,-0.61871,-0.79816,0.22901,0.56704,0.55697,0.45512,-0.22880,-0.62349,-0.48030,0.65025,0.93339,0.71703,0.11288,-0.58382,-0.63196,-0.79662,0.03225,0.58159,0.66557,0.50418,-0.15704,-0.32031,0.40208,0.66051,0.95782,0.02652,-0.42217,-0.62872,-0.22757,0.45019,0.69971,0.52704,0.77660,0.67612,-0.83068,-1.33774,-0.67569,-0.24998,0.10411,-0.23031,-0.59856,0.19897,0.36490,0.12108,-0.06117,-0.23806,-0.58452,-0.58017,0.20090,0.15212,-0.29748,0.11443,-0.61986,-0.66395,0.31029,0.44106,1.10961,0.59682,1.21148,-0.59942,-2.00499,-0.76265,-0.07739,-0.55434,0.00622,-0.86063,-0.91789,0.56998,0.38981,0.49422,0.61472,0.78075,0.56362,-0.18037,0.81965,1.45304,0.43327,0.06625,-0.51212,-0.66216,0.28303,0.91877,0.61436,-0.41530,-0.48505,-1.11560,-0.70313,-0.04381,0.55090,0.87812,0.06209,-0.61027,-0.64609,-0.83728,0.65602,1.00901,0.06200,-0.87409,-0.33375,-0.53289,0.55762,0.84016,-0.78484,0.03664,-0.41645,-0.89862,-0.39013,0.81743,0.44985,-0.16478,-0.61604,0.22242,0.05206,0.30452,-0.36398,0.39972,0.11580,-0.03610,-1.03112,-1.31543,0.74689,0.60508,0.39933,-0.49002,0.04866,-0.29827,0.01556,0.64610,0.01916,0.10390,-0.30958,-0.62796,0.44115,0.57060,0.25662,0.27552,-0.31670,-0.66668,-0.03905,0.77969,0.74010,-1.17950,0.14273,-0.43894,-0.47507,-0.59955,0.31545,0.79235,0.61280,0.55542,-0.80424,-0.86679,0.99880,0.34040,0.06934,0.05943,-0.45185,-0.64722,0.38977,1.10295,0.83075,-0.26057,-0.95737,-0.74475,-0.82978,0.63539,1.20578,0.30160,1.91044,-0.36964,-2.16283,0.87227,-0.05760,0.69068,-0.45838,1.21556,-0.19647,-1.32445,-0.65613,-1.15053,-1.16635,2.15701,1.18170,-1.88602,0.16096,-0.27083,-0.64852,-2.49898,0.24744,-0.05638,-2.17300,-0.21385,-1.13862,-1.24642,1.70730,1.89380,-1.48051,-2.74817,0.01415,-0.41295,-2.27026,-1.36080,1.04126,-1.73836,-0.95311,-1.70106,-1.78075,1.49972,1.86714,-1.17218,-1.40294,-0.36811,-1.03220,-1.94632,-1.37128,1.45928,-1.87796,-0.96478,-1.81977,-2.12292,1.04810,1.91563,-0.24009,-1.71549,-0.30526,-1.65835,-1.36404,-2.38234,1.58333,-1.60156,-1.66090,-0.52815,-1.35711,0.21044,1.97449,0.78193,-1.94902,0.30925,-1.42148,-1.22849,-2.96390,1.05836,-0.64081,-1.89913,-0.18638,-1.03147,-0.42893,1.55883,1.22636,-1.74101,0.51655,-1.20250,-1.13332,-1.15471,1.83162,-0.12403,-1.78166,-0.53419,-0.83049,-0.74578,1.04007,1.37908,-1.54809,0.63318,-1.51641,-0.90086,-0.48389,1.36799,0.18311,-0.26838,-0.11231,-1.17928,-0.36224,0.15551,0.90515,-0.89293,0.07008,-0.28956,-0.50494,-0.99294,0.07181,0.72181,-0.08760,0.16835,0.18254,0.87574,-1.44905,-1.12101,0.25012,-0.46585,0.89910,-0.94825,0.78752,-0.55845,1.23679,0.82454,0.68378,2.31597,0.48233,-1.19492,0.97368,-0.88987,0.55410,0.72644,-0.94406,1.10957,-1.41468,-0.08611,-0.14557,0.86780,-0.15628,0.90873,0.74831,2.25534,-0.11862,-1.18935,-1.09221,-2.14456,-0.13682,-1.79859,0.64091,-0.87043,-0.75180,-0.78192,1.19097,1.26872,1.40324,-0.24154,-1.90017,-1.25570,-1.07921,-0.18748,-1.33545,-0.41654,-0.80056,-1.92804,-1.03616,1.37343,1.12114,0.43604,0.53747,-1.70366,-1.46001,-0.63859,-0.09051,-0.78618,-0.14523,-2.07984,-1.48597,-0.01805,1.14286,1.23387,0.46780,0.93524,-1.60616,-1.66627,-0.88352,0.20573,-1.79703,-0.11564,-0.72917,-1.90401,1.08888,0.10087,1.49971,1.58130,0.48444,-0.81464,-1.79783,0.05642,-0.26003,-1.46601,-0.32937,-1.39169,-1.90032,0.01795,-0.29019,1.36242,2.00338,-0.31597,-0.38991,-0.76944,1.09655,-1.01429,-1.84473,-1.69343,-1.15579,-1.29320,-0.68605,-0.49854,1.36934,1.99480,-0.05301,-0.03188,-1.69188,0.77094,0.13443,-1.83385,-1.51857,-1.14788,-0.60111,-1.12233,0.33058,0.60573,0.35145,0.91843,-0.07904,-0.54397,-0.62394,-0.75163,-0.77914,-1.48932,-1.43219,-0.51924,0.43480,0.84648,0.93432,0.44108,0.16688,-1.25184,-1.68330,-0.20609,0.02130,-1.07582,1.15698,-0.83955,-1.32077,0.40724,1.55005,0.82010,0.03595,0.26715,-1.92685,-1.28486,-0.39408,0.24202,-1.77491,0.94502,-0.41186,-1.72209,-0.26944,1.67275,0.65838,0.01100,0.17066,-2.26609,-0.40663,-0.71344,0.46144,-1.33009,0.84944,-1.28707,-1.21096,0.09978,1.54408,0.72286,0.03640,-0.05152,-2.13146,-0.47344,-0.73813,-0.36054,-0.69658,0.68737,-0.82454,-0.83236,-0.10805,1.23445,0.85990,0.28473,0.42189,-2.24282,-0.22949,-1.32803,-1.39351,0.34293,0.02519,-0.04576,-0.54706,-0.39260,0.29228,0.81345,1.41392,0.16011,-1.63128,-0.43179,-1.01387,-1.71633,0.96510,-0.37717,0.13007,-0.04500,-0.51844,-0.52288,0.35073,1.30060,-0.56871,-1.35539,-1.23289,0.08593,0.07016,1.81994,1.13508,-0.40264,0.35721,-0.46156,-0.80512,0.27196,1.65839,-0.85563,-0.85748,-0.83458,0.27669,0.02561,1.13189,1.07589,-0.29616,0.00486,-0.78658,-0.85379,0.34354,0.79000,-0.65528,-0.25380,-0.65413,-0.19314,0.41988,1.09855,1.27816,-0.06145,1.28074,-1.07759,-1.17219,0.21656,1.32569,0.05182,0.53755,-1.10036,-0.35180,-1.32039,1.17075,0.91102,0.07158,0.36992,-1.07195,-0.09758,-0.75913,-1.14416,2.45115,-0.35820,-0.53223,0.95966,0.15205,1.35527,-0.26942,-0.21591,0.93869,1.24271,0.44250,-0.83335,-1.79921,2.33679,-0.60683,-0.03367,0.21850,0.66460,0.81430,0.86532,0.77659,1.00438,1.32425,-0.14621,-1.55153,-0.61750,2.72679,-0.67358,1.16918,0.92008,-0.54404,0.61340,1.55238,2.00300,0.40943,0.53446,-0.59080,-1.25003,-0.31135,1.27138,0.19138,1.48356,1.32893,-0.05104,0.63862,2.09891,0.03065,-0.60184,1.19166,-0.85466,-1.43220,-0.74834,1.25715,0.46573,0.89254,1.45384,0.55289,0.46004,2.25041,1.54152,0.49110,1.30823,-0.83348,-1.25084,-0.49476,0.11500,0.84283,1.50938,1.24326,1.16261,-0.20757,0.71121,0.99855,1.72921,1.52080,-1.14559,-1.50943,-0.36542,0.15461,1.03392,1.64829,1.20527,2.56267,0.81557,1.22001,2.18492,-0.84711,0.85766,-1.15352,-1.23929,-0.18783,0.86323,0.77652,1.39320,1.12324,1.59269,0.44735,0.51751,0.59138,-0.14832,1.32538,-1.20292,-1.13067,-0.48341,-0.39867,0.74811,0.87998,1.20002,1.11823,1.17668,0.76636,1.73650,0.56018,2.31135,-1.28390,-0.85745,0.22856,-0.94229,0.74359,0.96949,1.48393,1.17415,0.37494,0.81861,0.46311,1.48787,1.13627,-1.33539,-0.90801,0.16492,0.43231,0.99879,0.63927,0.96162,1.07137,0.16064,0.85460,1.38989,0.48623,1.35309,-1.47447,-0.87126,0.04643,1.23647,1.58215,0.67196,1.07208,1.54576,0.18903,0.67836,0.91652,0.33637,-0.12491,-1.61762,-0.80496,0.21879,0.41235,1.43065,1.20047,0.94176,0.14930,0.88044,0.27839,1.21192,1.35868,0.66630,-1.48317,-0.65638,-0.08672,-0.51818,1.25831,1.23306,0.86423,0.39729,0.11838,-0.08386,1.05584,1.60018,0.51778,-1.81666,-0.74159,0.43861,0.78000,1.41630,0.54485,1.18613,0.11043,0.40558,0.80150,1.56301,0.84443,-1.69057,-1.61957,-0.44883,0.44670,-0.42946,1.34669,0.71784,0.85107,0.63085,0.29516,0.16740,0.89775,1.10790,-0.11996,-1.73428,-0.55317,0.43155,-0.72537,1.19361,0.60781,1.60725,1.82372,0.52191,0.08351,-0.16532,1.02169,1.50506
# [12/100] 'pokedex' OK
pokedex,0.36035,-0.34074,-0.74280,0.65104,0.54435,0.29274,-0.13683,-0.25267,0.13410,-0.50820,-0.11889,0.08990,-0.85040,0.13872,-0.40127,-0.45956,-0.08793,0.35798,0.91895,-0.02074,-1.64265,-0.57251,-0.77678,-0.01807,-0.03835,0.10857,0.26820,-0.25771,-0.80441,-0.51973,0.57586,0.70114,0.73874,0.26445,-0.58691,-1.72009,0.35089,0.19056,-0.18711,0.25629,-0.38730,-0.85124,-0.69134,0.36050,0.35196,0.09625,-0.94342,-0.29833,-0.00010,0.22295,0.51155,-0.19218,0.23116,-0.13035,-0.77003,-0.05998,0.64985,0.80037,-0.02204,-1.07673,-0.45641,-0.73603,-0.51583,-0.08263,0.43114,0.16992,-0.30816,-0.72214,-0.28365,0.76717,1.19686,-0.13224,1.13150,0.12069,-0.99673,-0.56575,0.76171,-1.03732,0.16142,-0.40408,-0.63120,-0.56164,0.83506,0.67569,-0.58548,-0.81326,-0.09755,-0.76070,0.16446,0.90901,-0.83107,0.12503,-0.66998,-1.12795,-0.45021,0.61885,1.03576,0.03641,-1.10540,-0.35232,-0.27690,1.02235,0.40842,-0.34666,0.16501,-0.40420,-0.75981,0.15791,0.26593,0.67367,0.49747,0.46140,-0.68069,-1.06263,0.83458,0.64744,-0.56796,0.23523,-0.56648,-0.96016,0.74460,0.71453,1.31660,0.39068,-0.41556,0.50785,-0.82247,-0.33547,-0.11517,-0.26076,0.19605,-0.28825,-0.38654,-0.46455,0.26260,1.03841,0.15830,-1.23212,-0.24331,-1.00649,-0.75579,-0.08123,0.29356,1.55512,-0.43417,-1.99077,1.10827,-0.46261,0.32201,-0.67064,1.76758,-0.09677,-0.71535,-0.07365,0.13049,-0.22844,2.23270,0.98759,-1.80873,-0.37751,-0.23431,-0.74268,-2.17268,-0.22017,-0.77808,-2.11277,-1.41987,-0.65735,-0.79321,1.55656,1.97828,-1.45012,-1.42039,-0.10956,-1.38290,-1.93966,-0.39889,0.70539,-1.65987,-1.83271,-1.55357,-1.73206,1.55201,1.85448,-1.54527,-1.40315,-0.44628,-0.72291,-1.88702,-0.58298,1.08440,-2.14304,-1.13490,-1.25545,-2.38658,1.36254,2.05113,-1.11246,-1.86949,-0.36954,-0.83140,-1.89457,-1.59436,0.75681,-1.84373,-0.71087,-0.42579,-2.23441,0.61182,2.02408,0.30946,-1.84747,0.05870,-1.23017,-1.45803,-2.16643,1.11641,-0.81619,-1.04386,-1.01724,-2.31008,-0.11545,1.44713,0.56660,-1.55180,0.78983,-0.70580,-1.19493,-1.19409,0.94670,-0.77602,-0.52970,-0.97776,-1.63862,-0.44431,0.83766,0.65402,-0.70662,-0.08215,-1.98979,-0.20054,-1.10412,0.28425,1.22253,0.33088,0.07425,-0.84262,-0.27942,0.22614,0.73887,-0.36493,-0.33202,-1.05721,-0.53450,0.22790,-0.39128,0.92849,0.19819,-0.00360,-0.78759,0.92022,-1.16900,-0.72311,0.74573,-0.41915,0.85550,-0.71383,2.03600,-1.86362,-0.65831,-0.66075,0.31799,0.57650,0.10176,-1.15916,0.87715,-0.54236,0.21182,1.15944,-0.89940,1.16527,-0.22034,0.79648,-1.09943,0.52853,0.06059,0.54232,0.77739,2.37681,-0.62627,-0.92278,-0.43132,-1.83939,-0.54369,-1.46462,0.48027,-1.30964,0.08486,-0.74325,1.18375,1.03024,1.19282,0.47407,-1.75273,-0.99182,-0.93039,-0.57709,-1.47491,-0.28301,-1.20510,-1.25010,-0.84148,1.23790,1.03979,0.89454,0.22972,-1.68902,-0.84407,-1.06701,0.38047,-1.25725,-0.06959,-1.87201,-1.86310,0.00845,1.37109,0.97563,0.39903,1.10916,-1.60173,-1.60984,-1.09445,0.02541,-2.03456,0.49123,-0.91711,-1.92296,0.64880,0.56908,1.16308,1.40148,0.83495,-0.88822,-1.58381,-0.51572,-0.85002,-2.29968,0.22325,0.00802,-1.77955,0.85382,-0.18461,1.04775,2.33222,0.18254,-0.24958,-0.39835,-0.04907,-0.42334,-1.23548,-1.04403,-2.40464,-1.46683,0.02573,-0.29949,1.47451,2.03143,-0.63962,0.17530,-1.38442,-0.43052,-0.54922,-1.71166,-0.65231,-1.51331,-0.94484,-0.69296,0.27036,1.12178,-0.03740,-0.85004,0.28417,-0.11253,-0.23214,-1.40888,-0.81775,-0.75794,-1.09762,-1.15974,-1.09996,0.83584,0.96988,0.46445,0.13829,-0.68449,-1.72083,-1.03510,-0.83113,-1.14172,0.97965,0.13883,-1.47795,0.17893,1.37260,1.03588,-0.06919,0.91457,-1.73868,-1.56082,-1.02407,0.28003,-1.86221,1.22946,-0.26778,-2.07460,0.93667,1.52661,0.90562,-0.29698,0.37192,-1.96705,-1.38271,-0.43551,-0.00756,-1.12327,1.03111,-1.11615,-1.71074,1.05109,1.57358,0.75090,-0.18786,0.24975,-1.98194,-1.14618,-0.55397,-0.26368,-0.69459,0.45781,-1.34705,-1.21062,0.67216,1.29204,0.88739,-0.18954,0.77412,-2.10195,-0.58283,-0.85506,-1.11645,0.28342,-0.43070,-0.46351,-0.78599,0.55759,0.70843,0.84221,0.86216,1.24483,-2.05054,-0.66487,-1.11557,-1.35685,1.03813,-0.74077,0.39961,-0.15018,-1.19576,-0.40108,0.33102,1.51147,-0.06383,-1.22261,-0.61599,0.27791,-0.65278,2.33260,1.74354,0.28729,0.03879,-0.72614,-0.66456,0.42592,1.28724,-0.22972,-1.07736,-0.61593,0.25304,-0.64429,2.13955,0.97683,-0.13200,0.86543,0.55973,-0.86064,0.43214,1.56681,-1.11645,-0.41586,-1.17614,0.32403,-0.28463,1.48198,0.60883,-0.23384,0.82325,-0.40726,-1.01131,0.39092,1.42103,-0.65690,0.17215,-1.21403,0.22039,-1.09757,0.79591,0.15348,0.65416,0.20107,-0.54914,0.40841,-1.40210,-1.93149,3.83597,-0.86400,-0.74577,0.70698,1.11035,-0.15233,0.03675,1.97713,1.14855,0.87676,0.32241,-1.02410,-1.41412,1.94113,-0.98846,-0.11134,1.05043,0.51520,0.11114,0.84369,1.81613,0.99342,0.62611,-0.08369,-1.73441,-0.78132,2.39772,-0.47127,0.58590,1.55455,0.96419,0.54991,1.46018,0.27357,0.71009,1.33184,-0.44702,-1.08479,-0.63331,1.42518,0.08868,1.21910,0.62674,0.47176,-0.10765,2.34492,1.65727,-0.09931,0.31229,-0.47858,-1.21528,-0.55215,0.76554,0.28690,1.10752,1.15856,1.71209,0.89243,1.60828,0.15816,-0.27540,1.04422,-0.80648,-1.16370,-0.38293,0.06090,0.24681,1.03219,0.79749,1.64199,1.12467,1.58517,1.61114,0.05971,0.60988,-0.73150,-1.21650,-0.34290,1.25228,0.20038,0.49860,0.92169,1.21690,0.64853,0.45571,1.05197,0.54977,1.96762,-0.85519,-1.41131,-0.57663,1.12628,0.80248,0.41484,0.80776,1.31812,1.10652,1.34981,1.74149,0.62826,1.78254,-0.97108,-1.34276,-0.35210,0.25074,0.99031,1.93066,0.84280,1.94196,0.35399,-0.44009,0.98720,0.27507,2.17895,-1.09329,-1.02895,-0.21007,-1.00167,1.00137,1.13127,1.56458,0.73504,1.16213,0.84070,0.60148,0.80057,1.27719,-1.15530,-0.88502,-0.01930,0.19064,1.28870,0.91314,1.05481,0.17467,-0.54570,0.59856,1.00794,1.39235,1.47939,-1.24955,-0.79680,0.04486,-0.28352,1.11973,0.76705,1.55267,1.34735,0.18134,0.12325,1.25110,0.29885,0.17521,-1.46559,-0.85730,0.49354,-0.68909,1.25069,0.75518,1.04781,1.22297,0.34254,-1.28777,1.45802,1.94686,0.64399,-1.50196,-0.75218,0.33189,-0.50051,0.91076,0.40011,0.66019,1.20782,0.39110,0.20549,0.01174,0.97570,0.71289,-1.57550,-0.77667,0.54172,-0.21501,1.05700,1.15092,1.06727,0.79399,0.96164,0.93151,1.06004,1.52622,0.04138,-1.58465,-0.71157,0.52162,-0.48861,1.05217,0.48493,1.50328,0.26022,-0.20992,0.57247,0.69281,2.05947,1.26591,-1.44008,-0.63400,0.41569,-0.50219,1.60112,0.90270,1.46404,0.70058,0.66912,0.05241,0.11115,0.14650,-0.78320,-1.39034,-0.52686,0.26538,-0.20155,1.50936,0.05262,0.98254,0.02249,0.45934,-0.32582,1.03298,0.78220,0.33868,-1.46458,-0.52917,0.62676,-0.89861,1.20036,1.15484,1.09961,0.14956,0.39756,0.36218,0.86606,1.21431,0.59256,-1.37083,-0.29216,0.53888,-0.69335,1.51298,0.63921,0.80278,-0.17596,0.83623,0.22046,0.26884,1.07212,-0.30951,-1.48846,-0.70204,0.15563,-0.31809,1.35943,1.07662,1.38131,0.27873,0.85502,0.50996,0.44685,1.21676,0.35501
# [13/100] 'pokedex' OK
pokedex,1.36345,1.48128,-1.26265,-1.46031,0.09264,0.27781,-1.95237,-1.07112,0.87003,-1.67153,-0.62768,-0.75600,-1.70889,1.24719,1.57466,-1.38534,-1.36792,-0.05616,0.07805,-1.94662,-0.71550,1.70594,-1.77453,-0.98093,-0.74715,-1.92047,1.07862,1.36594,-0.97344,-0.80992,0.09218,-0.85377,-1.91285,-0.64730,1.62901,-1.60086,-1.19961,0.33637,-1.99836,0.59424,1.46575,-0.44176,-0.30491,0.49269,-1.07051,-1.66640,-2.06058,0.92626,-1.19604,-0.34059,0.86872,-1.98163,-0.42674,0.95671,0.60539,-1.20203,0.85217,-0.19988,-0.78474,-0.58786,1.54568,-0.32895,-0.20601,0.16142,-1.97543,-0.77760,0.42758,0.87264,-0.81855,0.52537,-0.60510,-0.41687,-0.79639,1.04322,0.99886,-0.18875,0.70461,-0.73285,-1.11882,0.00437,0.75008,-1.29111,0.44085,-0.71967,0.41145,-0.92371,1.03948,0.54170,0.21322,1.10264,-0.00995,-1.31251,-0.01343,0.69866,-1.91843,0.77418,0.10759,-0.11066,-0.58342,0.45359,0.48483,1.36355,1.00384,0.02241,-1.44668,-0.33634,0.84482,-1.56800,1.02181,0.99612,0.66800,-1.23331,-0.14147,-0.35146,0.75304,1.19438,1.00368,0.08323,-2.01179,-0.62475,-0.64941,-0.75072,1.98351,0.13507,1.73627,0.36256,1.36637,2.24219,1.38883,1.91894,0.14495,-2.45334,0.13523,-0.89030,0.30046,1.35003,-0.18797,1.85592,-0.09462,1.22990,0.35172,2.09229,1.41538,0.66185,0.22977,1.45728,-0.65388,-0.32348,-1.00859,-1.48689,-0.47144,-1.37744,0.93092,-1.01016,-0.21537,-0.84337,1.08840,0.56995,0.80960,0.51255,-1.35896,-0.86496,-1.13579,-0.57158,-1.39090,0.97449,-1.23001,-0.92419,-0.19645,1.11444,0.42623,0.12199,1.07232,-1.22617,-1.00821,-0.49009,1.13026,-1.71108,0.63810,-1.66736,-1.21218,0.56702,1.07872,0.42905,0.35193,-0.10146,-1.08632,-0.70067,-0.67587,1.18024,-1.74986,0.79460,-0.98756,-1.98298,0.91815,0.76941,0.76637,0.46175,0.86126,-0.96507,-1.41059,-1.05388,-0.23511,-1.42296,0.60629,-0.44345,-1.40290,1.52966,-0.16129,0.89819,1.27632,-0.16819,-0.27715,-0.05457,0.52445,-0.37854,-1.98303,0.22823,-0.44824,-1.25298,0.02194,-0.63439,0.65062,1.61898,0.47606,0.19942,-0.10501,1.24956,-0.96504,-1.85543,-0.58536,-0.73446,-0.40384,0.79075,-0.75746,0.80117,1.74075,0.14260,0.29338,-0.77695,0.42361,-0.54074,-0.64872,-0.49648,-1.09147,-0.94134,-0.43280,0.20265,-0.09936,-0.42535,0.75775,0.65598,0.93857,0.04651,-0.08590,-0.70722,-1.13792,-1.14991,-0.28314,0.33276,0.73371,0.55454,-0.12591,0.14428,-0.49131,-0.73332,-0.69370,0.47225,-1.44711,0.97482,-0.71960,-1.47883,2.04130,1.32629,0.42795,0.07396,0.13167,-1.46483,-0.49565,-0.60973,0.13220,-1.54860,1.32588,-1.49416,-1.01456,1.33714,1.23405,0.55030,-0.25098,-0.05671,-1.56452,-0.45609,-0.33343,0.04365,-0.86138,1.21767,-0.81482,-0.87651,-0.05493,1.21426,0.48674,-0.52767,0.01758,-1.54361,-0.08547,-0.23192,0.07318,-0.27162,0.76037,-0.65647,-1.10728,-0.04786,1.15597,0.28883,-0.18255,-0.23473,-1.51954,0.10485,-0.60103,0.12877,-0.10472,0.26499,-0.37884,-0.30521,-0.17609,0.72518,0.48964,0.24396,0.43833,-1.73978,-0.15879,-0.50373,-1.28681,0.83934,-0.60445,0.73120,0.87130,-0.44524,-0.27968,0.05561,0.98624,-0.49020,-1.31470,0.98827,0.49239,-0.36577,1.52502,-0.43168,-0.07471,0.92927,-0.80593,-0.81718,-0.10534,1.08554,-1.83971,-0.69589,-0.67455,1.10245,0.84671,1.62887,1.95627,0.01403,-0.09719,0.26253,-1.09059,-0.45500,0.76788,-1.61068,-0.20965,-0.21583,0.77905,0.07811,1.45421,0.66919,0.77784,0.68538,0.17119,-1.22417,-0.67813,0.81955,-1.08717,0.31058,-0.22837,0.19070,-0.85207,1.12440,1.33664,0.93041,0.77580,-0.45297,-1.42323,-0.63657,0.66496,-1.53927,0.68858,0.95714,0.63107,-0.05606,0.64576,0.46803,0.81357,0.70129,0.16106,-1.59618,-0.67162,0.37212,-1.44613,1.28306,0.92189,0.86372,0.20708,0.74352,0.86817,0.46547,0.88066,-0.36336,0.02695,-0.87539,-2.44527,0.33338,0.84389,-0.77777,1.03380,1.29267,0.45482,0.92681,2.40822,1.10709,0.30929,-0.73525,-1.24391,-1.30409,1.00665,1.47704,-1.06351,0.72335,1.01212,0.58696,0.93418,2.64013,1.03607,-0.11990,-0.46812,-1.50451,-2.05774,0.65777,1.10287,0.15887,2.28306,2.82013,0.52682,0.32772,2.33543,0.81670,0.53963,-0.89611,-2.13949,-1.17272,2.36000,0.89838,0.58252,2.08217,2.34702,0.15939,0.32363,1.70786,1.17191,1.28854,-0.93481,-1.53479,-0.81774,1.42774,1.35236,0.07956,1.45065,0.96787,-1.07947,-0.08839,2.03821,1.18926,0.43587,-1.04542,-0.39814,0.73429,0.99459,0.81785,-0.82669,-0.02752,-0.67789,-0.85967,-0.23683,0.58376,0.71947,0.46544,-1.60732,-1.62784,-0.17534,0.82237,1.77469,1.77129,0.97826,-0.24561,0.22958,0.47556,-0.10955,0.55414,0.66243,-1.43967,-1.25277,0.31103,0.22998,1.76668,1.84182,1.64528,1.00086,-0.07004,-0.85088,-0.12709,1.14687,0.94183,-1.65844,-1.18629,0.47470,0.82669,1.83655,1.86053,1.63215,0.53225,-0.20770,-0.73284,-0.54797,1.70894,-0.25488,-1.52359,-1.03810,0.38582,-0.43658,1.40947,2.50501,1.89495,0.70554,0.15358,-0.06684,-0.00288,-0.07036,0.66786,-1.39727,-1.26811,-0.63161,0.29119,1.75942,1.77117,0.96959,1.15452,-0.20404,0.45575,1.03618,2.02028,1.26944,0.79842,-0.94045,-1.79926,0.31418,-0.05079,1.85105,0.48667,2.00591,-0.07228,-0.12044,0.70498,-0.28274,-0.28551,1.20237,0.53123,-1.32674,-0.18889,0.21297,0.06362,-0.87053,0.58276,-1.00938,-1.76989,0.28383,-0.18212,-1.01161,1.45631,1.44270,-1.78464,-0.62735,-0.11711,-0.73524,-1.20885,-0.06488,0.49528,-2.12140,-0.70491,-0.45271,-1.21952,1.18401,1.29852,-1.42891,0.21720,-0.19009,-1.37941,-0.66023,-0.50445,1.60261,-2.32419,-1.21847,-0.71896,-1.18732,0.06623,1.49965,-0.40127,-0.90812,0.71600,-0.75464,-0.62609,-1.34029,0.81524,-0.90066,-1.03151,0.45148,-2.00473,-0.48929,0.96033,0.79012,-1.06788,0.21801,-0.44271,-0.30875,-0.78495,1.27846,0.00787,-0.94474,0.19372,-0.75422,-0.56905,0.02371,0.17151,0.73287,0.41617,0.89445,1.20384,-0.29835,0.93615,-0.13072,-0.46809,-0.89115,-0.71238,1.14157,-2.05659,-2.03277,2.37042,-0.82136,1.84361,0.98049,0.30921,0.25391,-1.62399,0.46510,0.96852,2.18968,0.83793,-0.34664,0.40221,1.53524,-1.22171,0.14227,-0.56166,-0.67583,0.35157,-1.03972,0.08692,-0.55678,-0.68247,1.15336,0.34403,0.36332,1.17797,-1.95288,0.25961,-0.71592,-0.28343,-0.45140,-0.52236,-0.46476,-1.38809,0.21455,1.09939,0.59428,-0.17347,0.91957,-1.18936,-1.04046,-0.40672,-1.20289,-0.28484,0.07742,-0.36549,-1.25849,0.37613,0.08429,0.64624,0.90826,0.69208,-0.51043,-0.95163,-0.69695,-0.48228,-0.43981,0.19517,0.79322,-1.16590,-0.72429,-0.46653,0.83035,1.49443,0.10092,-0.24229,-0.55794,-0.08987,-1.72630,-0.31818,-0.24335,-0.20443,-0.66100,-0.27077,-0.71452,0.60035,1.61764,-0.29570,0.26582,-0.06132,-0.36959,-1.06128,-0.01272,-0.81326,-0.76104,-0.28641,-0.32483,-0.39694,0.20145,0.62616,1.32568,0.60722,0.40110,-1.01815,-0.81765,-0.56534,-1.55771,-0.40479,-0.21390,-0.23041,0.34808,-0.01397,0.09994,1.11207,-0.23627,-0.99802,-0.65067,0.87931,-0.48780,0.32936,0.06781,-0.81449,0.36062,1.02032,0.52346,-0.50691,0.89563,-1.13378,-1.37736,-0.32685,0.49321,-1.26134,1.29705,0.04698,-1.68158,1.00278,1.17300,0.49037,-0.88017,0.13504,-1.24480,-1.33703,0.45059,0.60627,-0.74105,1.33590,-0.05438,-1.15490,0.71140
# [14/100] 'pokedex' OK
pokedex,0.25745,-0.17205,-0.53362,-0.28035,0.38432,1.04643,0.37458,-1.58245,-0.34879,-0.65351,-0.32518,-0.01861,-0.17414,0.00565,-0.52365,-0.42564,0.28320,0.19470,-0.08561,0.23114,0.17995,0.04782,-0.66506,-0.27409,0.44310,0.50404,0.11911,-0.55107,-1.03488,-0.01425,0.76439,0.00658,0.49140,-1.10956,-0.19359,-1.25918,0.33489,1.09186,1.53388,0.12103,-0.49469,-0.49379,-0.02850,0.15858,-0.01834,0.39417,0.73076,-0.22808,0.06784,0.59627,1.06175,-0.45540,0.17694,-0.35072,-0.78157,-0.53816,0.72802,0.83933,-0.21009,0.04914,-0.50813,-0.81354,0.46510,0.06140,-0.77431,0.02629,-0.66745,-0.58925,0.41382,0.79092,0.89352,0.18225,0.65945,0.35123,-1.41533,-0.24771,0.25745,-1.35228,0.24531,-0.20274,-0.73100,-0.28680,0.36882,0.33860,0.23882,-0.43237,0.02596,-0.71156,0.04440,0.08377,-0.49189,0.24361,-0.45473,-0.64363,0.77645,1.04442,0.72609,-0.61653,-2.01051,-0.63249,-0.51499,-0.02025,0.59188,-0.22022,0.20566,-0.55863,-0.78946,1.10304,0.34329,0.64860,-0.02091,-0.57803,0.37417,-0.87584,0.40623,-0.21567,-0.37572,0.06184,-0.71975,-0.98392,-0.27120,0.27911,0.98165,0.51527,0.53177,0.17728,-0.35975,0.68659,0.67171,-0.03385,-0.03584,-0.75229,-1.01417,-0.10597,0.44965,0.31592,0.73734,0.17650,-0.60091,0.05034,0.32159,1.20860,0.33419,0.24103,-0.45538,-0.79928,-0.41070,0.05581,0.37992,0.48440,-0.09127,-0.27313,-0.74661,1.05212,0.46485,0.57103,2.05391,-0.42876,-1.81016,0.88393,0.05507,-0.65668,-1.00375,1.58882,-1.60080,-0.94741,-0.23728,-0.89895,0.42193,2.10215,1.16515,-1.35860,-0.42722,-0.38009,-0.73923,-2.44788,0.13740,-0.42173,-1.68787,-1.03674,-1.27678,-1.20577,1.70038,2.03958,-1.73383,-1.83467,0.09516,-1.14194,-2.40609,-0.40948,1.06615,-2.02486,-1.88810,-1.61910,0.12545,1.58953,1.91865,-1.48867,-1.81718,0.16922,-1.19933,-2.05664,-0.48172,1.29318,-2.06684,-1.68855,-1.49183,-1.21857,1.36233,1.97650,-1.26124,-1.64808,0.07228,-1.22247,-1.83223,-0.43045,1.27850,-1.73387,-1.64065,-1.14475,-1.74970,0.55654,1.83683,-0.18328,-1.03731,0.55311,-1.31690,-1.80599,-1.85780,1.94464,-1.28540,-1.78719,-0.00024,-1.68430,-0.14752,1.76037,0.94192,-2.07192,0.93733,-1.72771,-1.49838,-0.95899,1.38524,-0.57998,-1.59262,-0.30593,-1.28113,-0.57254,1.41782,1.16323,-2.22781,0.94901,-1.02664,-0.70884,0.04890,1.51896,-0.87432,-1.34623,-0.06070,-0.91620,-0.91623,0.99897,1.27589,-1.87616,0.98136,-0.44789,-0.63085,-1.12260,1.72204,-0.61130,-0.79235,0.16917,-0.43070,0.83682,-1.29189,-0.76445,0.01097,-1.06836,1.92043,-0.39272,1.60976,-0.05217,-0.63815,1.01063,-0.15751,1.01570,0.54611,-1.05510,0.04802,-1.01027,-0.27532,1.26058,-0.75025,1.38024,-0.98496,0.72795,0.02537,0.23478,-0.58684,0.87086,0.60955,1.78601,0.27756,-1.49080,-0.70930,-1.60330,-0.50432,-0.93101,0.79701,-0.80350,-0.86099,0.21311,1.48408,1.06797,0.36330,0.52660,-1.76449,-1.31721,-0.55493,-0.65060,-1.42096,0.68330,-1.42991,-1.18566,0.34216,1.58094,0.73587,0.36355,1.35048,-1.93484,-1.22571,-0.41749,-0.01182,-1.20203,0.31595,-1.67768,-1.89156,0.31931,1.46957,0.70116,0.41276,1.48398,-1.85842,-1.42893,-0.49587,0.47197,-1.34683,0.35835,-0.88854,-2.46534,1.05189,0.93835,1.11459,0.87261,1.13776,-1.24269,-2.02862,-0.62446,-0.00505,-2.19515,0.42483,-0.30139,-1.82945,1.46125,-0.01404,1.32680,1.67696,-0.12390,-0.45853,-1.03152,0.39998,-1.39602,-1.68087,0.12125,-1.21669,-1.73026,0.09319,-0.53525,0.93862,2.33887,0.83967,-0.17061,-0.48726,0.26441,-1.24140,-1.03881,-0.44561,-1.38404,-1.37107,-0.50655,-0.48743,0.89698,1.55264,0.80262,0.15598,-1.65873,-0.30823,-0.65090,-0.56333,-0.22692,-0.55205,-0.32817,-0.39736,0.49274,0.70855,0.09629,0.56418,-0.34206,-1.52943,-0.23816,0.34206,-0.46858,0.21228,-0.25405,0.06646,0.90575,1.29244,0.91551,0.31140,0.50707,-1.68905,-1.30454,-0.52636,0.38659,-0.91319,1.14090,-1.29308,-1.87843,-0.01292,1.49169,0.94125,0.50081,-0.18464,-2.20270,-0.70960,-0.56081,-0.61175,-1.00268,1.54514,-0.97453,-1.43117,-0.99351,1.48991,0.89103,0.21765,-0.43273,-2.11750,-0.26604,-1.05408,-0.18916,-0.36324,0.66421,-0.67225,-0.65296,-1.18411,1.18891,0.78931,0.70880,0.50367,-2.22782,-0.33275,-1.13097,-1.40637,0.65136,-0.46723,0.49207,0.01994,-2.02016,0.04880,0.66361,1.55111,-0.20766,-1.69696,-0.20350,-0.66638,-1.91428,1.40256,0.09276,0.58275,0.60292,-1.48804,-0.61063,0.57354,1.39117,-1.84176,-1.24301,-0.71145,-0.37338,0.33756,2.26212,1.89358,0.36246,0.60721,-0.53470,-0.88263,0.40541,1.55496,-1.49516,-0.88254,-0.85492,-0.05768,-0.39367,1.74571,1.91513,0.06659,0.13257,-1.05479,-1.20261,0.17269,1.39344,-0.63950,-0.23876,-1.06320,-0.09376,-0.59548,1.57222,1.41575,-0.46230,-0.08690,-0.61253,-1.10280,0.05616,0.73936,-1.11051,0.36253,-0.05474,0.13343,-0.70070,0.89787,0.69640,0.15368,0.59750,-0.35640,0.52674,-0.73650,-2.32642,0.91614,-0.40042,0.12672,0.55263,-0.31595,1.47245,0.87743,1.46870,0.77269,1.05617,0.04654,-1.14505,-1.28381,3.07878,-0.63840,0.52209,0.90056,0.10831,0.56475,1.67805,1.06280,0.76620,0.06551,-0.37817,-1.62466,-0.60740,0.59802,-0.30888,1.76935,0.54430,0.43327,1.10705,2.40032,1.23752,0.49366,2.49940,-0.78862,-1.36909,0.01877,0.27358,0.02799,0.91163,1.60434,0.37965,-0.03278,0.42342,1.74812,1.54663,1.59430,-0.89674,-1.51625,-0.65414,0.53980,0.69721,1.74780,1.24101,0.69621,0.28968,1.08099,1.43185,-0.01007,0.81397,-0.68753,-1.21051,-1.05421,0.68631,0.53457,1.42501,1.15576,1.53570,-0.41591,1.21759,0.88104,-0.33651,1.20006,-0.73032,-1.39882,-0.65898,0.94983,0.51822,0.68113,0.69686,1.81214,-0.43297,0.15235,1.25787,0.81819,0.99922,-0.77698,-1.33292,-0.47211,1.45427,0.46011,0.86841,0.71257,1.24908,-0.35328,0.73173,2.32175,1.58227,-0.12085,-0.84390,-1.09274,-0.58428,0.75155,0.66353,0.96690,1.11125,1.00199,0.66816,0.35209,0.80394,1.43351,0.07919,-1.03624,-1.44485,-0.28888,0.80590,1.02491,0.73007,0.70085,2.18418,-0.44404,0.96411,1.40234,0.08396,2.00754,-0.98893,-1.16019,-0.30053,-0.24264,0.80036,0.89325,1.82542,2.16090,-0.48194,0.78289,0.72966,2.10997,2.26708,-1.15162,-0.51091,0.50012,0.16275,0.52762,0.75810,1.44399,1.76784,0.03796,-1.52068,0.66628,-0.50898,1.82466,-1.18827,-0.38199,0.38391,-1.04013,0.78999,0.99398,1.17709,0.70781,0.25900,0.14495,1.06376,0.23667,-0.78166,-1.34638,-0.35821,0.76634,0.41649,1.35936,0.35214,0.80002,-0.76385,-1.39316,-0.08948,0.05332,0.81916,0.20530,-1.27743,-0.21719,0.55774,0.38707,1.21888,0.16856,0.78450,-1.17141,-1.01094,-0.56751,0.01097,0.89340,-0.22937,-1.39732,-0.57952,0.42097,0.15640,0.92190,0.50628,1.28075,0.59122,0.58361,0.06881,0.43731,0.43697,-0.14180,-1.37270,-0.46719,0.36781,-0.06823,1.17100,0.78353,1.27186,0.27592,0.04144,-0.47972,-0.40600,0.34328,-0.03199,-1.49481,-0.59628,0.53747,0.08684,1.52443,0.88096,0.68855,-0.77347,-0.43939,0.72076,1.23732,1.81473,-0.38067,-1.24961,-0.28463,0.35789,-0.02798,1.17114,1.39857,1.13379,-0.00375,-0.24373,0.32603,0.27130,0.45788,0.19045,-1.26020,-0.51608,0.47946,0.57269,1.32797,0.65808,1.01369,0.83012,-0.52152,-0.78200,0.50636,0.78151,0.10271
# [15/100] 'pokedex' OK
pokedex,0.06960,-0.24743,-0.41045,-0.46375,0.66380,0.72300,0.15010,-0.28926,-0.80343,-0.14121,-0.10240,0.37984,-0.62728,-0.15089,-0.44309,-0.73101,-0.14787,0.67704,0.72168,0.58062,0.22695,0.08576,-0.48836,-0.85607,0.33921,-0.11394,-0.09658,-0.41883,-0.30198,0.23967,0.94010,-0.00261,0.38045,1.02799,0.18490,0.33622,-0.32956,-0.91960,-0.44350,-0.27652,-0.89337,-1.02652,-0.53030,0.47712,0.61107,1.34490,1.01186,0.80006,0.70560,1.42789,2.06392,0.39608,-0.19407,-0.85359,-0.75162,-1.12866,0.37499,0.29100,0.66487,0.09033,0.81645,0.03980,-0.34199,1.74833,0.79280,-0.06771,-0.58943,-0.47202,0.41360,0.82097,0.61989,0.12638,-0.58952,-0.14086,-0.35028,0.11267,0.85732,0.16508,-0.04318,-0.51627,-0.50378,-0.00132,0.69028,0.85435,0.49953,0.17490,-0.15258,-0.33700,0.11643,-0.47085,-1.11083,-0.11633,-0.49676,-0.43939,-0.00217,0.89972,1.18088,1.11005,0.70952,-0.37673,-0.11609,-0.74427,-0.86005,-2.07784,0.01954,-0.52128,-0.54058,-0.00111,0.56726,0.41444,0.00520,0.58041,-0.10810,-0.19505,0.96755,1.31559,-0.29045,0.08324,-0.31826,-0.46652,0.09517,0.55068,0.18969,-0.32529,-0.79077,-0.01830,0.00089,-0.87061,0.30072,0.46489,0.56378,0.45601,-0.87949,0.00730,-0.15162,-0.66550,-0.72982,-1.11094,-0.64429,-2.16891,1.45747,1.16302,1.57608,0.72880,0.63761,0.13948,-0.40071,-0.11144,-0.80257,-0.53766,-1.30853,-1.25762,-0.80960,-0.13279,0.09233,-1.83182,0.63824,0.70040,-0.24502,-0.91059,-0.20545,-0.90787,-0.64957,-2.30690,-0.73173,0.72199,1.13330,0.28108,-1.42843,0.46211,0.66659,-0.27879,-0.29597,-0.01299,-1.26433,-0.81507,-2.98626,-0.14657,0.35916,-0.30296,0.67790,-0.71037,2.05656,-0.49330,-2.27169,0.98558,-0.21060,0.18991,-1.00538,0.62828,-0.74616,-0.82798,0.27501,0.50526,0.08517,2.02763,1.21116,-1.67825,0.12927,-0.16431,-1.07552,-1.90300,-0.10319,-0.74026,-1.33984,-0.71751,-0.49293,-1.89143,1.38753,1.82381,-1.13270,-1.09086,0.18948,-1.52725,-2.06854,-0.61613,0.72291,-1.46012,-1.02829,-1.25961,-1.52590,1.56287,1.67814,-1.66676,-0.11755,-0.14244,-1.42678,-1.68875,-0.73116,1.77009,-2.52346,-1.21722,-0.68261,-2.19590,0.78621,1.88043,-0.44569,-0.68173,0.33276,-1.91961,-1.83787,-0.12561,1.26409,-1.81196,-1.11315,-0.09182,-2.38141,-0.06750,1.71269,0.70247,-1.36723,0.81901,-1.85951,-1.64276,0.08307,0.90309,-0.92265,-1.69819,0.92832,-1.55272,-0.73025,1.34619,1.40575,-1.31286,0.64843,-1.30886,-0.18317,-0.51040,-0.02146,0.25895,-0.87204,-0.21325,-0.53880,-1.13347,0.98439,1.41861,-0.82359,0.89189,-1.35311,0.19932,-1.04464,0.58089,0.65016,-0.53003,0.47081,-0.82239,0.97273,-1.19225,-1.56118,2.85494,-0.74646,1.05160,-0.77789,-0.26454,1.26180,-1.93566,1.34291,0.43016,-0.52283,0.74815,-1.75760,-1.46496,2.16659,-0.28918,1.92544,-1.39826,0.25844,0.80230,-2.30699,2.01059,1.03348,0.54119,0.66832,-0.12495,1.44596,0.45940,-0.87100,0.90439,-1.88837,0.32395,-1.02317,0.15458,-0.23554,-1.14585,-0.47638,1.29052,0.96902,1.20621,0.26571,-1.68163,-0.46738,-1.81290,-1.16767,-0.46527,-0.33068,-0.39631,-1.16413,-0.14914,1.37675,1.06559,0.56181,0.97125,-1.66188,-1.21362,-0.49745,-0.69428,-1.24050,0.35740,-1.55225,-1.72224,0.29609,1.25106,0.91097,0.69834,1.72922,-1.64439,-1.44356,-1.09652,0.89124,-1.83230,0.89101,-1.46484,-1.70083,1.07728,0.43440,1.11405,1.80909,0.82757,-1.06755,-1.65330,-0.51699,0.32178,-2.27036,-0.37715,-0.00457,-1.05616,1.17115,-0.28465,1.17335,2.00463,0.32162,-0.54642,-0.19645,-0.04291,-1.30167,-0.35468,-1.03081,-0.89123,-1.56337,-0.67171,-0.40402,1.06939,2.20382,-0.37026,-0.28610,-0.68770,-0.24473,-1.35199,-1.13428,-0.64471,-0.06067,-0.16594,-0.15785,-0.34421,0.83911,1.15306,0.09951,0.23411,-0.61225,-0.39753,-1.01799,-0.82486,-0.37225,0.02029,-0.32385,-0.06396,0.79063,1.08424,0.32659,0.16559,-0.94760,-1.23578,-0.49201,0.44448,-1.54877,1.43291,-0.88231,-1.96179,0.57116,1.44285,0.99411,0.21101,-0.04494,-1.53542,-1.02686,-0.95555,1.28725,-2.42538,1.54641,-0.74146,-2.29375,0.32768,1.54191,0.83705,-0.34264,-0.33171,-1.72663,-0.40284,-0.69260,0.69424,-1.89564,1.54987,-1.03182,-1.87356,0.76481,1.55775,0.66389,-0.11626,-0.43944,-1.68601,-0.23158,-0.64257,0.72152,-1.19238,1.11408,-1.72596,-1.68988,0.26703,1.41054,0.73015,-0.00984,0.02823,-1.88891,-0.30791,-0.47342,-0.25821,-0.45812,0.45635,-1.29810,-1.16647,-0.26603,0.94123,0.88827,0.73239,0.44633,-2.08278,-0.40053,-0.64845,-1.96226,0.55921,0.08664,-0.23755,-0.57605,-0.94718,-0.26814,0.74811,1.55294,-0.53587,-1.45104,-0.41664,0.59220,-1.89135,1.37557,1.10286,-0.98277,-0.36205,0.20757,-0.78405,0.60504,1.35862,-1.65851,-1.21402,-1.18735,1.10781,-0.02952,2.12403,1.57139,-0.66163,0.20222,0.26076,-0.98031,0.44562,1.15137,-1.48215,-0.64545,-0.88878,0.02989,0.46609,1.18229,0.97465,-1.18028,0.73695,0.13625,-1.36051,-0.02576,1.43600,-1.87329,0.03316,-0.52144,0.24065,0.73860,1.23351,0.56031,0.44547,0.63362,0.96387,0.21656,-1.30793,-2.16904,2.64122,-0.73990,0.69649,1.10564,1.20632,0.46722,0.03849,1.00159,-0.07846,0.25029,0.27684,-1.21774,-1.19815,1.71527,-1.17414,0.41909,1.10031,1.56509,0.79096,-0.09083,0.60967,0.89793,0.52612,-0.11448,-1.95201,-0.49207,2.46825,-0.86592,1.36604,1.67708,-0.65772,0.35995,0.70077,-0.69895,0.46498,1.50990,-0.25677,-1.47702,-0.27806,0.55853,-0.19976,0.98226,1.02776,0.99063,0.12741,1.75660,1.18734,-0.72852,1.00197,-0.69938,-1.07108,-0.24812,0.71711,0.53720,0.38224,1.09420,-0.00692,-0.21278,1.51203,1.89968,-0.11154,0.55326,-0.70381,-1.32292,-0.12994,0.77060,0.59892,0.96921,0.33292,0.78350,0.77758,1.17667,0.50556,0.89972,0.85390,-0.98974,-1.27447,-0.49287,-0.28246,0.83424,0.45168,0.83836,1.07965,1.41410,1.53364,0.55625,0.95780,1.67449,-1.18789,-1.50587,0.00542,0.46425,1.35069,1.17669,0.79524,2.33623,1.73950,0.51373,2.17523,-0.57484,1.24406,-1.12450,-1.08832,-0.14443,0.20840,1.21511,1.35067,1.34964,0.31942,-0.49943,0.07205,1.09472,0.38805,0.40079,-1.18705,-0.98718,0.64948,0.21002,0.75941,1.22987,0.54859,0.82108,-0.35499,-0.59646,0.36703,0.09129,2.08097,-0.82322,-0.95514,-0.52349,-0.98076,1.03290,1.37382,1.04253,1.80406,0.54680,-0.44809,0.77407,0.40435,0.18867,-0.51366,-0.21816,-0.68018,-1.11837,0.64343,0.52807,0.30524,0.43026,-0.13177,-1.35192,1.59478,1.28159,0.21234,-1.40195,-0.84551,0.19505,0.32097,1.57403,1.30323,0.75012,0.09774,-0.42184,0.06949,0.87333,0.62936,0.67330,-1.59694,-0.48482,0.50394,-0.97558,1.15197,1.08765,1.21370,0.27949,0.78835,0.21103,0.72312,0.22374,-0.07966,-1.49196,-0.49008,0.30294,-0.37661,1.07500,0.45969,1.12305,-0.32755,1.03387,-0.07111,1.26074,0.86302,-0.53172,-1.55428,-0.67201,0.17420,-1.43780,1.58361,1.20804,1.47798,1.11795,0.47130,0.66045,1.42990,0.98687,-0.88196,-1.46664,-0.48738,0.51494,-0.35231,1.29245,1.16811,0.79438,-0.33416,-0.43537,-0.42985,0.51147,1.55317,0.63956,-1.39419,-0.33973,0.44484,-0.40608,0.97036,0.48352,1.23010,0.01204,0.55302,0.38974,-0.68408,0.22586,0.98443,-1.49742,-0.64581,-0.21546,-0.33872,1.52092,0.69376,1.12622,0.25477,-0.12704,-0.02689,-0.28665,1.22218,1.43242
# [16/100] 'pokedex' OK
pokedex,0.27273,-0.36775,-0.29019,0.01544,0.55234,0.57096,0.14779,-0.70895,-0.19757,-0.03285,-0.39116,0.30539,0.17549,0.06985,-0.39439,-0.57728,-0.80599,0.42187,0.87274,0.29784,-0.46278,-0.42264,0.30439,0.75508,0.34500,0.35198,0.07585,-0.24835,-0.99310,-1.45197,0.32968,0.75851,0.29483,-0.21176,0.08706,1.08161,0.55042,0.14711,0.58637,0.00514,-0.57201,-1.35132,-0.33984,0.57770,0.91497,-0.03638,-0.07370,0.60414,0.33284,1.01964,1.14621,-0.02476,0.10038,-0.45607,-1.04352,-0.13127,0.40636,0.88138,0.03070,-0.92623,-0.65624,-0.02411,-0.33484,0.71278,1.01197,-0.06743,-0.74339,-0.55916,0.19061,0.55987,0.76872,-0.18648,-0.08571,-0.94332,-0.57504,1.46997,0.95106,0.43020,0.14454,-0.36183,-0.88780,-0.66731,0.53276,0.76616,0.00847,-0.67095,-0.38435,-0.84627,-0.80751,-0.28577,0.52412,0.16887,-0.42405,-0.66787,-0.43931,0.53844,-0.11275,0.23049,-0.45724,-0.37030,0.02644,-0.52640,0.10004,0.34215,-0.09029,-0.63289,-0.75532,-1.30618,0.96715,1.07178,-0.12792,0.13043,-0.60429,-0.25549,0.55548,1.78381,0.65867,-0.00380,-0.46608,-0.61202,0.41290,0.61943,0.85989,0.08202,-0.14202,-0.55353,-0.87920,-0.14652,1.03065,0.35077,0.08445,-0.48376,-0.56324,0.68139,0.40978,0.51127,0.10140,-0.15627,0.16093,-0.58274,-0.60307,0.07427,-0.52210,-0.11554,-0.37749,-0.22187,0.10672,0.45012,0.98427,0.49291,-1.22352,-0.21617,-0.35662,0.13673,-0.01167,-0.95570,-0.13893,-0.68332,-0.93824,0.13197,0.76919,0.80712,0.39910,0.38230,0.17393,-0.12006,0.63609,-0.13527,0.00012,0.27146,-0.66584,-1.25454,-0.89422,0.01570,1.50373,0.64337,0.90759,0.45330,-0.38198,0.74014,0.48959,-0.31765,0.11022,-0.72818,-0.89620,0.21730,0.77026,1.36647,0.41484,0.14967,0.19333,-1.28009,-0.40451,0.47512,-0.06893,0.12396,-0.34875,-0.66206,0.16564,0.63268,0.80382,-0.00720,-0.93035,-0.62554,-0.67494,-0.20390,1.12007,0.72900,0.04151,-0.41786,-0.63463,0.61876,0.42031,0.66082,-0.26620,-0.46745,-0.19774,-0.80500,0.36124,0.72001,0.07438,1.03427,-0.34514,-1.68245,0.30065,-0.03792,0.13828,0.08030,0.81112,0.68650,0.06610,0.40002,-1.08877,-2.18095,2.07135,0.54725,-1.47923,-0.15218,-0.54418,-0.90199,-1.06100,0.24789,-0.76913,-1.61336,-0.56834,-0.98364,-1.59530,1.55330,1.87164,-1.13286,-0.64605,-0.37087,-1.01685,-2.09691,-1.18372,-0.16887,-1.12878,-0.59885,-1.42636,-1.67031,1.42643,2.11610,-1.25543,-1.54898,-0.07819,-1.02402,-1.92703,-1.75649,1.41401,-2.61479,-1.38769,-1.63601,-1.42322,1.27632,1.96410,-1.02122,-1.84561,0.09453,-0.76067,-2.33127,-0.96555,1.92133,-3.08818,-1.54515,-0.74664,-2.00399,0.51949,1.90955,0.04999,-0.71827,0.31693,-1.39757,-1.84722,-1.57697,1.68774,-2.09125,-1.22570,-0.21938,-2.37540,-0.26783,1.72929,1.47821,-1.58189,0.51219,-1.32744,-1.70216,-0.99487,1.62497,-0.77497,-1.98020,0.00608,-1.60310,-0.63154,1.31735,1.49119,-1.64240,0.69073,-0.68400,-0.30955,-1.25380,0.70941,-0.63951,-0.95510,-0.15694,-1.25018,-0.53275,0.56698,1.39642,-0.74600,0.46655,-0.41735,-0.45362,-0.61729,0.00434,0.13813,-0.25892,-0.57764,0.17241,0.93960,-1.29347,-0.99729,0.45588,-0.65803,1.78132,-0.87004,1.87720,-1.93524,0.11864,2.17706,0.99759,1.32439,0.27740,-1.32186,0.29241,-0.96317,-0.07326,0.97791,-0.87520,1.45273,-1.24982,0.60418,1.26596,0.83903,1.54934,0.77166,0.55746,1.67256,0.64339,-0.83665,-0.57847,-1.88904,-0.21573,-1.87469,1.34031,-1.16041,-0.67002,-0.34100,1.22436,1.21545,0.92859,1.57954,-1.90410,-1.25807,-1.16007,-1.29810,-0.66524,-0.08202,-1.04902,-1.83699,0.11085,1.28637,1.14746,0.65639,0.92980,-1.58051,-1.41524,-0.84664,-0.12855,-0.76426,-0.19577,-1.50676,-1.93408,-0.53000,1.24188,1.04512,0.46419,2.05430,-1.56065,-2.06130,-0.93687,0.48742,-1.74433,0.55132,-0.84403,-2.00611,0.69965,0.40830,1.39559,1.43950,1.06714,-1.02522,-1.63829,-0.72951,-0.56584,-1.55764,-0.19452,-0.37775,-1.34118,0.47563,-0.28220,1.22231,2.04206,0.63346,-0.33428,-0.99945,0.35421,-1.52214,-0.88827,-0.20807,-0.98487,-0.95657,-1.38485,-0.36149,1.35228,2.26718,-0.45414,-0.29355,-1.23893,0.08055,-1.26472,-1.30718,-0.36575,-0.96047,-0.77746,-0.38260,0.00220,0.95507,0.48649,1.16841,0.53436,-1.24154,-0.34291,0.20261,-1.47258,-0.47278,-1.52324,-0.85294,-0.58971,0.94587,0.94016,0.20925,1.09137,-0.88097,-2.06965,-0.85942,1.08246,-1.44323,1.02779,-0.74725,-1.55520,0.18136,1.46761,0.82851,0.63285,0.14000,-1.89857,-1.16041,-0.66300,0.34400,-2.18585,1.33985,-0.49171,-1.75239,-0.58592,1.55822,0.79092,-0.06797,-0.19304,-1.82942,-0.63538,-0.67827,0.20066,-1.38711,0.97556,-0.79411,-1.69453,-0.25637,1.56741,0.71097,-0.20334,0.16659,-1.90166,-0.54978,-0.35747,-0.40014,-0.55065,0.25595,-1.06698,-1.54179,-0.33795,1.46360,0.66186,0.12481,0.27498,-1.95091,-0.70845,-0.44748,-1.02152,0.07864,-0.29894,-0.61982,-0.64411,-0.59972,0.83522,0.85944,0.90917,1.28652,-2.08822,-0.79856,-0.84664,-1.92372,0.87780,-0.86884,0.22394,0.61948,-0.99213,-0.12036,0.63052,1.53270,-0.70367,-1.49045,-0.91563,0.36643,-1.04480,0.87744,0.49866,-0.66595,0.56597,-0.74853,-0.65877,0.37990,1.03724,-1.17702,-1.30994,-1.17240,0.71547,1.03969,1.79344,2.20927,0.52354,0.04105,-0.38308,-0.93722,0.21258,1.32864,-1.01645,-0.70157,-1.05679,0.09524,-0.05706,1.50468,0.32587,0.43646,0.57073,0.16937,-1.04121,0.09468,1.39321,-1.11629,0.08436,-0.82008,-0.09553,-0.52554,0.92462,1.02248,-0.66572,0.81790,0.22446,0.25748,-1.07931,-2.30028,3.43005,-0.61642,0.59491,1.79248,0.49301,-0.03576,-1.48747,1.44956,0.84658,-0.12066,0.03830,-1.27160,-1.00114,2.57180,-0.95382,0.71428,1.20747,1.66176,0.63070,0.23308,0.43318,-0.41130,0.44795,-0.39443,-1.45112,-0.47732,0.99145,-0.49577,0.59683,1.26814,1.30326,0.91219,0.71784,-0.28668,0.60547,1.57476,-0.75781,-1.23292,0.01200,0.04913,0.44553,0.41183,1.66178,0.58318,1.11656,0.63447,-0.60853,-0.27851,1.74869,-1.11600,-1.31954,-0.46965,-0.19681,0.59053,0.63063,1.61928,2.02321,0.89002,2.01049,1.23343,1.05307,1.95627,-1.21694,-1.11043,-0.24191,0.45431,1.12904,1.37908,1.18102,1.47142,0.58489,1.12696,1.20970,0.38211,0.67877,-1.45545,-1.28617,-0.07415,0.25834,0.99419,0.81631,0.87967,1.32845,0.79272,0.95361,2.18776,1.23173,2.15699,-1.52520,-1.10241,-0.05433,-0.29732,0.88700,0.73407,1.53493,2.21422,0.36603,0.77457,1.42221,0.53477,1.64374,-1.56327,-0.99547,0.21699,-0.01809,1.37068,0.67619,1.47069,1.35029,0.48370,0.84350,0.77658,1.44987,1.08156,-1.68404,-0.85568,0.36997,-0.04490,1.14833,0.07269,1.88188,1.03458,0.48953,1.39899,2.28019,1.07416,0.32532,-1.51638,-1.12861,0.54222,0.69505,1.34895,0.74817,0.95224,1.32748,0.73172,0.64038,0.67430,0.40913,0.14810,-1.60844,-0.70696,0.76543,-0.54785,1.27229,0.97288,0.93800,0.35623,0.21708,-0.50670,0.92139,0.69715,0.16842,-1.91752,-0.76652,0.77518,0.34886,1.19250,0.93710,0.85447,0.41042,0.10749,0.32080,0.69831,0.51540,-0.34738,-1.70706,-0.67626,0.16492,-0.83317,1.54239,0.93367,0.99826,-0.00704,0.89198,0.59226,0.76057,0.81287,0.43964,-1.92378,-0.70705,0.68715,-0.65233,1.82042,0.74227,0.87479,-0.03275,1.17932,0.97977,0.99227,2.05004,1.07863
# [17/100] 'pokedex' OK
pokedex,1.21331,0.89789,-1.88695,0.73328,1.07456,-0.88599,-0.49484,-0.93327,-1.18812,-1.49955,-0.85126,-0.01475,-0.72434,0.96299,1.29601,-1.38637,-0.09586,1.23419,-0.64738,-0.26427,-1.42417,-0.73148,-1.39602,-1.18430,-1.05484,-1.70733,0.59410,0.79021,-1.55268,-0.53421,1.41890,-0.35648,0.11747,-1.54860,-1.73679,-1.12665,0.29040,-0.06082,-0.18996,0.37852,0.51398,-1.02724,-0.11341,0.99196,-0.00503,0.21814,-0.02475,-1.06795,-0.87691,-0.27391,-1.01724,-1.18474,0.18945,0.24659,-0.86416,-0.36166,1.24082,0.75929,-0.00174,-0.21397,-1.11597,-1.43473,0.88162,-0.31283,-2.12509,-0.05523,0.15437,-0.51069,-1.79589,0.64040,0.28706,-0.53906,-0.68330,-0.35317,-0.27484,0.19932,0.28578,0.72987,-0.31487,-0.05318,-0.03472,0.37946,0.71843,-0.51316,-0.25026,-0.10715,0.04721,-0.92893,-0.51230,1.49069,0.93432,-0.22902,0.20321,0.18014,0.42498,0.71005,0.69672,0.07561,-0.89519,-1.27831,-1.10719,-0.15091,1.03448,0.38497,-0.43121,-0.20082,-0.16193,-0.43434,0.65312,-0.38058,0.10906,-0.61152,-0.26912,-0.24982,-0.35672,0.60748,-0.16039,-0.40514,-0.29125,0.32987,0.38832,0.62594,-0.00982,0.20640,-0.44576,0.20712,-0.12477,0.49805,0.28259,0.95777,-0.42999,-0.42325,-0.08526,0.76725,0.98134,1.57590,0.64188,-1.26423,-1.21199,-0.94925,0.20796,1.21662,0.38678,0.09896,-1.07741,0.03771,1.49562,0.28451,1.41982,-0.66424,0.74794,-0.79712,0.22245,0.23777,-0.59215,-0.45666,-0.31320,-0.78450,-0.75519,-0.85012,0.90135,1.84673,0.00453,0.04612,0.46512,0.61935,-0.22504,0.83887,0.57686,-0.34475,-0.67990,-0.41138,-0.98281,0.77311,1.72160,0.50090,1.25085,0.47240,-0.10641,-0.30776,1.03873,-0.21876,0.02873,-0.79360,-0.54878,0.48082,0.79381,0.83200,-0.46832,0.56373,0.37847,-0.88373,0.41783,0.72786,0.13388,0.40897,-0.53187,-0.73765,0.96209,0.26869,0.87639,-0.38664,-0.59146,0.23132,-1.09230,0.61188,1.67880,-0.45317,0.77737,0.66437,-0.10088,-1.34610,-0.31035,-0.82488,-0.90712,-1.42489,-0.95562,-0.24028,1.27769,-0.71766,-1.23187,0.71461,0.57873,-0.75814,-0.73213,-0.14651,0.11323,-0.18634,-1.62109,-0.81118,0.27375,0.05065,-0.24078,-1.26931,1.90515,-0.27410,-1.48173,-0.23901,-0.90747,0.11276,-0.01455,0.14129,-0.20909,-0.53525,0.68592,-1.31044,-1.10695,1.88174,1.06949,-1.25801,-0.72159,-0.27179,-0.33666,-1.39130,-0.60118,-0.29289,-1.16897,-0.14872,-1.16459,-1.27875,1.52367,1.84042,-1.02109,-1.99203,0.03855,-0.67165,-1.87800,-0.86132,1.11222,-1.51030,-1.49841,-1.66171,-1.40116,1.28950,1.79849,-0.79282,-1.83697,-0.04350,-0.84650,-1.75108,-0.76017,1.88162,-1.81245,-1.49583,-1.52485,-1.49779,1.06705,1.71209,-0.25642,-1.19800,-0.24417,-0.99432,-1.73776,-1.19535,2.15266,-2.01984,-1.65606,-0.21054,-2.17569,0.40518,1.82375,0.13583,-0.39462,0.33742,-1.45536,-1.42097,-1.49783,1.08762,-1.63431,-1.19109,0.87773,-1.92719,-0.58756,1.43167,1.27026,-1.62524,0.67909,-0.88649,-0.71637,-1.33152,1.88624,-0.21257,-2.09535,0.07617,-0.77219,-1.09531,0.86479,1.67147,-2.06743,0.68912,-1.31823,-0.70102,-0.21561,1.53226,0.69839,-1.02096,0.34421,-0.02333,-0.27171,-0.45009,0.37709,1.24146,-0.41162,0.66486,-0.26749,-0.04011,0.10893,0.04665,0.78263,0.10663,0.05358,0.58259,-1.56252,-0.52214,1.09230,-0.79101,1.49867,-0.54935,1.32294,-0.56966,-0.67754,1.76871,0.90165,0.36683,-0.15984,-1.31845,0.65255,-0.96455,0.07058,2.03598,-0.73540,1.82426,-0.57302,0.65870,0.10485,-0.01347,1.23906,0.76978,0.59924,1.46911,0.56502,-1.03871,-1.18929,-1.04426,-0.35034,-1.42756,0.83785,-0.84887,-0.12771,0.28414,1.20066,0.92147,0.90436,1.10344,-1.83186,-1.10467,-0.72899,-0.33134,-1.20595,0.43890,-1.64487,-1.04411,0.22439,1.14892,0.86019,0.88131,1.35441,-1.78242,-1.04228,-1.01092,0.23766,-1.53087,0.64467,-1.33046,-1.41005,0.79965,0.60438,0.94055,1.39280,1.81664,-1.24803,-1.79628,-1.04797,-0.21931,-1.73067,0.03673,-0.26184,-0.40687,1.45085,-0.41783,1.07061,2.05483,-0.20944,-0.28543,-0.53148,0.23424,-0.33008,-0.60010,-0.68028,-1.43844,-0.88281,-0.71282,-0.72641,1.03564,2.49928,0.12169,-0.13151,-1.02590,-0.30431,-0.67012,-1.14877,0.13388,-1.03989,-0.48120,0.38256,-0.73900,0.90510,2.04853,0.13604,0.14209,-0.76549,-0.51373,-0.80052,-0.61887,-0.29364,-0.69394,-0.30073,-0.48742,0.47205,0.53228,0.42047,1.48987,-0.67673,-1.37938,-0.71087,-0.25957,0.08059,0.50221,-0.54297,-0.86042,0.30668,1.45717,0.68977,0.25415,0.97380,-1.72604,-1.38844,-0.94391,0.58184,-1.20287,0.94450,-1.02378,-1.83163,0.55699,1.66155,0.65764,0.05719,0.01727,-1.97255,-0.99810,-0.63232,0.39114,-1.24172,1.59024,-1.07411,-1.96296,-0.16848,1.76478,0.51936,-0.05869,-0.17235,-2.07358,-0.54236,-0.51232,0.58354,-0.94452,0.58437,-1.14694,-1.45145,-0.17150,1.65568,0.49414,0.13362,0.17453,-2.13987,-0.53213,-0.48130,-0.43270,0.01169,0.00051,-0.78015,-0.91623,-0.76240,1.03221,0.65162,0.73746,0.94385,-2.19474,-0.11280,-0.84083,-1.54602,1.06911,-0.84050,0.40203,-0.48232,-1.17482,-0.20220,0.21659,1.57987,1.23303,-1.16890,0.21041,-0.43137,-1.49313,1.14819,-0.08941,0.37551,0.36443,-0.14977,-0.70002,0.38739,1.50846,-0.81589,-1.27161,-1.21879,0.07911,-0.52744,1.67803,1.30396,0.29909,0.29675,0.34002,-1.03641,0.18656,1.70443,-1.21523,-0.83434,-1.61637,-0.05593,0.10516,2.00602,0.72299,-0.70401,0.54319,0.75373,-1.45256,0.02073,1.45135,-0.76451,-0.18311,-1.06970,0.02234,0.72611,1.48274,0.98698,0.24209,0.60525,0.77463,-0.71642,-0.46567,-0.68021,-0.05901,-0.03643,0.42011,1.36817,1.33681,0.35960,-0.60961,1.15461,1.08417,-0.82266,0.16591,-0.68653,-1.70598,0.63877,-0.55143,0.23504,1.23191,0.72078,0.57313,0.61320,1.52891,0.54799,-0.11482,-0.32748,-1.80602,-0.80421,2.59014,-0.62874,0.08236,1.59315,-0.09601,0.12020,2.41474,1.20679,0.26882,2.03744,-0.65012,-1.65782,-0.45984,1.39313,0.02190,0.87224,1.46324,0.85298,0.79861,0.81589,1.35728,-0.55934,0.50882,-1.00018,-1.52456,-0.85236,0.12315,0.67174,1.15847,1.61133,1.50958,0.60393,0.46280,1.15572,1.64574,1.44475,-1.01685,-1.21427,-0.65083,-1.26440,0.51652,0.63409,1.81351,1.49986,0.63638,1.40509,1.48599,1.24113,1.20900,-1.10573,-1.38186,-0.70428,-0.65034,-0.06176,0.63640,2.04916,2.33162,0.47793,2.03773,1.35697,0.99380,2.37298,-0.95502,-1.15882,-0.93723,-0.09180,0.49819,0.54263,1.55610,1.39655,0.11182,1.57413,1.46787,-0.28531,1.20710,-1.24407,-1.50466,-0.17463,0.57902,0.99580,0.89853,1.47239,1.48918,1.06321,1.79701,-0.11266,-1.64778,0.23983,-1.25388,-1.28890,-0.20696,-0.54696,0.57734,1.38619,1.35545,1.64178,0.36293,1.14757,0.93937,-0.87299,0.65289,-1.29627,-1.30788,-0.29258,0.48902,1.03227,0.82840,1.21451,1.56716,0.42801,0.69575,0.75484,0.41006,1.07068,-1.29167,-0.95028,0.10162,0.67323,1.22711,0.65800,0.75191,1.26569,0.15444,0.37965,0.36488,0.74489,0.02191,-1.56506,-1.24532,-0.18431,0.10110,1.14621,1.31285,2.07061,0.39294,-0.05563,-0.65187,0.40905,2.21105,0.99331,-1.87007,-1.09411,-0.04539,-0.64081,1.40973,1.55369,1.68724,0.39158,-0.30766,0.37793,2.30815,1.95959,1.17104,-1.74979,-0.84729,0.05793,0.23403,1.59943,0.57556,1.13678,0.42992,0.44691,0.05938,0.78711,0.99541,-0.09798
# [18/100] 'pokedex' OK
pokedex,0.40485,-0.30299,-0.71980,0.00940,0.28786,0.65179,0.56776,0.14764,-0.66781,-1.14962,-0.22846,0.65461,-1.55119,0.32402,-0.41912,-1.28850,-0.36235,0.26033,0.61486,0.09705,0.00126,0.02414,-0.83940,0.50583,0.08981,-0.46911,0.10756,-0.50902,-0.48990,-0.42339,0.28517,0.97362,0.20616,-0.33212,0.53970,0.29528,0.31222,0.62115,-0.93245,0.11634,-0.38997,-0.48518,0.16621,0.21123,0.34784,-0.15729,0.23347,-0.42840,-0.82330,0.90068,0.71950,-0.59826,0.14796,-0.58322,-0.31761,-0.10193,0.57286,0.80436,0.32911,-0.67930,-0.25620,0.19705,0.00718,-0.74699,-0.20497,0.08041,-0.50298,-0.50932,0.15533,0.30057,0.61798,-0.06212,0.86665,-0.48530,-0.65134,0.70083,0.42312,-0.01547,0.23762,-0.71150,-0.87470,0.27124,0.36719,0.77846,0.01668,-0.36382,-0.05274,-0.04986,0.93111,1.24322,0.84332,0.15967,-0.48814,-0.76671,0.49130,0.25747,0.60004,0.09424,-0.88653,-0.95917,-1.26224,0.11086,0.39496,-0.57071,0.24074,-0.60308,-0.89273,0.60163,0.36375,0.03353,-0.38131,-1.01695,-0.54085,-1.13745,0.19373,1.02948,2.13102,0.21783,-0.58750,-0.90100,0.75058,0.39510,0.74930,0.13087,-0.31245,-0.69751,-0.96344,0.23151,0.16289,0.33942,0.16109,-0.62441,-1.04678,0.09801,0.14856,0.63626,0.07960,0.43101,0.21071,0.65166,1.02859,1.20201,0.82827,0.30296,-0.65937,-0.87106,0.77174,0.66845,0.77756,0.65546,-0.08709,-0.47676,-0.08011,-0.04714,-0.61790,-1.18310,0.12082,-0.56787,-1.12217,-0.38093,0.54390,0.73543,0.77922,0.81759,0.62503,-0.14615,0.28611,0.48282,-0.26826,0.98765,-0.44949,-1.45377,1.32289,-0.12018,-1.00502,0.12716,0.14855,0.18507,-0.40937,-0.01084,0.27674,-1.32158,2.07244,0.23801,-2.06062,0.68608,-0.41087,-1.12135,-0.39942,0.20408,-0.28350,-1.75746,-1.37563,-0.49730,-1.89417,1.64307,1.81071,-1.50332,-1.30658,-0.31022,-0.67145,-1.84627,-1.58073,0.28266,-1.27822,-1.21253,-1.15739,-1.54218,1.52643,1.87498,-1.24821,-2.34568,0.10906,-0.68372,-2.04518,-1.74455,1.77680,-1.87307,-1.73305,-1.86701,-1.41815,1.40851,1.98297,-1.22641,-2.56544,0.14447,-0.73405,-2.13852,-1.55667,1.95634,-1.99317,-1.60315,-1.70372,-1.17588,1.13315,2.14915,-0.85154,-1.82652,0.01034,-0.63004,-2.60276,-1.50853,1.65830,-2.28668,-1.36583,-0.77869,-1.91796,0.40855,1.87331,0.38009,-1.49330,0.77748,-1.22958,-2.14992,-2.66968,1.90567,-0.94599,-2.38525,-0.32960,0.11955,-0.27369,1.43069,0.96481,-1.59681,0.60299,-1.18690,-1.17701,-0.60872,1.38746,-0.22930,-1.96018,-0.87694,-0.65497,-0.57915,1.09992,1.17527,-1.79123,0.52374,-1.19537,-1.01587,-0.55572,1.08256,1.35270,-0.77966,-0.03835,-0.71227,0.15866,-0.54659,0.18146,2.18619,-0.59707,-0.08764,-1.28611,-0.37638,1.32282,-0.22614,0.54373,0.14540,-1.21273,1.08254,-1.50404,-1.65207,0.72839,-0.83250,1.45473,-0.72187,1.69352,0.51562,-0.46426,0.45270,0.56145,0.07654,0.53682,-1.09403,-0.73161,-0.86140,-0.30274,1.61954,-0.63340,0.95811,-0.19722,0.75037,0.12661,0.09768,1.89087,0.57745,0.59842,1.69747,0.71021,-1.13926,-0.46371,-1.13042,-0.48590,-1.04544,-0.70817,-0.80632,-0.34159,-0.49085,1.18232,1.02093,0.89403,0.67966,-1.83832,-1.05978,-1.05014,-0.15520,-1.49365,-0.18117,-0.71072,-1.00617,-0.46254,1.14266,1.09175,0.61597,1.04545,-1.61319,-1.21478,-0.71471,-0.19502,-1.49178,-0.32559,-1.18665,-1.44634,0.14065,0.84878,1.03798,0.77928,2.36283,-1.43652,-1.51551,-1.03154,-0.61472,-2.07187,0.46378,-0.10723,-2.28817,1.71928,0.01589,1.24338,1.91229,0.94473,-0.63324,-1.35750,-0.11133,-1.64042,-1.40166,0.17545,-0.70965,-1.26799,0.06306,-0.36396,1.24478,2.43419,0.70558,-0.04269,-1.10765,0.59235,-0.87201,-1.92112,-1.36023,-2.27349,-1.19295,-0.82284,-0.62662,1.27739,2.19285,0.84030,0.50560,-0.90338,0.27258,-2.04230,-2.13247,-1.53940,-1.06229,-0.48986,-0.10881,0.38066,0.65204,0.54816,1.64385,-0.23362,-2.06885,-0.98213,-0.06783,-0.66200,0.22921,-0.41379,-0.94549,0.69147,1.19538,0.95801,0.31476,0.19459,-1.51253,-1.37692,-0.75798,0.35866,-1.63927,0.84878,-0.80285,-2.04695,0.76939,1.55979,0.88994,-0.07231,-0.34538,-1.78123,-1.20572,-0.60897,0.40674,-1.59488,0.87950,-0.86706,-1.98332,0.15104,1.59724,0.75121,-0.34013,-0.25875,-1.90717,-0.82689,-0.51375,1.11724,-1.66036,0.54022,-1.02593,-1.78432,0.96914,1.43180,0.80490,0.05722,-0.46550,-1.88741,-0.89798,-0.47488,0.46963,-1.12899,0.45446,-1.40435,-0.84211,0.61860,1.06837,1.08619,0.30458,0.35956,-2.20883,-0.80249,-0.72088,-1.03748,-0.11826,-0.27855,0.01267,-0.41191,0.37657,0.26561,1.03642,1.15335,0.44885,-1.75460,-0.90141,0.03290,-1.39488,0.22671,0.17923,-0.12469,-0.27115,-0.59089,-0.41446,0.61042,1.09080,-0.68362,-0.84943,-1.42105,0.37933,0.54730,1.15919,1.49499,-0.42708,-0.31278,-0.59564,-0.82989,0.41954,1.38937,-1.50978,-0.61385,-0.85919,0.33883,0.57020,1.32191,1.65189,-0.17817,0.95284,-1.65101,-0.98263,0.29517,1.27120,-0.77725,-0.54217,-1.19075,0.01066,0.94124,0.86134,1.10802,1.28390,0.62046,0.46420,-0.44692,-0.25081,0.00828,0.73606,-0.12357,-0.42051,0.36434,-1.09575,0.18776,0.47036,0.57915,0.63290,-0.06152,0.53627,-0.80931,-2.17870,1.25466,-0.96056,0.77813,0.62437,0.36818,1.09472,0.24279,0.79612,0.46461,0.64835,0.00997,-1.13296,-0.47855,1.36883,-0.90628,0.73457,1.48666,0.28227,0.29209,0.94967,0.31253,-0.12860,0.99534,-0.47234,-1.24162,-0.61115,0.23112,-0.02362,1.57942,1.56904,0.81831,-0.25576,0.98673,-0.01236,0.67546,2.40108,-0.91235,-1.19017,0.16931,0.47412,0.17920,0.77352,1.10097,0.54327,0.96010,2.25639,0.46316,-0.20586,1.40170,-1.18420,-1.01931,0.12566,0.75724,0.59745,0.43110,1.09426,0.45297,0.83981,1.66877,1.24543,1.69115,0.68786,-1.21572,-1.01627,0.04207,-0.21360,1.02064,0.62568,0.96595,1.13821,0.43678,1.46222,1.42818,1.09705,1.83209,-1.38192,-0.92935,0.23100,-0.80220,0.87626,0.85389,1.37804,1.23783,0.46395,1.36756,1.81776,1.25046,0.12543,-1.40700,-1.09366,0.18573,-0.62328,1.15356,1.80234,1.31247,1.00208,0.68178,-0.13586,0.56136,0.36869,-0.50374,-1.39269,-1.12348,0.30562,-0.23513,1.65377,1.25728,0.83118,1.71930,0.07325,-0.57865,1.48751,0.47500,-0.14555,-1.38554,-0.94956,0.52085,0.15940,1.35527,1.30451,1.27099,2.17994,0.25136,-0.60042,1.02314,0.42741,-0.85465,-1.41569,-1.01643,0.77249,0.25564,0.71242,1.23715,0.72990,0.79614,0.52658,0.55752,1.10810,0.96721,0.62314,-1.36683,-1.04582,0.47556,0.46400,1.11230,0.67081,1.11951,2.11264,0.55018,0.24593,1.29350,0.47344,-0.76708,-1.40667,-0.76669,0.77287,-0.00812,1.07639,1.11147,1.24608,-0.24838,-0.28415,-0.52469,1.45712,0.82398,0.20038,-1.49000,-0.51758,0.53311,-1.19295,1.17231,0.76644,1.26956,0.41289,0.09428,1.08226,0.97195,1.47906,0.99466,-1.50068,-0.76500,0.27112,-0.01534,1.79903,0.70226,1.10341,-0.10479,-0.28888,0.53147,0.16100,1.23980,0.75260,-1.53138,-0.57893,0.55113,-0.42211,1.68964,0.60945,0.51061,0.59746,0.57207,0.04430,1.00255,0.97041,0.09831,-1.46123,-0.96893,0.25551,-0.61595,1.37451,0.76165,1.12281,0.40337,0.00664,1.36931,0.61127,1.36567,0.73273,-1.35024,-0.51899,0.11635,-0.65113,1.47282,0.74424,0.90370,0.25614,0.16263,0.29142,0.86627,1.49901,1.01250
# [19/100] 'pokedex' OK
pokedex,0.36324,-0.16467,-0.79808,0.21473,0.40939,0.33256,0.20464,-0.26135,-0.78523,-0.34721,0.58451,0.09236,-1.25393,0.22617,-0.41034,-0.71756,-0.32648,0.59000,0.82517,0.02438,-0.55226,-0.97391,-0.31660,-0.10904,-0.13487,-0.69786,0.20031,-0.42410,-0.53329,-0.51713,0.26859,0.66250,0.35205,-0.03646,-0.29781,-1.38641,0.43358,1.63534,-0.12652,0.14218,-0.57344,-0.55392,-0.24018,0.54783,0.86388,0.60743,-0.54406,-0.35196,-1.73290,-0.37521,1.16086,-0.33497,0.20693,-0.48975,-0.40302,0.60452,0.64624,1.23430,0.57992,-1.23441,-0.86878,-0.87975,-0.59242,0.20469,-1.33263,0.15270,-0.33688,-0.44368,-0.30154,0.27552,1.07765,0.63922,-0.16328,-0.96347,-0.75136,-0.33255,0.00158,-0.64566,0.13206,-0.42887,-0.69663,0.67821,0.38284,0.68213,0.45025,0.56913,0.08291,-1.29440,-0.60418,-0.07307,-0.91469,0.24994,-0.30864,-1.14321,-0.68016,0.35156,0.95974,0.24788,-0.50685,-0.88268,-0.04924,0.29180,0.19882,-0.29546,0.07279,-0.72463,-1.19770,-0.91847,0.22206,0.58700,0.22696,-1.19899,0.25392,0.39264,1.23501,0.81760,-0.04006,0.23874,-0.59474,-1.03356,-0.26040,0.51349,-0.14159,0.39256,-0.53287,-1.00513,-0.59956,-0.81670,1.15971,0.96604,0.16065,-0.50872,-0.60286,0.13930,0.36923,0.76706,0.07251,-1.08363,0.05141,-0.05794,0.19595,0.38657,-1.21916,0.20693,-0.61389,-0.94109,-0.53505,0.59051,0.32678,-0.17260,0.69392,-0.52031,-0.22039,0.27006,0.46037,-0.26242,1.25652,-0.27813,-1.90083,1.23061,-0.13100,-0.25392,0.08696,0.36888,-0.03699,-1.74421,-0.76426,0.00153,0.61398,1.89631,0.42170,-1.88828,1.03734,-0.35068,-0.82089,-0.76358,-0.96803,-0.53335,-2.05840,-0.53812,-0.32951,-0.03541,1.60817,1.94316,-1.48018,-1.25178,-0.28264,-0.86967,-2.47028,-2.21426,0.79029,-0.74580,-2.07068,-1.02272,-1.06934,1.64945,1.94383,-1.77185,-1.40694,-0.27051,-0.67657,-2.43005,-1.11784,1.36873,-1.93665,-1.86106,-1.36927,-1.62053,1.36141,1.97529,-1.27794,-1.13575,-0.26702,-1.21317,-1.93532,-1.09167,1.56015,-1.55576,-2.42595,-0.62067,-1.90560,0.81955,1.99480,-0.40333,-1.10643,0.42263,-1.70237,-2.31834,-1.62160,1.18266,-1.41806,-1.25504,0.08459,-2.29063,0.00539,1.87701,1.02194,-1.60733,0.52245,-1.76615,-1.61409,-0.76829,1.49877,-1.34325,-1.59999,0.05611,-1.31661,-0.43410,1.48310,0.84475,-1.62940,0.83973,-1.06959,-0.77548,-0.89450,0.76112,-0.13056,-1.35658,0.03412,-0.57460,-0.31669,0.58380,1.17958,-0.39835,0.40423,-0.37705,-0.97759,-0.74032,0.63385,0.03713,-0.36690,0.03116,-1.79226,0.71121,-1.13859,-0.33515,0.85338,-0.69049,1.61964,-0.86615,2.26284,0.62074,-1.64890,0.99860,-0.17166,-0.99304,0.38541,-1.07494,0.27816,-0.02045,-0.30400,1.49591,-0.76475,0.57273,-0.28675,-0.38198,0.63028,-0.25303,0.65801,0.65193,0.36496,1.59356,0.96945,-1.01790,-0.06757,-1.87101,-0.31592,-1.13656,0.02915,-0.41569,-0.82696,-0.34140,1.13077,1.28409,0.95089,0.75406,-1.69870,-1.45668,-0.93514,-0.98191,-1.06689,-0.65590,-0.44344,-0.65035,-0.85144,1.34805,0.95568,0.83762,0.86150,-1.72226,-1.20837,-0.54166,-0.60856,-1.45703,0.01159,-1.39534,-1.69317,-0.26610,1.14346,0.94025,0.87986,1.59459,-1.52285,-1.76335,-1.05928,0.02478,-1.81829,-0.03669,-0.50958,-1.45476,0.53392,0.15350,1.36284,1.62662,0.87079,-0.71031,-1.27542,-0.68913,-0.03697,-1.40404,-0.12365,-0.55952,-1.36199,-0.60909,-0.20543,1.30029,2.17060,0.44286,-0.28545,-0.85220,0.33304,-0.65122,-1.27261,-1.73415,-0.81619,-1.19657,-0.62642,-0.38683,1.39164,2.16306,0.08975,-0.17557,-1.02703,0.38841,-1.73099,-1.85090,0.11383,-0.27197,-1.51444,-0.96796,0.16174,0.91027,0.43709,1.09066,0.58866,-1.49507,-1.14740,-0.05363,-1.54244,-0.18036,-0.97091,-0.67685,0.03023,1.02097,1.01843,0.21975,0.84471,-1.25067,-1.67321,-0.97110,0.82247,-1.57270,0.55712,-0.36216,-1.81300,0.38779,1.52041,0.91274,0.07691,0.37271,-1.97517,-0.93008,-0.87203,0.84017,-1.98876,1.14977,-0.55085,-2.06096,-0.25610,1.61647,0.80173,-0.08492,-0.37447,-1.83649,-0.50309,-0.75446,0.38174,-1.59398,1.11882,-1.29058,-1.80351,0.06631,1.58768,0.67600,-0.16929,0.54282,-2.02523,-0.41285,-0.53580,0.27037,-1.39345,0.78670,-1.35961,-1.50928,-0.14937,1.44730,0.67275,0.11874,0.59153,-2.01381,-0.42218,-0.71394,-1.00146,-0.52810,0.09254,-0.13499,-1.12749,-0.39968,0.57878,0.85265,1.16674,0.40511,-1.86839,-0.64859,-0.25452,-1.03295,0.69380,0.03298,-0.17524,-0.53805,-0.47458,-0.17701,0.58502,1.45075,-0.28024,-1.62356,-0.66448,0.53920,0.54433,0.57877,0.93870,0.25224,-0.17989,-0.23104,-0.64284,0.50215,1.50621,-1.45897,-1.34472,-1.85321,0.80615,0.89927,1.72417,1.38391,0.05019,0.57560,0.33925,-0.90642,0.21787,1.09662,-1.50066,-0.71623,-1.24070,0.82584,0.55291,1.02099,1.09780,0.61306,0.74483,0.79735,-0.35749,-0.34714,-0.34980,2.06540,0.01409,-0.84832,0.96936,-0.03386,0.89887,0.47222,-0.08639,0.04927,-0.76764,0.49566,-1.07908,-2.43830,2.15470,-0.46156,0.81741,0.94021,0.16570,0.91981,0.71647,0.94325,0.46386,1.10148,0.03357,-1.55927,-0.97418,2.98296,-0.48255,1.58528,0.58930,0.04765,1.11924,1.62369,0.37534,-0.58067,0.33331,-0.17942,-1.13399,-0.53347,0.94584,-0.18380,1.49807,1.34764,0.04396,0.18606,0.80879,-0.79021,0.79768,1.06709,-0.59640,-1.39034,-0.72136,1.35824,0.22944,0.44353,1.70917,0.53140,0.08944,1.86895,1.08099,-0.13600,1.64620,-0.68703,-1.16563,-0.46823,-0.36084,0.39978,0.67881,0.71816,1.08387,0.71226,0.37419,0.65411,0.99818,2.31885,-0.70037,-1.21092,-0.62403,-0.06474,0.64307,0.73134,0.48854,1.42822,0.32995,2.01328,1.75130,0.50987,0.70925,-0.91164,-1.17166,-0.19300,0.67831,0.65942,0.56581,0.51006,1.40789,0.56385,1.59257,0.72105,-0.43454,1.23549,-0.96771,-1.18641,-0.30303,0.13903,0.67898,0.59610,0.93314,2.36391,0.94416,1.31511,1.37404,0.65913,1.70415,-1.12401,-0.94341,0.11953,0.44207,0.86518,0.62375,0.95217,1.17871,0.08414,1.03170,1.64367,-0.71609,-0.03518,-1.31521,-1.15328,0.25220,-0.32900,0.61910,0.87933,1.20651,2.75169,0.32264,0.87570,2.34525,0.77396,1.55561,-1.17288,-0.75666,0.04789,-0.84260,1.12991,0.67931,1.09736,1.27768,0.33088,0.35121,0.86786,0.04074,0.16043,-1.47750,-0.61758,0.69845,-1.20503,1.58754,1.45340,0.54055,0.69197,0.38431,0.17604,1.21164,0.98504,-0.17519,-1.47540,-0.40530,0.74259,-1.54310,1.36822,0.81043,0.57526,-0.89489,0.60056,-0.08873,0.12828,1.95669,1.73032,-1.67842,-0.62415,0.57866,-0.90461,1.29332,0.24936,1.39118,1.48308,0.95586,0.31928,0.79526,1.28307,1.54916,-1.65201,-0.72234,0.61331,-0.33234,1.30670,0.67294,1.48607,-0.03230,0.48862,0.39133,0.33134,1.77720,1.24642,-1.51409,-0.69957,0.51479,-0.91109,1.03842,0.99771,0.98020,0.02776,0.00254,1.48157,1.11486,1.38282,1.21803,-1.52909,-0.75004,0.47766,-0.88487,1.33733,0.69648,0.78743,0.55027,0.99117,0.31110,0.76612,0.78438,0.87764,-1.66511,-0.92349,0.63206,-0.61721,1.33531,0.92793,0.41979,0.09274,1.61708,0.12398,1.36065,2.15917,0.76398,-1.48850,-0.53645,0.38917,-1.00694,1.52086,0.76368,0.49914,-0.97850,0.88930,-0.04541,1.31503,1.40092,0.52663,-1.37472,-0.52501,0.29598,-0.00260,1.23993,0.12841,0.51506,-0.04621,0.87909,-0.12562,0.86603,0.58154,0.73566
# [20/100] 'pokedex' OK
pokedex,0.25005,-0.34935,-0.61400,-0.22048,0.49191,1.08484,0.42221,0.30860,-0.45010,-1.31326,-0.28893,0.43193,-0.46206,-0.08211,-0.65341,-0.60256,-1.23986,0.76575,1.21874,0.32316,0.69581,1.18935,0.04059,-0.14060,0.13664,-0.12696,-0.08214,-0.50788,-0.73558,-0.73139,0.54558,0.31371,0.20088,0.29047,-0.64047,-0.73512,0.06428,1.19550,0.63881,0.06133,-0.44405,-0.69079,-0.61909,0.45334,0.78429,0.79568,-0.73959,-0.67279,-1.21890,-0.86430,-0.05562,-0.19164,-0.05605,-0.55226,-0.95965,-0.33982,0.47854,0.66433,1.14157,0.25826,0.16721,0.22905,-0.49979,0.93059,0.49910,0.02174,-0.45224,-0.70564,-0.09807,0.83996,0.53280,0.20810,-0.66909,-0.30305,-0.89543,0.19361,0.53389,-0.03566,0.02856,-0.31666,-0.47176,0.04243,0.91041,0.60863,-0.17646,-1.01140,-0.78723,-0.39807,-0.54320,-0.52847,-1.16247,0.08142,-0.48974,-0.55469,-0.52586,0.41313,0.72799,0.28444,-1.29194,-0.93167,-0.59733,0.32257,0.83320,0.31968,-0.05032,-0.43623,-0.48932,1.07853,0.77255,0.47553,0.35361,-0.79039,0.26405,-0.38105,-0.98284,0.12560,-0.73780,-0.11467,-0.66205,-0.98017,-0.50577,0.24089,0.29567,1.40926,1.27106,-0.24326,-0.50046,0.32711,0.95604,-0.91249,-0.08928,-0.42188,-0.64500,-0.96267,0.64917,0.99711,1.21097,-0.60487,-1.17298,-1.10909,-0.81751,-0.06859,-0.60803,1.64613,-0.41345,-2.34056,0.84306,0.08930,0.24979,-0.33547,-0.42876,1.38215,-0.80508,-0.57728,-0.71565,-0.85067,2.05326,0.82720,-1.59156,0.09696,0.00117,-0.81167,-1.54859,-1.36149,0.62375,-2.09350,-1.37524,0.12792,-1.52738,1.75233,1.80865,-1.25075,-1.36962,-0.00966,-1.16551,-2.16221,-1.10174,1.39730,-2.10710,-1.05959,-1.57525,-1.52345,1.41928,2.14816,-1.12288,-1.38441,-0.12062,-1.23485,-1.82543,-0.35880,1.20470,-2.67026,-1.09537,-1.40172,-2.14155,1.07245,2.15826,-0.71946,-1.18954,0.36644,-2.15662,-1.92572,-0.44312,1.83665,-2.56407,-1.66362,-0.75440,-2.04570,0.34084,1.91449,-0.11153,-0.33117,0.95997,-1.57367,-2.12469,-1.97521,2.22082,-1.60100,-1.36564,-0.29870,-1.52813,-0.56133,1.44087,1.37475,-1.59784,0.73797,-1.59640,-0.46321,-0.24958,0.98852,-0.54616,-2.00370,-0.27370,-1.49101,-0.94081,1.14178,1.32359,-2.23301,0.89663,-1.07404,-1.01990,-0.07214,1.43431,-0.02789,-0.50580,0.40707,-0.93175,-0.13448,-0.08492,0.61892,1.04167,-0.38243,0.21354,-0.56693,-0.30919,0.45447,-0.90230,0.81328,0.19804,-0.41133,1.15162,-1.42939,-1.10865,1.09310,-0.74642,0.91889,-0.99114,0.71397,-0.15947,0.04744,2.16179,1.26326,-0.78593,0.61142,-1.42538,0.09660,-1.01883,-0.18772,0.40551,-0.92939,3.31164,0.07441,-0.16677,0.60600,0.29827,0.32036,0.89108,0.58510,2.31629,-0.68779,-1.26666,-0.21594,-2.07154,-0.18577,-1.40856,0.05379,-0.43343,-0.35600,-0.69747,1.35611,1.09316,0.97692,1.24713,-1.73053,-1.57834,-1.52543,-0.69982,-0.38797,0.28727,-1.27057,-1.91615,0.84649,1.47286,0.97072,0.48873,0.87185,-1.69256,-1.10909,-0.73607,-0.26290,-1.55437,0.39623,-1.33991,-1.74207,0.35113,1.35857,0.79968,0.57063,1.38058,-1.75584,-1.21800,-0.64593,0.62442,-1.53501,0.65070,-1.36735,-1.78672,0.54640,0.77470,1.11216,0.76596,2.05033,-1.11704,-1.95605,-0.81270,-0.24333,-2.04662,-0.15622,1.09619,-2.14053,1.48817,-0.09048,1.10605,1.58925,0.40472,-0.59396,-1.12411,0.38701,-0.45461,-1.00319,0.60103,-0.41410,-2.46792,-0.49994,-0.51131,1.00574,2.05489,-0.08287,-0.02684,-1.16907,-0.03991,-0.69413,-1.39766,-0.19243,-0.64009,-0.19533,0.81029,-0.57943,0.76485,1.65518,0.56399,0.32634,-1.06128,-0.09066,-1.21306,-1.24705,0.18922,-0.09001,-0.59101,0.36586,0.53727,0.77388,-0.19072,1.63061,-0.19776,-0.64708,-1.03364,-0.97782,-0.55984,0.20314,-0.76066,-0.02160,-0.73954,1.42583,1.08692,-0.06650,1.42684,-1.62792,-1.38602,-0.86653,0.17530,-1.63508,0.75498,-0.59558,-1.99050,0.54005,1.68469,0.98722,0.21356,0.48466,-2.05621,-1.12738,-0.75402,0.24199,-1.82253,1.52109,-1.38965,-1.82549,0.33407,1.60394,1.03985,0.14781,-0.26188,-2.11706,-0.72624,-0.72606,-0.14318,-1.42035,1.18322,-0.86594,-1.52417,-0.81228,1.62570,0.81722,0.35328,-0.19171,-2.15490,-0.65779,-0.55029,-0.49859,-0.68877,0.76535,-1.10743,-1.23499,-0.64363,1.20726,0.95148,0.79423,0.50214,-2.38347,-0.14276,-0.99077,-1.46248,0.40031,0.09283,-0.31696,-0.77863,-1.00880,0.01254,0.78000,1.56689,-0.14030,-1.14061,0.14327,-0.25573,-1.97012,0.90383,-0.42253,0.27977,-0.44118,-1.25799,-0.55391,0.64857,1.51068,-0.56047,-0.95394,-0.72869,-0.46213,-0.71201,0.25622,1.15249,1.08905,0.53029,0.36607,-0.90600,0.58445,1.48923,-1.48321,-0.89034,-1.35636,-0.20699,-0.71726,1.84767,1.14986,0.62561,0.96084,0.15963,-1.16408,0.52008,1.61220,-0.05997,-0.32858,-1.21906,-0.03597,-1.05985,1.22006,1.54081,0.42105,0.69541,-0.92741,0.67564,-0.68929,-2.51336,3.16753,-0.44993,0.27541,0.66155,0.70227,0.20285,0.81151,0.29480,-0.49215,-0.45565,0.33474,-1.01118,-1.77437,1.89621,-1.16166,0.15559,1.43467,0.65764,0.35871,0.88419,1.52852,0.67939,0.36267,-0.13661,-1.64395,-0.49621,1.74004,-0.46000,1.19332,0.75621,0.92937,1.51125,0.49243,-1.05926,0.85425,1.21671,-0.72213,-1.49248,-0.16091,1.10551,0.45509,1.17389,0.97641,1.04758,0.38825,1.13846,1.97245,1.05308,0.57559,-0.78593,-1.48995,-0.37264,0.14149,0.92263,0.65368,0.73772,-0.41720,0.04754,2.57563,2.19272,1.20196,1.61163,-0.78804,-0.95426,-0.13708,0.19156,0.78505,0.50356,0.05741,0.47728,-0.51625,0.78152,0.99067,0.96845,0.55884,-0.83789,-1.29358,-0.51217,0.15808,0.63913,0.56366,0.86768,0.96306,0.07983,1.41259,0.21814,0.63738,1.26611,-0.77077,-1.37087,-0.11890,0.05597,0.67501,1.24019,0.75920,1.31808,-0.07000,-0.02109,0.78898,0.82227,2.06503,-0.88803,-1.05080,-0.60485,-0.35510,1.13318,1.12839,0.59334,1.40984,-0.37209,0.60779,0.93023,0.24703,1.61236,-1.10725,-1.09472,-0.08013,0.26051,1.32662,1.21939,1.13087,0.88867,-0.84458,1.19492,0.02967,0.21434,1.25767,-1.01520,-0.99664,-0.44582,-1.02871,0.76388,0.41912,1.82437,1.97488,0.40873,0.58063,1.56996,1.01202,0.94604,-0.92678,-0.82633,-0.28962,-0.51256,0.72762,0.44383,1.20886,2.26108,-0.91527,0.00988,0.95615,0.68985,1.47585,-1.17500,-0.78484,0.23620,-0.91535,0.60746,1.38794,0.85033,1.29757,0.45776,0.06736,0.80801,0.31658,0.94395,-1.09590,-0.22080,0.16432,-0.56697,0.42905,1.31292,0.75721,-0.11902,-0.09168,-0.86090,0.57982,0.76813,0.73748,-1.40971,-0.73164,0.00624,-0.38764,0.88561,1.24706,0.90732,0.28980,0.80531,0.68622,0.88310,0.92736,0.04644,-1.31958,-0.47744,0.39104,-0.62657,0.85803,1.19993,0.91821,-0.86334,-0.20514,-0.20810,1.49881,1.10364,1.79849,-1.36782,-0.44628,0.44789,-0.19854,1.16947,0.95639,0.88510,-0.31018,0.80871,0.33387,0.00254,0.40074,-0.30683,-1.47852,-0.51179,0.47234,0.00456,1.14080,0.16828,0.56127,0.04149,0.59358,-0.39524,1.42188,1.04519,0.90641,-1.34778,-0.38438,0.25467,-0.16710,1.06509,1.07218,1.17880,0.49269,0.20359,0.12154,0.04682,0.85346,-0.96222,-1.18815,-0.43724,0.22596,-0.43805,1.06908,0.55041,0.95462,0.86518,0.95944,-0.12773,0.14414,0.67796,-0.24500,-1.17379,-0.51917,-0.26041,-0.44786,0.96082,0.53623,1.11548,0.90397,0.39172,0.45945,0.57666,1.07898,1.06342
# [21/100] 'pokedex' OK
pokedex,0.17346,-0.15004,-0.65236,-0.12672,0.99615,0.47661,-0.11477,-0.60805,-0.86603,0.01102,-0.07143,-0.12748,-0.20572,-0.09919,-0.38720,-0.52721,-0.22021,0.93197,0.76032,0.61348,0.00450,-0.22599,-0.85655,-1.38669,-0.65938,0.21036,-0.16667,-0.55219,-0.86216,0.17019,0.34341,0.45434,-0.03917,0.52117,-0.34693,-0.19753,0.27641,0.94936,1.43216,-0.02271,-0.35611,-0.53422,0.23207,1.01481,0.77050,0.07970,-0.88933,-0.23403,-1.52512,-0.97775,-0.15738,-0.50449,0.06174,-0.22886,-0.24802,-0.02397,0.54728,0.92557,0.90447,-1.95805,-1.34704,-1.31767,0.23093,-0.19091,-1.04961,-0.18817,-0.42613,-0.16242,-1.29542,0.59507,0.92069,0.55449,-0.07716,-0.66256,-0.83262,-0.07863,1.11673,1.37230,-0.01100,-0.19171,-0.69818,-0.95225,0.76902,1.43026,0.41462,-1.25150,0.51289,-1.17733,-0.38833,0.35545,-0.78079,-0.00409,-0.30246,-0.75773,0.32618,0.94358,0.68550,0.18952,-0.78365,-0.53858,-0.08481,0.25732,0.10947,-0.55499,-0.22088,-0.33628,-0.57630,-1.24207,0.71117,0.41456,0.00736,0.39881,-0.37581,-0.25264,1.82288,0.94318,0.27828,-0.12758,-0.27282,-0.89671,-0.96352,0.71827,0.91986,0.97977,-0.02844,0.23783,-0.16521,0.82006,-0.23694,-0.25592,-0.00907,-0.51448,-0.95069,-0.37008,0.88050,0.87865,0.07987,-0.18118,0.68580,0.12159,0.00168,0.09298,0.43501,-0.18077,-0.38141,-0.49133,-0.51479,0.66257,-0.05433,-0.30723,-0.43815,-0.15912,0.05317,0.70667,0.69836,-1.08459,-0.20160,-0.42192,-0.40943,-0.46838,0.63222,0.74232,0.71290,-1.80819,-0.67081,-0.73132,0.25523,0.73168,-0.57130,-0.22410,-0.45193,-0.57228,-0.05351,0.69407,0.68600,1.02779,-0.81462,-0.65439,-1.14610,-0.09390,0.76767,0.43833,2.13424,-0.11031,-2.56509,-0.66055,0.13534,-0.08559,0.03950,1.16752,0.97661,-0.89314,-0.81719,-1.15160,-1.62795,1.86250,1.49867,-1.40427,-0.63859,0.08462,-0.81925,-2.21311,-0.53449,-0.25099,-1.55858,-0.20105,-0.74242,-1.39123,1.59606,1.90951,-1.09441,-1.07448,-0.07970,-1.18271,-2.20861,-0.00597,0.73749,-1.74506,-1.62422,-1.35346,-1.85462,1.50361,1.91618,-1.19355,-0.41388,-0.29708,-1.30967,-1.96834,-0.15231,1.31686,-2.49481,-1.04173,-0.96402,-2.20163,1.09312,1.93310,-0.64733,-0.61174,0.29905,-2.02603,-2.06056,-0.42846,1.26826,-2.21235,-1.17519,-0.33565,-1.16473,-0.08838,1.79018,0.82195,-0.69774,0.70209,-1.55997,-1.77040,-1.89415,1.54209,-0.97394,-1.18103,0.27814,-2.14649,-0.88742,1.34040,1.69192,-1.44081,0.42669,-1.32984,-0.71293,-0.54102,0.99775,-0.34906,-0.76010,-0.16816,-1.41131,-1.17280,1.09182,1.41374,-2.01479,0.55591,-1.06649,-0.52651,-0.22876,1.09758,-0.24694,-0.13312,1.14167,-1.69884,0.16717,-0.31507,-0.53938,1.57541,-0.54020,0.89199,-1.09975,-0.20425,0.99002,-1.03542,-0.40937,0.44328,1.14762,0.84814,-1.21238,-0.58046,0.71174,-0.65062,1.64900,-1.32797,0.15579,-0.35911,-0.41922,0.41410,0.90571,1.78628,0.61465,-0.53077,1.53943,-0.36557,-0.23449,0.63362,-1.53681,1.30064,-1.34522,0.32680,-0.15820,-1.17306,0.11597,1.41031,0.94279,1.14949,0.65340,-1.72943,-1.05982,-1.19143,-1.01706,-1.23449,0.19051,-0.79702,-0.91692,-0.40887,1.69271,0.90067,0.90944,1.06425,-2.16357,-1.12875,-0.75212,-0.11992,-1.06469,0.16045,-2.15590,-1.53947,-0.07392,1.60547,0.90356,0.67760,0.65521,-1.83309,-1.39303,-0.62533,0.37928,-1.16227,0.59801,-2.30768,-1.60746,1.04623,1.14539,1.10509,0.90348,1.17554,-1.48957,-1.66523,-1.16679,0.54506,-2.05743,0.42176,-0.63153,-1.86044,1.57639,-0.17984,1.31132,2.13351,0.80699,-0.79226,-1.26574,0.00304,-0.20985,-1.68697,-0.13046,-1.49374,-1.32096,0.22554,-0.55166,1.22758,2.00239,-0.25454,-0.07505,-0.48996,0.74135,-1.02761,-1.21520,-0.21449,-1.52972,-1.48823,-1.12063,-0.72045,1.21683,1.92228,-0.29993,-0.08616,-0.91794,-0.69366,-0.09355,-0.93854,0.19043,0.34653,-1.01658,-0.44457,0.39032,0.86501,-0.08136,0.08832,0.04538,-0.81780,-0.68591,-0.64165,-0.82721,0.35693,-0.18548,-0.09692,0.27683,1.29616,0.98915,0.47076,0.65415,-1.56153,-1.38877,-0.88155,0.74245,-1.90911,1.35872,-1.01104,-1.79682,0.99443,1.71166,1.03001,0.23618,-0.13637,-2.12091,-0.97976,-0.27881,0.09839,-1.98319,1.78121,-1.12754,-1.96507,-0.00434,1.67630,0.90846,0.21090,-0.73181,-2.07599,-0.42239,-0.77174,0.03754,-1.17157,1.51568,-1.00412,-1.72458,-0.03383,1.66828,0.77691,0.11364,0.13184,-2.34073,-0.11830,-0.69658,-1.04806,0.01296,0.62652,-1.00629,-1.42021,-0.01673,1.06589,0.88206,0.85684,0.36397,-2.22894,-0.22682,-0.78263,-2.06390,0.69740,0.41573,-0.25620,-0.70311,-1.21622,-0.19360,0.70186,1.34070,0.71804,-1.07657,-0.35084,-0.70855,-2.55911,0.94249,1.08335,0.43363,0.15358,-0.50018,-0.90336,0.50218,1.66295,-0.73478,-1.26535,-1.18479,-0.00417,-0.67349,2.49901,1.33498,0.28925,0.14458,0.59629,-1.17041,0.54865,1.35659,-0.70181,-0.91184,-1.36886,-0.11301,-0.48432,2.14351,1.26936,0.49953,0.21465,-0.36143,-1.55486,0.21553,1.29073,-1.23878,-0.00313,-1.10400,0.09557,-0.09580,1.59446,1.07085,0.55297,1.96931,0.58982,0.06704,-0.63932,-2.12379,3.81663,0.35648,-1.16514,1.30244,0.56209,0.08668,-0.30523,-0.36227,1.23906,0.47416,0.37461,-0.68261,-1.85691,2.18286,-0.66787,-0.83655,0.89680,1.82865,0.75856,0.57193,0.84263,1.05428,0.04870,0.06708,-1.29922,-0.55241,1.88610,-0.79498,0.15911,0.59217,0.18317,0.95669,0.88522,0.20777,0.43798,-0.84749,-0.48012,-1.39055,-0.32225,-0.01892,0.15968,0.35028,1.09170,1.85905,1.48354,1.91883,1.85859,0.64671,0.26387,-0.56920,-1.27718,0.04858,0.27709,0.48131,0.06592,0.76276,0.27679,-0.08652,1.38240,1.33256,0.11074,0.51348,-0.62380,-1.25389,-0.16759,0.61798,0.64848,0.33654,0.89863,0.35044,-0.38203,2.10200,0.90130,1.43959,0.36721,-0.74679,-1.57440,-0.58230,0.22340,0.46765,1.12408,1.10463,1.51165,0.36467,1.16098,1.11763,0.69981,0.88074,-0.69230,-1.51557,-0.43845,0.12016,0.55887,1.50660,1.80570,2.01182,0.24914,1.05386,0.72166,0.46704,-0.49573,-0.67526,-1.52911,-0.72790,1.10431,0.45631,1.09277,0.68700,1.73445,0.06987,-0.09967,1.22532,1.58735,1.25598,-0.83621,-1.58392,-0.55558,1.57365,1.46569,0.49750,0.78500,1.34269,-0.38311,-0.13670,0.93978,1.15511,1.56531,-0.62795,-1.31736,-0.28882,0.71634,0.89330,1.36165,1.44569,0.48028,0.10204,-0.22418,0.32480,-0.29884,-0.27779,-0.73318,-1.18704,-0.32430,0.60705,0.72282,1.29895,0.62470,1.44289,0.04326,-0.38498,1.15041,-0.37834,1.25142,-0.95179,-0.96824,0.19053,0.34499,0.72545,1.11559,1.00337,1.80227,-0.38430,0.09884,1.49532,0.01177,0.44114,-0.72336,-0.64515,0.15009,0.77653,0.88457,1.08486,0.39975,0.96446,0.33051,-1.53672,0.90960,0.11135,-0.48738,-1.22148,-0.60841,0.33929,-0.91756,0.93016,1.31886,0.63472,0.24337,0.05937,-0.45897,0.66907,1.05403,1.63963,-1.47383,-0.52460,0.23395,-1.06403,0.99547,0.81012,1.28355,0.20691,0.75873,0.42341,0.41775,0.78512,1.54621,-1.76373,-0.67773,0.10711,-1.07203,0.61974,0.50439,1.61344,-0.16431,0.24716,0.93560,2.77556,1.46684,1.26985,-1.70574,-0.36197,0.35859,-1.14843,1.09971,0.61015,1.19941,0.51410,0.45596,-0.20777,0.39737,0.95352,0.23242,-1.52259,-0.32920,0.25251,-1.10632,0.86423,0.84120,0.66355,0.36014,0.30406,0.49444,0.17217,1.15836,0.52136
# [22/100] 'pokedex' OK
pokedex,0.05116,-0.31005,-0.42251,0.14108,0.51085,0.15426,0.43869,-0.33488,-0.30404,-0.60442,-0.06646,0.99740,0.16098,-0.24122,-0.59126,-0.76614,-0.31420,0.50627,0.82607,0.52477,-0.06022,0.66724,0.30584,0.71048,1.85048,0.48262,-0.13312,-0.76353,-0.23407,-0.11352,0.42228,0.63272,0.28822,-0.39772,-0.31975,0.10014,1.37504,0.67175,-0.18796,-0.30785,-0.94967,-0.54017,-0.27665,0.33987,0.90972,-0.15696,-0.27612,0.02201,-0.28034,0.96852,1.08210,1.69482,-0.21827,-0.16317,0.06075,-0.50305,0.56458,0.22751,-0.01755,-0.44987,-0.02879,-0.45926,0.22283,0.64815,0.25693,-0.18557,-0.46809,-0.51977,-1.23026,0.46463,0.90354,0.75613,0.00006,-0.85159,-1.07248,-0.57456,1.17486,0.59568,-0.23431,-0.59460,-0.55826,-0.45268,0.78276,0.74414,0.01442,-0.14889,-0.05194,-0.41523,0.46532,0.11541,0.28967,-0.01210,-0.38208,-0.63357,-0.55466,0.57069,0.75353,-0.00670,-0.16044,-0.63698,-0.61221,0.26255,1.25183,0.13841,-0.14583,-0.56823,-0.16359,-0.71738,0.45423,1.07839,0.71973,-0.64479,-0.37482,-0.59840,0.96721,0.95257,0.83857,-0.09525,-0.60249,-0.18868,-1.40442,0.51760,0.97572,-0.26478,0.76988,-0.64240,-0.93707,-0.05361,1.21638,0.69954,-0.12250,-0.48796,-0.91635,-0.72182,1.04363,1.08361,-0.04384,-0.09487,0.07286,0.29391,0.21538,1.56140,-0.84607,-0.37177,-0.84597,-0.46729,-0.06321,0.63364,0.88183,0.94732,0.20840,1.47182,0.89242,-0.06392,-0.97338,-1.27197,-0.18552,-0.49678,-0.44036,0.87354,0.58661,0.28168,0.01476,-0.90585,-0.11542,0.05828,0.65187,0.23980,-0.49393,0.05639,-0.41288,-0.53546,-0.74589,0.48579,1.45267,-0.08988,-0.77785,-0.39992,0.04157,0.04752,-0.02011,0.09482,1.15255,-0.26787,-1.79337,0.27629,0.33190,0.27028,0.40322,0.43147,-0.73629,-1.27367,0.31002,0.83856,-0.63270,2.19750,0.47973,-1.71382,0.71463,-0.12706,-0.71813,-0.59932,-0.01812,-1.23329,-2.03675,-0.01131,0.57869,-1.65570,1.77264,1.86797,-0.85861,-0.76669,-0.33398,-1.27684,-2.22715,-1.15595,1.42129,-2.11903,-1.16571,-0.41116,-1.13407,1.51414,2.00779,-0.59243,-0.56260,-0.29690,-1.35192,-2.24274,-0.78133,1.40157,-2.20431,-1.54649,-0.75588,-1.74073,1.26139,1.98906,-0.38701,-0.65311,0.00777,-1.71333,-2.11744,-1.01668,2.03422,-2.10839,-2.41211,0.22416,-2.36772,0.20953,1.91774,0.35956,-0.27077,0.85902,-2.13041,-2.40474,-1.28357,1.48406,-0.53218,-2.22600,0.50813,-1.53987,-0.66283,1.54943,1.33025,-1.37517,0.32387,-1.01506,-1.00032,-1.15994,1.21928,-0.41338,-0.74855,-0.37548,-1.19712,-1.23371,0.79790,1.69548,-0.03065,0.61517,-0.85236,-1.07607,-0.83433,1.34353,0.07919,-0.27893,0.62203,-0.99348,-0.38855,-0.29293,1.01980,2.22358,-0.47697,0.41780,-0.87401,-0.38540,0.49629,-0.74074,-0.05503,0.15932,1.07618,0.74966,-1.49701,-0.21286,1.16687,-0.76757,1.71937,-0.52692,1.46505,-0.23608,-0.39484,0.14817,0.36638,1.07003,0.92112,-0.10545,1.87362,-0.41158,-0.67131,0.05204,-1.94149,0.67398,-1.32762,-0.61755,-0.79083,0.17001,-0.38546,1.39051,1.05330,1.57307,1.04001,-2.02642,-1.15447,-1.48233,-0.75440,-1.60832,0.45234,-0.47240,-1.44480,-0.11869,1.75752,0.88255,0.78874,1.18479,-2.11625,-0.70080,-1.01789,-0.03408,-1.05268,-0.04817,-2.14347,-1.88680,0.41893,1.67024,0.87659,0.82054,0.59812,-1.81849,-1.21607,-1.04223,0.85062,-0.98352,0.07423,-2.07429,-1.96017,0.19683,1.27770,1.00092,0.97712,1.36573,-1.42685,-2.23746,-1.00395,0.23955,-1.30910,0.08973,-0.98530,-1.68329,1.01676,0.13794,1.31666,1.68826,0.83191,-0.58008,-1.56843,-0.06956,-0.57181,-1.78137,-0.64917,-0.89023,-1.79950,-0.23136,-0.34657,1.22137,2.00368,0.32047,-0.38039,0.08384,0.24800,-1.00188,-1.48506,-1.80037,-1.44631,-1.65472,-0.73597,-0.24117,1.26666,1.62873,0.68185,-0.07119,-0.19592,-0.14847,-1.47836,-2.38691,-2.18908,0.17438,0.33125,-0.88410,0.32043,1.27879,1.16590,0.64262,-0.33727,-1.71682,-0.66186,-1.04516,-1.47199,-0.43887,-0.54406,0.22943,-0.25183,1.42023,1.16881,0.62089,0.68171,-1.78363,-1.62489,-0.29014,-0.12278,-2.03353,0.57838,-0.69909,-1.80314,0.15648,1.65210,0.94110,0.69679,-0.25976,-1.98328,-0.90644,-0.76696,0.25604,-1.52300,0.72128,-1.04765,-1.63887,-0.46941,1.81493,0.68598,0.29450,-0.69608,-1.77910,-0.55898,-0.21814,-0.25166,-0.92486,0.39539,-1.17841,-2.06016,0.31629,1.63333,0.83070,0.27063,-0.41334,-1.86959,-0.24997,-0.22244,-0.84321,-0.31808,-0.16284,-0.59293,-1.82971,-0.27744,1.11753,1.03400,0.51337,0.79288,-1.94185,-0.31693,-0.25839,-2.38759,0.91876,-0.85780,0.25643,-0.76259,-1.03144,-0.39030,0.55718,1.57056,0.87390,-1.11401,-0.28904,-0.23150,-0.92591,1.26820,0.15489,0.04065,0.90715,-1.53259,-0.87690,0.69867,1.31014,-1.01440,-1.06214,-1.18071,0.15176,-0.20659,1.32006,1.23904,0.16560,0.28677,-0.45884,-1.14622,0.41609,1.34582,-1.66729,-0.87501,-1.13236,0.59054,0.29412,0.90974,1.01734,-0.68998,0.06450,-0.34908,-1.46821,0.09219,1.28068,-1.54396,0.06677,-1.14588,0.40428,0.20004,0.72328,0.94684,-0.17990,1.44027,0.13227,0.61657,-0.79110,-2.26727,2.32819,-0.20336,-0.60803,1.72895,0.57320,-0.08896,1.07270,-0.37821,-0.14304,0.34505,0.11200,-1.42883,-0.78455,2.65811,-0.45044,0.21461,0.99262,0.89110,0.26726,0.76727,1.46036,0.42985,0.01082,-0.33652,-1.43597,-0.86611,1.67820,-0.31208,0.27057,1.06182,0.91945,0.90466,1.18440,1.09661,-0.01592,2.01900,-0.76599,-1.11344,-0.76619,0.04938,0.22497,0.47719,1.41651,1.06182,0.56107,1.66556,0.85748,0.78145,0.69013,-0.70183,-1.29617,-0.51357,-0.85804,0.37639,0.52272,1.31600,1.82672,1.03742,1.00939,-0.14341,0.28307,0.57168,-1.02097,-1.27652,-0.54537,-0.01883,0.68031,0.92105,0.93434,1.52123,0.14027,1.66250,0.70678,1.27141,1.34867,-1.06674,-1.31301,-0.42377,1.76870,0.81764,0.97371,1.20671,1.34391,-0.14651,1.33843,0.44305,-0.78177,1.33993,-0.87556,-1.06620,-0.42143,-1.04028,0.73264,0.34679,0.92944,1.48081,0.66922,0.86158,0.21081,0.44792,1.29579,-1.03254,-1.39094,-0.82770,-1.13162,0.49734,1.77119,1.08985,1.96908,0.56928,1.55676,1.61642,0.14764,1.97263,-0.80215,-1.46407,-0.88970,-0.10864,0.59480,0.98321,1.07697,1.73278,0.95076,1.27768,2.33653,-0.24349,0.09843,-0.93558,-1.25006,-0.99731,-0.84918,0.76319,0.96296,0.89540,1.86028,0.76588,0.27584,0.79330,1.21474,2.68303,-1.04373,-0.77129,-0.13485,-0.04826,0.65964,1.05865,1.65789,1.84266,0.22332,0.13086,-0.33935,-0.86775,-0.30950,-1.32518,-0.80622,-0.01569,1.01158,0.62577,0.03406,1.33540,1.93617,-0.32509,-1.02160,0.65392,0.61490,1.57858,-1.54002,-0.69136,0.36968,0.39795,0.79239,0.42373,0.71028,0.24170,-0.19242,0.54582,1.60151,0.37153,0.16362,-1.68314,-0.41185,0.08572,0.02027,0.90420,0.47325,1.44924,-0.85152,0.51839,1.04029,0.53606,0.10885,-0.64411,-1.36856,-0.23068,0.00736,0.34891,1.54824,0.42793,0.72409,-0.79700,0.84692,1.06683,0.96523,-0.76604,-1.01070,-0.42624,0.20165,-1.39618,-1.52171,1.82351,1.58336,-0.04003,-1.65066,0.13050,0.24217,1.58103,0.54172,-0.51768,-0.33321,0.17699,-1.54642,-0.98716,1.89123,0.57071,-0.47471,-0.59995,0.06814,0.47584,0.87244,-0.46610,0.26265,-0.54143,0.22791,-1.01121,-1.34446,1.78504,0.39682,-0.50881,-0.18071,0.46305,0.97343,1.08501,-0.35800,-0.74627
# [23/100] 'pokedex' OK
pokedex,0.23834,-0.13083,-0.40518,-0.82102,0.81008,0.21496,0.03781,-0.23433,-0.24096,-1.25492,0.32451,0.43907,-0.05094,0.07468,-0.30232,-0.25017,-0.44833,0.51276,0.80697,-0.12057,-0.03599,-0.69545,-2.25830,-0.43894,0.83254,0.32695,-0.01091,-0.38484,-0.57980,-0.39971,0.99881,0.68772,0.37473,-0.77256,-0.34207,-0.23774,0.29129,0.44749,0.09729,-0.21890,-0.26371,-0.69723,-0.70298,0.85336,0.47796,0.11486,0.00576,0.27837,1.63363,0.81759,0.65711,-0.09823,-0.11942,-0.44715,-1.00763,-1.05384,0.32503,0.80589,0.99571,-0.46475,0.16938,0.26321,-0.51946,0.45174,-0.27489,-0.09700,-0.35841,-0.62795,-0.82366,0.96010,0.65178,0.08942,-1.30736,0.36009,0.26450,0.58296,0.20095,-0.55920,-0.05353,-0.61302,-1.11403,-0.72329,0.24448,-0.00359,-0.28653,-0.36139,-0.09802,-0.35578,-0.19149,1.17541,0.69234,0.58124,-0.45228,-2.39339,0.57236,0.42760,0.62463,0.41529,0.51008,0.02948,0.30059,-1.11043,-0.59252,0.29960,2.28830,0.04746,-2.80424,0.89898,-0.15054,-0.16815,-1.51749,0.59642,-0.64941,0.02570,-2.23446,-0.92363,0.25759,1.91868,1.62024,-1.66817,-0.99800,-0.09804,-1.46771,-2.33969,-1.08368,0.73898,-0.32035,-1.94578,-1.27492,-0.63560,1.58875,1.89809,-1.43242,-2.07625,-0.09271,-0.98503,-2.15497,-0.80551,1.65207,-1.63902,-2.34879,-1.13261,-1.34894,1.42407,2.00782,-1.48777,-1.44989,-0.21180,-1.31603,-1.67415,-1.16616,1.79137,-1.92003,-2.23115,-0.41078,-2.32638,0.92457,2.10093,-0.79823,-0.84870,0.32350,-2.14194,-1.90946,-1.33198,1.48044,-1.57320,-1.76493,0.04685,-1.71088,-0.13796,1.69523,0.73646,-1.78168,0.69501,-1.44956,-0.82526,-1.16329,1.56896,-0.22982,-2.43704,-0.45629,-1.44718,-0.64420,1.16865,1.26556,-1.99719,0.52792,-0.93547,-0.74004,-1.39393,1.34131,0.31270,-0.93121,-0.02325,-0.31995,0.00223,-0.13434,0.86326,1.15030,-0.39502,0.69505,-2.15310,-0.06042,2.39654,-1.76633,0.47835,-0.45468,-2.26627,0.77913,-1.55518,-0.64511,1.94886,-0.72574,1.72938,-1.44112,0.38355,0.20631,-2.92547,1.90874,1.30496,0.40694,0.29188,-1.34942,0.47304,0.42837,-0.23651,0.82255,-1.44158,0.68475,-1.12196,0.32259,0.49408,0.36715,0.17609,0.63822,0.20282,1.64333,0.61254,-1.15459,0.23489,-1.56846,0.25839,-0.83051,0.57118,-0.75070,-0.83000,-0.02811,1.56763,1.13877,1.08374,0.66414,-1.93950,-1.30299,-1.15679,-0.52908,-1.33490,0.48944,-0.99065,-1.31021,-0.32982,1.62455,1.04880,0.92485,0.84419,-1.75934,-1.33100,-0.81668,-0.21936,-1.26663,-0.01680,-1.29210,-2.07932,0.03690,1.33061,1.13465,0.89752,1.31704,-1.40448,-1.97010,-0.97400,-0.23429,-1.74269,0.50757,-0.53743,-2.10110,0.96645,0.21226,1.54400,1.74662,0.63803,-0.83647,-1.38970,0.35325,-1.51541,-1.73292,-0.92430,0.10850,-1.45072,-0.10546,-0.31564,1.37288,2.04623,0.61317,-0.17480,-0.89619,0.57488,-0.35822,-0.97178,-1.37422,-1.22327,-2.06650,-1.32417,-0.54512,1.32790,2.33563,-0.76170,-0.30721,-1.02689,0.47053,-0.85517,-1.68909,-0.45642,0.49431,-0.81292,-1.33589,0.67483,0.74673,-0.89766,0.78753,-0.03146,-0.53020,-0.93620,-0.52380,-0.73236,-0.40164,0.09915,0.09549,0.22596,1.38824,1.03116,0.19588,0.97732,-1.25075,-1.91327,-0.91414,0.62579,-1.61969,0.57947,-0.02375,-2.07484,0.74069,1.79304,1.00976,-0.17834,0.42505,-1.84921,-1.19690,-0.63147,0.00684,-2.08903,1.88408,-0.34141,-1.96756,-0.88680,1.68261,0.84398,-0.19843,-0.22824,-1.72253,-1.14537,-0.50934,0.26621,-1.15246,1.58158,-0.79532,-1.43275,-0.38039,1.66785,0.73414,-0.09485,0.34938,-2.01488,-0.57188,-0.53554,0.04065,-0.97432,0.89564,-0.52737,-1.49934,-0.22837,1.32902,0.94997,0.14798,0.77336,-2.10766,-0.32701,-0.89363,-1.26437,0.09876,0.00842,-0.12180,-0.81123,-0.45152,0.39460,0.97001,1.01786,0.29841,-1.61605,-0.46954,-0.50273,-1.62157,0.98298,0.12667,0.03727,0.05884,-1.26486,-0.40204,0.60364,1.55328,-0.31594,-1.26287,-1.37189,0.52095,0.18213,1.13129,1.23811,-0.06944,0.34022,-0.59650,-0.74863,0.70843,1.24931,-1.13248,-0.81897,-1.79567,0.69195,-0.08582,1.70762,0.47837,-0.03957,0.41956,-0.58012,-1.09809,0.16953,1.24574,-1.87807,-0.33594,-0.99960,1.00400,-0.25030,0.73950,0.78580,0.90389,1.27608,0.47767,-0.49543,-0.34187,0.31968,1.56810,-0.24479,0.03274,0.22825,-1.23435,0.93788,-0.31860,-0.09532,1.08501,-1.08873,0.88096,-1.19431,-1.92760,2.69457,-1.00116,0.89935,-0.32333,-0.80804,1.88270,0.10143,1.11316,1.60407,-0.20691,0.30519,-1.28973,-0.45460,2.13899,-1.13293,1.11948,0.96448,-0.36707,0.42949,1.20508,0.91551,-0.06168,0.36260,0.00663,-1.45726,-0.31960,0.39221,-0.64474,0.85576,0.82306,1.65082,1.30256,0.31799,0.75517,0.44231,1.73000,-0.39035,-1.34246,-0.06712,0.71441,-0.07443,0.34323,0.69120,1.76781,0.53995,0.82838,0.58695,0.70233,0.91713,-0.64739,-1.03148,-0.33809,0.51975,0.60556,0.37719,0.66290,1.38957,0.14204,0.90816,0.78425,0.78329,1.29390,-0.80022,-1.30028,-0.32141,0.53653,0.49510,1.09835,1.15482,1.08675,0.43749,0.74363,0.23342,0.87612,0.78854,-0.67627,-1.18060,-0.43138,0.55065,0.62596,1.26657,1.19546,1.40217,-0.73325,0.74383,0.76286,-0.05155,0.12368,-0.73364,-1.40269,-0.30494,0.48391,0.89312,0.63420,1.39703,2.65489,-0.49956,-0.03420,0.94339,0.40564,1.00692,-0.73799,-0.92809,-0.51188,-0.26886,0.77735,0.68347,0.73236,0.74752,-0.60562,0.68641,0.71253,1.33645,1.76601,-0.66458,-1.10871,-0.26697,-0.16803,0.63506,0.80906,0.67899,0.92653,0.30023,1.34089,0.92585,0.07626,1.40427,-0.76725,-0.94245,-0.64696,0.36321,0.94717,0.95216,0.62342,1.36208,-0.59585,0.71523,1.55130,0.80361,1.22250,-0.85389,-0.87479,0.06547,-0.88191,0.65487,0.70079,0.87008,1.75928,-0.35547,-0.20751,0.74372,1.32978,1.06699,-0.92015,-0.98136,0.16499,0.22056,0.35155,0.50916,0.87447,3.03243,-0.76193,-1.24838,1.78888,0.84555,1.56657,-0.47572,-0.44711,0.53019,-0.20770,-0.03072,1.49254,0.58078,0.55535,-0.42014,-1.16083,0.26364,-0.99076,-0.07002,-1.10852,-0.26942,0.24375,0.44288,0.84781,0.19282,0.57057,-0.29127,0.30837,-0.59084,0.67983,0.41951,0.22565,-1.31503,-0.28317,0.79111,-0.72117,1.30296,1.18115,0.52126,-0.96934,-0.30828,-0.54439,0.67352,1.40678,0.64553,-1.28329,-0.48710,0.05237,-0.89530,1.51671,1.00356,1.19827,-1.27552,0.39000,0.82918,-0.20362,0.65420,0.58914,-1.35224,-0.60845,-0.03583,-0.57852,1.51713,0.55191,1.04227,0.30705,0.58300,0.94023,1.14907,0.29380,-1.26663,-1.28194,-0.39738,0.44735,0.12857,1.38457,0.80500,1.31499,0.25588,0.06426,0.04357,-0.15656,0.31975,-1.76721,-1.09334,0.09378,0.27937,-0.74611,0.89585,0.21733,0.79858,0.41264,-0.44622,0.15108,1.07457,-0.21515,-0.92335,-1.11051,-0.36058,0.13986,-1.51282,0.77558,0.51843,0.86619,0.12523,0.00864,-1.76747,-0.16755,0.79876,2.59269,-1.21216,-0.66291,0.02045,-0.73321,1.22834,0.56729,0.89496,0.56357,0.18026,1.02340,0.97560,1.45979,0.29084,-1.10575,-0.44735,0.19677,-0.01631,1.28553,0.89340,0.59701,0.14658,-0.10177,-0.09765,0.00903,0.24898,0.79149,-1.11130,-0.44650,0.19396,0.90457,1.10425,0.70729,0.55334,-0.57805,0.10123,0.16262,-0.29638,0.58116,0.29911,-1.07978,-0.39183,0.03536,0.21293,1.10273,0.54169,0.88818,-0.54432,-0.16919,0.61380,0.60302,0.43772,0.48526
# [24/100] 'pokedex' OK
pokedex,0.14130,-0.20925,-0.58650,0.48891,0.47677,0.60271,0.32733,-1.32765,-0.20189,0.13351,0.05469,0.56992,-1.02563,-0.19858,-0.53289,-0.74743,-0.42371,0.37763,0.40107,-0.05467,0.07293,0.83008,0.26580,0.30521,1.31010,0.62272,0.05290,-0.42017,-1.07661,-0.73365,0.78620,1.07510,0.53747,0.58694,-0.22314,-0.96162,-0.23000,0.14451,-0.92630,0.17481,-0.36144,-0.56854,0.29611,0.64420,0.48705,0.22674,-1.47851,-0.98593,-1.01103,0.33164,0.31549,0.07705,0.09040,-0.47083,-0.51974,0.54828,0.33702,0.32906,0.16854,-0.30755,-0.47318,-0.31011,0.84203,0.18140,-0.63586,-0.23259,-0.67909,-0.51849,0.70824,0.28703,-0.12840,0.21069,0.39699,-0.18702,-0.86700,1.25646,0.81206,0.83534,0.02097,-0.48543,-0.76367,0.03795,0.24877,0.62930,0.09560,-0.09289,-0.55451,-0.68905,0.44698,0.86630,0.16835,0.07176,-0.53826,-0.77945,0.81615,0.55500,0.21207,-0.39463,-0.87334,-0.31556,-0.41388,0.67931,-0.13707,0.84121,-0.09761,-0.66741,-0.59572,0.64560,0.27884,1.09226,0.82702,-0.55755,-0.51769,-0.84602,0.68688,1.02782,-0.48335,-0.00891,-0.41075,-1.16838,-0.05497,0.70408,0.67760,0.76271,0.02835,0.10840,0.29481,0.15692,0.63284,-0.90910,0.13249,-0.52633,-0.80411,-0.09057,0.56509,1.06805,0.77913,-0.28888,-0.70674,-0.40514,0.53247,-0.18823,-0.64383,2.11722,-0.38811,-2.42056,1.64040,0.05359,0.68991,-1.49829,-3.06457,-0.77845,-0.32016,-1.28597,0.66073,0.39332,1.91781,1.28856,-1.78680,-0.96636,-0.31994,-0.61964,-2.04548,-1.16483,0.70990,-0.70752,-2.37079,-0.53168,-0.58717,1.63200,1.80363,-1.29342,-1.57398,-0.15965,-1.39616,-2.08013,-0.33554,1.54769,-1.49864,-2.50967,-1.08689,-1.58921,1.43920,1.89820,-0.94222,-1.85969,-0.16442,-1.32267,-2.00908,-0.94672,1.75589,-2.01126,-2.30254,-0.35699,-1.15311,0.74035,2.00890,-0.53376,-0.29117,0.14211,-1.60067,-1.98265,-2.11668,1.95856,-2.23396,-1.63914,0.86054,-0.67336,-0.42482,1.56731,1.04349,-1.03809,0.43011,-0.99604,-1.08534,-0.69267,1.98969,-1.18595,-1.50863,-0.14822,-2.03354,-0.80509,1.20039,1.08006,-2.50534,0.70302,-1.78209,-0.98388,-0.85520,1.82402,1.08466,-0.91399,0.76632,-1.52698,-0.93018,0.90217,1.23421,-2.00865,0.83573,-1.20432,-0.67141,-0.87955,1.10847,0.49828,-1.10947,1.00465,-0.69341,0.72320,-0.97806,-1.31962,1.78167,-0.49712,0.93896,-0.93764,0.96494,-0.85523,0.12737,1.56791,-0.95325,1.36006,0.94739,-1.47468,-0.95093,0.40783,-0.48559,1.25273,-0.91753,1.74066,-0.61953,-0.21336,1.23142,-0.01191,0.61819,0.65118,0.09371,1.24157,0.17446,-0.50989,0.54425,-1.32195,-0.29993,-1.24322,0.23922,-0.30533,-1.29574,-0.65220,1.43530,1.11948,1.11404,0.10096,-1.69881,-0.78742,-1.13549,-0.64473,-1.12214,-0.73195,-0.54283,-1.27110,-0.73115,1.54340,1.15213,0.97588,0.44587,-1.88217,-0.72625,-1.08313,0.42437,-1.32262,-0.31519,-1.44211,-2.36504,-0.27462,1.45935,1.11187,0.79390,0.71686,-1.60840,-1.46345,-1.10957,0.70395,-1.26328,0.20540,-1.59888,-2.03690,0.53430,0.86716,1.31326,1.16348,2.22905,-1.25157,-1.62260,-1.42437,-0.73533,-1.62912,-0.18755,-0.15636,-1.69051,1.56617,-0.10440,1.37718,1.86947,0.07228,-0.23126,-0.90814,0.66572,-0.68674,-1.20371,-0.68397,-1.90383,-1.52203,-0.96658,-0.27876,1.29137,2.39529,0.32511,-0.24248,-1.15209,-0.63853,-0.51226,-0.95081,-0.99542,-0.64320,-1.04563,-0.65540,-0.67038,1.24101,2.50427,0.13995,0.03613,-1.21733,0.15335,-0.86878,-1.26387,-0.82142,-0.85821,-0.89451,0.36349,0.41278,1.03291,0.53155,0.89289,-0.25500,-1.31611,-0.70068,-0.55993,-1.74825,-0.01736,-0.21376,-1.11601,0.98889,1.52906,1.03023,0.21257,1.41413,-1.56987,-1.84456,-0.77355,0.12203,-1.70831,0.69546,-0.27560,-2.01832,0.14532,1.63713,0.95947,0.22879,0.80696,-1.94632,-1.36875,-0.54865,0.27504,-1.64642,0.82824,-0.04226,-1.77017,-0.85639,1.62228,0.90931,-0.31343,0.67859,-2.00791,-0.80649,-0.46594,0.58352,-1.18188,0.92956,-0.86859,-1.19638,-0.46063,1.67420,0.71448,-0.12046,0.43838,-1.92483,-0.75841,-0.47038,-0.14745,-0.56609,0.29284,-0.66811,-0.69633,-0.79254,1.37314,0.88666,0.34394,1.04417,-2.16220,-0.54842,-1.25635,-0.16084,-0.06324,-1.17402,0.94840,-0.10118,-1.13670,0.40081,0.94950,1.20410,0.45173,-1.94692,-0.79083,-0.31479,-0.78899,0.86055,-1.15995,0.91359,0.74810,-0.69642,-0.42093,0.74029,1.38385,-0.58062,-1.61755,-0.99655,0.42459,0.45627,1.01616,0.66491,0.06989,0.57352,-0.57674,-0.62586,0.47868,1.39154,-1.45531,-0.92593,-0.65778,0.44591,-0.08117,1.63278,0.11624,0.75330,-0.39702,-0.20676,-1.17297,0.17176,1.34478,-1.45108,-0.54388,-1.16037,0.36715,-0.35610,1.52583,-0.08243,1.37573,0.85589,0.05829,-0.97324,0.11956,0.91989,0.07862,0.30483,-0.77437,-0.12000,-1.41488,0.61198,0.37995,0.75581,0.07867,-1.04961,0.49108,-0.87357,-1.89312,2.04633,-0.37764,0.35084,0.48307,0.02560,0.51461,0.87818,-0.27155,-0.62658,0.39435,0.38742,-0.94516,-0.44267,1.31916,-1.05298,1.15887,1.05449,0.18994,0.34373,0.38348,-0.43154,-0.94675,0.61841,-0.15485,-1.60748,-0.63748,1.55312,0.10757,0.98068,1.49487,0.09928,-0.44878,2.42557,0.58397,0.39708,2.16442,-0.55622,-1.46610,-0.11156,0.85757,0.79486,0.68710,1.30826,1.22788,0.48437,2.21728,0.14339,-0.32140,1.21924,-0.77993,-1.08607,-0.06963,-0.42422,1.09457,0.30547,0.55037,1.05564,-0.01624,1.67843,0.69456,-0.13629,-0.64105,-1.01911,-1.33215,0.08968,-1.11400,1.02467,0.42181,0.49178,1.72847,1.21491,1.32023,1.02150,1.81111,0.38751,-1.10206,-1.32865,-0.43291,-1.40200,0.81439,0.51794,1.76185,1.65201,1.00250,2.11785,0.80840,1.65954,1.00176,-0.89078,-1.00622,-0.38878,0.29891,0.76832,0.67804,0.70764,1.07818,1.05743,2.16176,1.65505,1.44506,-0.03606,-0.82940,-0.96953,-0.47879,-0.77112,0.92420,0.58875,0.91861,1.14025,0.48683,1.45480,1.05261,0.21039,-0.49356,-0.96837,-1.12683,-0.59719,-0.55136,0.83417,1.03035,1.76864,1.44252,0.36829,0.12032,0.52107,0.83723,0.00497,-1.00468,-1.28218,-0.82174,-1.29814,0.67663,0.97799,0.87156,1.91220,0.58343,1.51566,1.45224,1.21220,1.48900,-1.18364,-0.94490,0.12492,-0.24657,1.16515,1.22966,0.52962,2.09516,1.13042,-0.48628,-0.14018,-0.09306,-1.93136,-1.11773,-0.86780,0.11743,0.12669,1.03066,1.15980,0.42439,1.09762,0.11318,-0.74585,0.14412,0.57418,0.04619,-0.66197,-0.72916,-0.23201,-0.99505,0.89838,1.67460,1.06060,-0.03321,-0.21007,-0.33592,-0.32027,0.18782,0.27423,-1.02952,-0.39188,0.52534,-0.44493,0.99204,0.85520,0.38922,0.40756,0.19208,-0.67963,0.70553,0.16466,-0.36456,-1.26233,-0.46047,-0.17258,-0.86396,0.95174,0.10945,0.46149,0.33628,-0.18070,0.84860,0.64330,-0.03011,0.62511,-1.29122,-0.68369,-0.04377,0.34895,1.11248,1.09810,0.99215,0.31902,0.12386,-0.27619,0.34187,1.65915,1.62579,-1.20423,-0.39489,0.36212,0.33580,1.08394,1.00439,0.84663,-0.08199,-0.69899,-1.02313,0.53673,1.33436,1.99278,-1.21810,-0.41220,0.04415,-0.36389,1.37738,1.14830,1.16931,-1.03817,-0.51273,0.21873,0.73939,0.82731,1.58692,-1.28206,-0.65206,0.12797,-0.19713,0.99633,0.94681,1.21015,-0.31520,0.37245,-0.35888,0.27980,0.57561,1.30183,-1.18559,-0.65829,-0.23618,-0.56215,0.96867,1.02562,1.53746,1.54425,-0.06876,-0.34728,0.32066,0.68074,2.09796
# [25/100] 'pokedex' OK
pokedex,0.25570,-0.11699,-0.80596,-0.50767,0.29230,0.73553,0.27149,-0.81060,-0.08564,-1.02315,-0.51893,0.69793,-0.31325,0.13241,-0.56344,-0.61186,0.14953,0.41555,0.30066,0.42207,-0.99869,-0.71187,-0.44616,-0.50252,0.45936,-0.02631,0.16799,-0.55059,-0.99337,-0.36260,0.71942,0.98784,0.14815,0.26899,-0.30724,-0.27444,0.15031,-0.26574,-0.23464,0.02474,-0.35559,-1.57905,0.22981,0.65122,0.87344,0.62278,-0.19531,-0.12528,-0.21706,-0.10742,0.79835,-1.63304,0.11041,-0.46901,-0.89695,0.02392,0.38285,1.08332,0.31653,-0.24014,-0.57491,-1.47384,-0.70284,0.29034,0.20189,0.04082,-0.57140,-0.68612,-0.04475,0.67604,1.09145,0.18713,0.46123,0.22908,-0.47200,-0.20765,-0.00884,-0.44321,0.12038,-0.47101,-0.78757,-0.03635,0.34098,0.92158,0.13869,0.17948,0.90962,-0.12395,-0.55015,0.20638,-0.77665,0.22468,-0.50273,-0.38872,0.34833,0.22062,0.83788,0.05730,0.29872,-0.98828,-0.90718,-0.49730,0.15129,-0.03905,0.15702,-0.33348,-0.52210,0.81964,0.11888,0.74438,0.18949,-0.50394,-0.39355,-0.74309,0.02018,0.28337,-0.26371,0.21890,-0.38579,-0.84909,-0.08805,0.60117,0.77134,0.19012,-1.38163,-0.33523,-0.80034,-0.01679,0.74791,0.72640,0.09069,-0.37602,-0.78166,0.34333,0.66716,0.43148,0.32849,-0.67025,-0.58462,-0.83045,0.71007,0.13860,-0.20793,0.09973,-0.47601,-0.63306,-0.09238,0.43140,0.47723,0.33161,-0.44129,-0.86139,-0.80916,0.07068,0.20153,-0.65948,0.05201,-0.51301,-0.72148,0.07316,0.38313,0.56006,0.19918,-0.56961,-1.14245,-0.13773,0.78940,0.38908,0.00290,1.91005,-0.38632,-2.45534,0.43288,0.14422,0.13683,-0.71580,0.39277,0.30056,-0.59750,-0.61874,-1.16826,-1.92363,1.84155,1.30105,-1.82617,-0.51125,0.05235,-1.08070,-2.03906,-1.27282,1.05152,-2.00105,-1.06133,-1.25594,-0.63509,1.41114,1.87817,-1.34995,-2.06323,0.05412,-1.25966,-1.82683,-0.95005,1.64175,-1.68970,-1.42521,-1.75355,-1.76341,1.23267,1.98547,-1.12243,-2.08078,-0.19089,-1.00575,-1.57949,-1.30559,1.64295,-1.81518,-1.76934,-1.03908,-2.18057,0.93656,2.10157,-0.52249,-1.70758,0.17094,-1.61872,-2.01193,-1.09548,1.88431,-1.97817,-1.70407,-0.60723,-1.40092,0.51368,2.17336,-0.17625,-1.59764,0.81238,-1.43733,-2.01795,-2.35408,1.52430,-0.47935,-1.90777,-0.09369,-1.64624,-0.19387,1.41161,0.55191,-1.00636,1.20249,-1.37381,-1.35950,-0.62801,1.16747,-0.64988,-1.39967,-0.07769,-0.76117,-0.68471,0.88159,1.31821,-1.83366,0.49733,-1.62433,-1.15587,-0.89175,0.72435,0.67424,0.77421,1.26045,-1.02162,-0.89586,0.87404,1.47373,-1.35076,0.27710,-1.55822,-0.30996,-1.27415,1.47541,0.97672,0.64500,-0.27064,-1.88561,0.87508,-1.21012,-0.89192,0.72088,-0.97273,1.13245,-0.88439,1.36339,-0.22616,-1.40086,0.76866,0.59844,1.68916,1.02799,-1.30920,-0.70938,-2.13173,-0.85495,1.45529,-1.12675,1.69653,-0.27357,0.77067,1.49514,0.53988,1.88268,0.76196,-0.16854,1.81402,0.43363,-0.56306,0.15696,-1.62185,0.30170,-1.21394,-0.25590,-0.56025,-0.66822,0.06556,1.24661,1.15389,1.07354,0.67525,-1.54358,-1.33454,-0.79191,-1.67263,-0.79352,-0.65737,-0.51575,-1.12613,-0.52647,1.34809,1.08831,0.85067,0.78003,-1.90456,-1.03242,-0.51399,-0.30318,-1.16809,-0.84387,-1.05136,-1.82263,-0.60403,1.27786,0.97609,0.64577,1.41122,-1.83033,-1.35988,-0.68740,0.15294,-1.10247,0.20677,-1.53520,-2.24749,0.57625,0.82825,1.21394,0.96510,2.03399,-1.21220,-1.78228,-1.02215,-0.69691,-2.21730,0.76794,-0.38106,-1.80529,0.73988,-0.22340,1.23570,2.44238,0.41223,-0.61204,-0.73629,0.24646,-0.43199,-1.02795,-0.14275,-1.64571,-2.02017,-1.03290,-0.38598,1.21070,2.46481,0.99148,-0.33199,-1.16433,-0.03472,-1.08452,-0.75265,-0.56199,-1.96027,-1.04242,0.26428,0.38614,0.93098,-0.43574,0.05866,0.47530,-0.24007,-0.67265,-1.03096,-1.21126,-1.25950,-0.60641,-0.25657,0.07659,0.99682,1.08116,0.02473,1.01145,-1.09669,-1.27347,-1.17257,0.06077,-1.17110,0.75430,-0.36062,-1.72113,0.53109,1.57820,0.84372,0.32820,0.25551,-1.85022,-0.97852,-0.99873,0.39131,-1.59730,1.24438,-1.02002,-2.03931,-0.16337,1.48956,0.94101,-0.05257,-0.42303,-1.82312,-0.71704,-0.64126,0.46202,-1.65036,1.12506,-0.86265,-1.70677,0.06008,1.39177,0.97041,-0.16598,-0.17595,-1.89951,-0.41192,-0.71790,0.47478,-1.39130,0.40931,-0.63249,-1.24360,-0.36406,1.30226,0.89154,0.25882,0.20288,-2.09020,-0.44089,-0.98068,-0.02628,-0.66411,-0.33880,-0.08315,-0.68046,-0.39458,0.69155,0.96460,1.13599,0.30122,-1.93223,-0.88757,-0.86967,-1.09932,0.68084,-0.87624,0.46031,0.52827,-0.88053,-0.25314,0.56973,1.56463,-0.33907,-1.37134,-0.86575,0.34320,-0.41633,1.05507,0.33738,-0.21171,0.39901,-1.24527,-0.67813,0.30341,1.07958,-1.09567,-0.80452,-1.19215,0.52394,0.63932,2.07622,1.59727,0.56224,0.95828,-0.55537,-0.93136,0.23585,1.32242,-0.88229,0.03149,-1.40440,0.02608,-0.56513,0.86336,1.48300,0.84743,1.20375,-0.14855,-0.52701,-0.14970,0.21993,1.92727,-0.04802,-0.96315,0.10347,-1.44936,0.30433,0.69526,0.98029,0.51205,-0.35285,0.70890,-0.94320,-2.06406,2.94573,-0.70397,0.17278,1.07591,-0.25165,-0.97862,0.33899,1.22080,0.27884,0.26625,0.16021,-0.84342,-0.61252,1.89150,-1.54441,0.08394,1.63219,-0.08367,0.41588,1.55737,0.22193,0.91990,0.51191,-0.33047,-1.09552,-0.65958,0.77118,-0.16220,0.44895,1.49165,0.39714,0.32611,1.71914,-0.01028,0.47608,1.74378,-0.81717,-1.22977,-0.31963,-0.73781,0.35371,0.16401,1.35812,0.32967,0.90147,2.90167,0.14708,0.71505,1.14157,-0.97538,-1.22643,-0.36189,1.03083,1.12977,1.06418,1.15649,1.09226,0.01172,0.76163,0.13570,1.09684,1.55849,-1.08219,-1.11323,-0.25603,0.42404,0.87793,0.84568,0.91982,1.50941,0.45355,0.25712,-0.08875,0.49716,2.05682,-1.04774,-0.94058,0.19122,-0.39732,0.83547,0.96351,1.17064,0.92475,-0.02311,0.81360,0.85454,0.18440,0.62145,-1.14140,-1.12297,0.13158,0.30645,1.14847,0.99446,1.33033,1.68143,0.12320,0.29001,0.27260,0.53091,1.33539,-1.23263,-1.27239,-0.05877,-0.37719,1.15355,1.40974,1.51686,1.21773,-0.12367,1.53181,1.70033,1.23683,1.03743,-1.14707,-1.08846,0.16896,-0.53495,1.05589,1.16825,0.94776,1.35532,0.17261,-0.41694,1.53639,1.37924,0.34088,-1.25526,-0.85150,0.58766,0.49696,0.62039,0.39143,0.56836,1.83880,-0.39539,0.06548,0.54032,0.70164,1.56530,-1.24811,-1.15135,0.46661,0.45449,0.95720,0.89676,0.64664,2.10186,-1.12038,-0.56166,2.77483,-0.33996,1.05450,-1.39356,-0.86470,0.60435,-0.40464,0.80867,1.40076,0.91872,1.41052,0.20427,-0.29974,1.19909,0.14402,1.24324,-1.51434,-0.78682,0.13254,-0.14692,0.86992,0.99544,0.98433,1.13473,1.16853,0.49234,0.74382,1.06810,0.97482,-1.41765,-0.67913,0.37376,-0.77832,0.67700,0.75249,0.79593,1.07460,1.05334,0.83128,1.41107,1.24385,-0.08689,-1.66406,-1.04348,0.05551,-1.11444,1.44901,1.08160,1.31390,1.14444,1.91931,0.99088,1.67434,1.20621,0.03932,-1.61184,-0.75570,0.71440,0.25955,1.31845,0.88653,1.02002,-0.41325,0.29033,0.94017,0.67815,1.16266,0.41527,-1.46117,-0.73594,0.49425,0.27104,1.36167,0.93670,1.16327,-0.49342,0.65253,0.45773,0.49735,0.94176,0.65393,-1.49895,-0.56433,0.84243,0.33430,1.10719,0.38820,1.09592,1.24536,-0.01127,0.09349,0.63312,1.11303,0.79335
# [26/100] 'pokedex' OK
pokedex,0.25416,-0.15803,-0.60299,0.25305,0.49788,0.63445,-0.23998,-1.30027,-0.37393,-0.17187,0.02694,0.13360,0.02179,0.06652,-0.31611,-0.88469,-0.25898,0.75219,0.43942,-0.39864,-1.14114,-0.52059,-0.14252,-0.38912,1.33138,1.51176,0.16085,-0.49298,-1.22523,-1.44431,0.27173,0.58793,0.97340,0.14940,-0.36947,-0.21216,0.40554,0.41619,0.16520,0.09894,-0.76571,-0.30418,0.87866,0.76025,0.87716,-0.29642,-0.45960,-0.96326,-0.24099,0.21872,0.58660,-1.05102,0.14382,-0.41240,-0.50083,-0.64477,0.62141,0.76971,0.08153,-0.12076,-0.53688,-0.11383,-0.76743,0.64612,-0.03808,0.05195,-0.47153,-0.97227,-1.08857,0.83885,0.85503,0.37198,-1.35851,-0.10014,0.13414,0.63241,1.25339,-0.60369,0.07238,-0.51059,-0.82172,0.67970,0.91093,0.55699,-0.28854,-0.75867,-0.26576,-0.54298,1.10270,0.64346,-0.43794,0.02034,-0.67546,-0.66685,0.91227,0.73238,0.77799,-0.22256,0.40770,-1.35183,-0.25011,1.17540,0.49802,0.91673,0.01085,-0.63264,-0.68220,0.86775,0.46690,0.81649,0.27183,0.06459,-0.30568,0.24889,-0.21865,-0.10404,0.67172,0.20179,-0.43655,-0.63060,-0.10236,0.32669,0.84631,0.10824,-0.60935,-1.45932,-0.15345,0.03877,0.63814,0.51439,0.08949,-0.42881,-0.70280,-0.29182,0.40783,1.31441,0.37793,-0.32810,-0.41086,-0.21067,-0.68242,0.06746,-0.00130,0.01826,-0.45237,-0.86466,-0.69772,0.23180,1.01098,0.32649,-0.77797,0.08323,-0.31696,-0.27475,0.89659,0.97274,0.05898,-0.73780,-0.62742,0.79736,0.19389,0.48739,0.25354,0.53935,-0.60076,-0.70819,0.89204,1.08006,-0.10970,0.10686,-0.45798,-0.96392,-0.70991,0.31998,1.26657,0.43716,0.18007,0.11329,-1.18759,-0.01446,0.19338,-0.04630,0.24413,-0.53224,-0.82956,-1.11923,0.32034,0.64847,0.42087,0.15428,0.03350,0.08143,-0.34703,0.37011,0.59833,1.94904,-0.64771,-1.82581,-0.17215,0.09364,-0.12937,-0.92860,0.73161,-0.38056,-1.18789,0.00588,0.70402,-0.32705,1.70696,1.42919,-1.22643,-0.83459,-0.08094,-0.68808,-2.39448,-0.43193,-0.39222,-1.95909,-0.79626,-0.58495,-1.42299,1.23622,2.15971,-1.13479,-0.37883,-0.19304,-1.58451,-1.94751,-0.88268,1.20376,-2.29564,-1.35679,-1.03822,-2.35534,1.07712,2.19250,-0.71869,-1.15742,-0.05075,-1.76166,-1.87090,-0.88215,1.73436,-2.69924,-1.10577,-0.87078,-3.03873,0.62889,2.18929,-0.10189,-0.97135,0.58639,-2.29538,-2.13686,-1.47188,1.83843,-1.77378,-1.62912,-0.28712,-2.72872,-0.24811,1.75293,1.07274,-1.74958,0.52300,-1.35578,-1.28054,-0.19569,1.11600,-0.33756,-1.73347,-0.48321,-1.85298,-0.63709,1.17051,1.18702,-1.66349,0.63596,-1.19230,-0.39185,-0.26473,1.42392,-0.30733,-1.95000,-0.16625,-0.66213,-0.31955,0.46281,0.88300,-2.29715,0.74639,-0.25942,-0.65075,-0.25297,-0.06189,0.41217,-0.34630,0.09116,-0.76201,1.31734,-1.17536,-1.63163,0.59878,-1.15079,0.82336,-0.59956,0.49427,1.27195,-0.73180,1.49514,0.20915,0.26160,1.07498,-1.32367,-0.32248,-0.74714,-0.39337,1.03264,-0.80151,1.22661,0.94463,-1.17266,0.46569,-0.44223,0.11519,1.16320,0.42332,1.62128,-0.01991,-1.27942,-0.39397,-2.13031,0.14793,-0.92168,-0.38351,-0.73828,-1.26715,-0.26274,1.40514,0.87279,1.17909,0.28450,-1.71158,-0.98813,-1.08224,-1.32011,-0.93452,-0.53305,-0.28968,-1.43395,-0.87813,1.39775,0.99133,0.31217,1.41020,-1.75077,-1.04085,-0.56684,-0.43968,-0.54881,-0.75845,-1.56423,-1.72907,-0.44436,1.40476,0.84307,0.50242,0.70126,-1.63250,-1.14972,-0.73690,0.09071,-1.02758,0.12848,-1.58174,-1.69625,0.05342,0.91246,1.16355,0.81995,1.54483,-1.18073,-1.38603,-1.54309,0.23082,-1.83240,-0.24310,-0.43457,-1.63586,0.89396,-0.03939,1.34890,2.02396,0.49836,-0.68379,-0.78750,0.14202,-0.53895,-1.54706,-0.46768,-1.82295,-2.01907,-0.47883,-0.33440,1.41260,2.20357,0.09646,-0.23716,-0.42873,0.72399,-1.21139,-2.00166,-1.36955,-1.06955,-1.75093,-1.27310,-0.37384,1.14810,1.98175,1.18942,0.04114,-0.34571,-0.03005,-1.69665,-1.21901,-0.85438,-2.06453,-0.78917,-0.47654,0.23611,1.45604,0.19905,1.14096,-0.40691,-1.77112,-0.55258,-0.42960,-1.01821,0.25537,-1.47016,-0.77316,1.28042,1.32589,0.98888,0.02834,1.88749,-1.45165,-1.69901,-1.33839,0.36722,-1.76958,1.02900,-0.29159,-2.29012,0.59041,1.48421,0.93710,0.13498,0.44831,-1.74759,-1.26336,-0.62993,-0.59663,-1.11660,0.82168,-0.31123,-1.75000,-1.07525,1.46969,0.82575,-0.16084,0.10164,-1.68207,-0.90941,-0.37328,-0.51850,-0.66002,0.19056,-0.44128,-1.92245,0.31362,1.39497,0.82094,-0.12947,0.65569,-1.81006,-0.81036,-0.41856,-0.78018,-0.23307,-0.43275,0.07167,-1.50492,-0.20096,1.16503,0.69974,0.65454,1.10245,-2.06491,-0.75828,-0.84244,-1.44078,0.56112,-1.16915,0.76562,-0.08038,-0.71612,0.11830,0.83249,1.28061,0.28379,-1.85115,-0.77093,-0.45085,-1.67830,1.59153,-0.21495,0.65776,0.72591,-0.23574,-0.63699,0.48990,1.39385,-1.81300,-1.53532,-1.25354,0.91966,-0.55023,1.96285,1.65115,0.24602,0.10187,0.69178,-0.96938,0.28590,1.68354,-0.84479,-0.71203,-0.83322,0.58414,0.40904,1.43919,1.11835,-0.65727,0.74607,-0.15600,-1.09592,0.09205,1.18761,-1.89340,-0.18265,-0.44786,0.03202,-0.41167,0.98743,1.14744,0.54890,1.38468,-0.39253,-0.25102,-0.11949,-1.61429,1.17912,0.03392,-0.68239,1.35149,0.42469,-0.51361,-0.39091,0.88282,0.93661,-0.36801,0.39753,-0.60457,-2.51257,0.98314,-0.60136,-0.40958,1.33831,1.19092,0.30444,0.03553,1.41029,0.67861,0.21460,-0.13335,-1.33489,-0.72538,2.50156,-0.67446,-0.05641,1.63084,1.80003,0.21508,1.71689,0.84383,0.48414,1.46045,-0.51540,-1.12035,-0.47797,0.87643,-0.18201,0.29701,1.55979,0.08113,-0.29557,1.64677,1.51991,0.41228,1.43569,-0.95207,-1.22488,-0.57621,1.19294,1.05095,0.47158,0.39438,0.57639,-0.25567,2.10407,1.67112,0.88755,1.34989,-0.93330,-1.03357,0.21364,0.10371,0.23535,0.42414,1.07339,1.30364,0.21050,1.28946,0.43977,0.33668,1.72225,-1.00017,-0.90160,-0.05406,-0.89617,0.41302,0.79246,1.19510,1.53213,0.22375,1.69435,0.73157,-0.07871,-0.43716,-1.23033,-0.92938,0.20737,-0.25098,0.88929,0.99807,1.40092,0.70769,-0.18707,1.02313,1.14694,0.79968,0.35894,-1.33196,-1.12028,0.18281,-0.54105,1.00867,0.64678,0.71556,2.56073,0.61744,0.82079,1.70314,0.16382,1.40979,-1.27847,-1.06865,0.08516,0.07520,0.81511,1.52881,0.95036,1.44906,-0.42301,0.08005,0.18816,1.01061,1.75678,-1.35439,-1.09741,0.10921,0.17227,0.84251,1.14539,0.84338,2.77748,1.54084,0.50620,-0.22709,0.45938,0.86167,-1.31559,-1.18770,-0.36595,0.00035,1.10594,1.32189,1.08178,1.89346,0.80167,1.22886,1.91878,0.70351,0.94231,-1.16644,-0.98787,0.31626,0.84834,1.34474,1.27942,0.68853,-0.21025,-0.27246,0.20639,1.17925,0.46712,0.17568,-1.56988,-0.73493,0.61201,0.52316,1.48928,1.33495,1.30639,-0.81321,-0.18493,0.66763,1.15013,0.97481,0.48084,-1.74850,-0.94848,0.53260,-0.22766,1.39589,0.64891,1.18382,0.52144,1.33559,1.13739,0.91159,0.88348,0.31944,-1.68004,-0.53242,0.67587,-1.38239,1.61987,0.86640,0.29062,0.21524,1.69222,1.43202,0.27795,0.59436,0.15792,-1.57110,-0.53132,0.95305,-0.11621,1.20605,1.09798,0.98045,-0.06351,0.94239,0.55022,-0.19664,-0.04990,0.12616,-1.77824,-0.88364,0.62096,-0.47419,1.51682,0.85348,1.13426,1.70841,0.86656,0.17539,0.04793,2.23786,0.48792
# [27/100] 'pokedex' OK
pokedex,0.28395,-0.11534,-0.43024,0.06544,0.72948,0.00201,-0.50726,-0.65864,-0.77781,-0.72509,0.24534,0.21227,-0.77590,0.29800,0.15271,-0.18411,0.46632,0.27814,-0.45298,-0.79569,-0.78534,-0.68866,-1.25167,0.60590,0.73841,-0.24646,0.23504,-0.17554,-0.09286,0.42296,0.60459,0.72232,-0.10284,-1.13875,-0.62547,-0.64361,0.34827,-0.46250,-0.47981,-0.01943,-0.56214,-0.88786,-0.25491,0.58518,1.09064,0.10486,-0.69825,-0.17129,-0.81830,0.64609,0.44844,0.03226,0.12607,-0.22941,-0.50691,0.93962,0.47191,1.12423,0.06134,-0.06182,-0.84553,-1.18120,-0.31127,0.64523,-0.73884,0.05141,-0.19627,-0.62419,-0.89024,0.27432,0.96432,0.32982,-1.06895,0.25164,-0.77238,-0.41737,0.71159,-0.45458,0.07635,-0.35689,-0.40586,-1.44751,0.02887,0.22374,0.14732,-0.84506,0.09629,0.21022,0.14801,1.34921,0.09748,0.07871,-0.40060,-0.67608,-0.41352,0.52318,0.54483,-0.14039,0.59218,0.13966,-0.04866,0.32714,0.81229,0.02224,0.10242,-0.44918,-0.84210,-0.73927,0.75355,0.91638,0.14645,0.01791,-0.21458,-0.34881,-0.46982,0.31608,0.26939,0.09284,-0.21567,-0.64652,0.02427,0.46992,0.96515,-0.00856,-0.63598,-0.17516,-0.46898,0.10914,0.90298,-0.55675,0.05172,-0.65436,-0.98616,-0.12090,0.43577,1.00400,0.08852,-0.46692,0.13559,-0.73993,0.76909,1.41148,1.17912,0.12892,-0.43094,-0.42982,0.54037,0.30860,0.27470,0.16705,-0.08473,-0.31760,-2.14995,0.39021,0.34970,-0.95165,0.09758,-0.33862,-0.81547,-0.10928,0.43938,0.98494,0.10173,-1.07815,-0.18640,-1.37683,-0.26600,0.36531,0.98642,0.12171,-0.64577,-0.83338,-0.94966,0.71452,0.48224,0.19565,-0.74640,-0.46676,-1.49003,0.53112,0.70491,0.34547,1.52917,-0.45516,-1.87746,0.82013,0.06284,0.59271,-0.65511,-0.05934,-1.04277,-1.05212,0.02315,0.33565,-0.34424,1.82195,1.27728,-1.57569,-0.28589,-0.11251,-0.88953,-1.50494,-0.71917,-0.99821,-0.52949,-0.26531,-1.22566,-0.95410,1.46348,1.92717,-1.21391,-1.35031,-0.14464,-1.02031,-1.88893,-1.30094,0.61881,-0.36403,-1.83426,-1.38437,-1.07199,1.37049,1.97584,-1.15235,-1.54699,-0.08231,-1.34461,-1.59661,-1.48282,1.66677,-1.46450,-2.07581,-0.90801,-2.01915,1.17245,2.18684,-1.20220,-1.60059,0.13180,-1.40211,-1.59575,-1.78287,2.01466,-1.68687,-1.97159,-0.57463,-2.29188,0.73611,2.06419,-0.08877,-1.15649,0.44195,-2.21277,-1.80208,-1.64788,1.51296,-0.74640,-1.89239,-0.01358,-1.80272,0.08959,1.68822,-0.05989,-1.32669,1.27062,-1.72598,-1.48222,-0.60694,1.72986,-1.80471,-1.26911,0.06298,-1.45092,-0.71089,1.09471,1.26174,-1.11966,1.19961,-0.89554,-1.70902,-0.91076,1.45768,0.30631,-1.32817,0.49899,-1.17019,-0.91660,1.10235,1.71864,-2.14738,0.84635,-0.92378,-0.97535,-0.56930,1.69843,0.62079,-0.92389,-0.17427,-1.31283,0.90097,-0.86514,-1.32236,1.23730,-0.87250,1.28279,-0.84481,0.72494,0.30284,-0.64477,1.13057,-0.66025,1.04152,0.60690,-0.93639,-0.12142,-0.73336,-0.28562,1.39480,-1.27255,0.96179,-0.70102,-0.30659,0.53339,-0.45734,1.18389,0.71641,0.48399,1.46575,-0.04602,-0.70433,-0.03518,-1.38150,-0.72401,-1.14448,0.38773,-0.62664,-0.84242,-0.51997,1.30247,0.99560,0.85408,0.85075,-1.68348,-1.16557,-0.89833,-0.64512,-1.08714,-0.40907,-0.23145,-1.38636,0.01082,1.33285,0.96969,0.83469,0.93965,-1.68585,-1.19303,-0.48380,-0.34766,-1.05473,-0.19123,-1.44352,-1.10314,-0.83605,1.31016,0.82427,0.85412,1.29440,-1.85303,-0.90650,-0.74992,0.12071,-1.33307,0.24924,-1.03188,-1.36517,-0.27683,0.79081,1.10113,1.22833,1.60069,-1.43071,-1.43337,-0.70142,-0.19269,-2.14692,0.15707,0.08636,-1.57173,0.94067,-0.18400,1.23271,2.66038,0.48526,-0.54469,-0.27313,-0.04617,-1.10114,-1.43440,-1.26536,-1.08194,-1.44940,-0.35636,-0.55463,1.02727,2.78120,0.87732,-0.08505,-0.39412,0.00017,-0.77865,-0.78955,-1.48251,-0.73482,-1.72165,-0.87898,0.15150,0.56933,0.86475,1.61425,0.09415,-1.61438,-0.78282,-1.37535,-1.48129,1.27076,0.77925,-0.35931,-0.27989,1.01898,0.81541,0.66197,1.47719,-1.33786,-2.03142,-0.80771,0.22095,-1.29564,0.82161,0.00688,-1.91165,0.36872,1.49965,0.77843,0.31631,0.60677,-1.89914,-1.39328,-0.57772,0.25676,-1.19450,1.08489,-0.71921,-1.63896,-0.17876,1.60940,0.72610,-0.03156,-0.03829,-1.87857,-0.67849,-0.45199,0.43561,-1.16738,0.77721,-1.11970,-1.29148,-0.54626,1.64867,0.58026,-0.15858,0.24322,-1.85433,-0.65574,-0.14818,-0.31626,-0.52737,-0.06161,-1.02999,-1.25900,-0.63714,1.40750,0.65440,0.09708,0.41415,-1.91373,-0.37258,-0.43174,-0.80706,-0.18165,-0.02778,-0.31921,-0.97033,-0.70484,0.67831,0.94688,0.70903,0.96389,-1.91868,-0.11286,-0.62297,-1.79220,0.69125,-0.80616,0.77345,-0.07997,-1.41706,-0.33741,0.55384,1.18743,0.04985,-1.15618,-0.37470,0.59372,-0.58151,1.07393,0.76900,0.19081,0.18699,-0.53700,-0.65107,0.56763,1.28840,-1.03747,-1.31600,-1.14916,0.50279,-0.02899,2.15933,1.16283,0.02858,0.70387,-0.00771,-1.02025,0.40398,1.84011,-1.65854,-0.90322,-0.74041,0.25687,0.01808,1.70339,0.67068,-0.88155,1.30060,-0.37805,-0.48452,-0.30918,-0.62631,1.66136,0.15485,-1.14507,-0.01171,1.02436,1.20063,-0.69764,-0.98833,1.46958,0.82752,0.28837,-0.97407,-2.66914,1.34846,-0.55716,0.22029,0.53273,1.72148,1.84274,-0.76035,0.05439,2.10664,2.39496,-0.18938,-1.44115,-0.67977,2.90042,-1.00190,0.01727,1.26063,1.32515,1.15712,1.48378,-0.78700,1.13848,0.91298,-0.52229,-1.47395,-0.27850,1.15729,-0.19369,0.91287,1.35178,0.66601,0.17323,1.60111,-0.23189,-0.57043,1.93649,-0.71802,-1.52957,-0.11997,0.14128,0.29304,0.91805,1.30515,2.25345,0.54638,0.89350,-0.05142,0.40045,0.41147,-0.92416,-1.25567,-0.51274,-0.43474,0.67245,0.73497,1.09623,0.78944,0.17950,1.54934,0.63651,0.22208,0.98047,-1.06322,-1.32880,-0.55039,-0.84843,1.14966,0.76148,1.05475,1.14320,0.08393,1.54590,0.88088,-0.09110,1.02814,-1.03437,-1.17152,-0.37131,-0.62559,0.83158,1.10971,0.66373,1.37333,-0.85344,0.88012,1.96820,0.46794,1.85830,-1.28171,-1.06321,0.34032,0.29132,0.84767,1.35795,1.52856,1.86152,-0.10508,0.62170,-0.27333,0.37686,0.34717,-1.26270,-1.03320,0.30822,-0.24030,0.72597,1.30534,1.49992,0.79970,0.04038,1.12096,1.56907,-0.50459,0.42553,-1.44791,-1.22813,-0.03223,0.43176,1.24428,1.71642,1.50871,0.60256,0.02904,1.62704,0.92063,-0.57738,-0.35778,-1.37158,-1.11879,0.04100,0.39330,0.99838,0.05062,1.02833,1.78357,0.70934,1.67855,0.36861,-0.11176,1.09241,-1.44688,-1.14139,0.37604,-0.06711,0.85517,0.57836,1.32575,1.12085,-0.23409,0.29699,1.17438,1.93951,2.03450,-1.28576,-0.77733,0.30340,-1.20970,0.88231,1.16172,0.88080,1.47563,0.20868,0.23206,1.08829,0.93856,1.18057,-1.47686,-0.68523,0.35119,-0.33128,0.92859,0.74097,1.35939,1.07110,0.18226,0.95917,1.35199,0.88875,0.22594,-1.55095,-0.63295,0.34982,-0.43422,1.22919,0.46373,0.83803,1.15504,-0.34193,0.55878,1.84397,-0.24927,0.53911,-1.50561,-0.76794,-0.13765,0.42697,1.48043,0.76478,1.88244,0.87394,-0.74604,0.53351,1.18175,-0.50444,-0.21503,-1.52676,-0.69948,0.18117,-0.86672,1.01094,0.25163,1.70474,1.04754,-0.06860,1.17039,1.66347,1.39064,1.22417,-1.70391,-1.04129,0.26862,-0.65490,1.44593,0.90064,1.46010,0.60285,0.79222,1.07536,2.20198,2.02371,0.85197
# [28/100] 'pokedex' OK
pokedex,0.16827,-0.05581,-0.80946,-0.25116,0.66252,0.38508,-0.10958,-0.63958,-0.22108,-0.23895,0.34510,0.49838,-0.54652,-0.11776,-0.57934,-0.06526,0.45820,0.55027,0.50716,-0.56304,0.60154,0.10988,-1.19520,0.17906,1.37373,1.03503,0.04298,-0.53606,-0.79834,-0.48261,0.64356,0.60069,0.40780,0.43945,-0.23900,-1.70347,0.30854,0.57739,0.32076,0.10085,-0.56972,-0.73046,-0.78527,0.56761,0.24891,-0.02533,1.03527,-0.30532,-0.59095,0.65476,1.99633,0.77235,0.01343,-0.50449,-1.35833,-0.83371,0.72961,1.10071,0.58958,0.45795,-0.03082,-0.26634,0.04178,0.75999,-0.34399,0.04720,-0.33085,-0.58716,0.57806,0.69867,0.56544,-0.19537,-0.33144,-0.46063,-0.92277,-0.76615,-0.01379,-0.34362,0.01648,-0.42519,-0.17650,-0.11943,0.50383,0.93747,-0.16769,-0.66469,-1.21468,-0.81046,1.10796,0.24261,0.43030,0.00836,-0.26668,-1.10553,-0.67348,0.59991,0.57023,-0.08894,0.05372,-0.30613,-0.05486,1.74345,0.63960,0.10768,0.09364,-0.42380,-0.62983,0.01615,0.08774,0.78599,0.48802,0.41760,-0.67591,-0.11754,0.75348,0.95233,0.32449,-0.02237,-0.81045,-0.97146,-0.24658,0.99019,1.12032,0.30381,0.39697,0.04607,-0.28087,-0.80980,-0.00700,0.36687,0.06163,-0.39642,-0.73420,-0.14300,0.45191,0.68639,0.22892,-0.55921,-0.75600,-1.38117,-0.75732,0.67500,0.08293,0.63933,-0.43718,-1.55868,0.09037,0.57825,0.30218,-0.21385,-0.78898,-0.59775,-0.21611,1.38129,0.24800,-0.05137,2.36012,-0.29165,-2.35189,1.07427,-0.19951,-0.78147,-1.14732,0.45341,-0.40167,-0.80209,-0.48005,-0.51304,-1.69423,1.97043,1.72071,-1.69405,-1.27419,-0.19851,-1.07191,-2.13088,-0.97041,0.01961,-1.85869,-0.17624,-1.05421,-2.07621,1.56572,1.96410,-1.52072,-0.67583,-0.28140,-1.32832,-1.94201,-0.69599,1.68873,-2.65703,-1.57283,-0.77816,-3.42537,1.41181,2.07559,-1.29577,-0.65864,-0.20184,-1.66520,-1.73024,-1.29250,1.77608,-2.59882,-2.10863,0.26393,-3.15088,0.69137,2.00798,-0.02091,-0.30942,0.42401,-2.21122,-1.80599,-1.37974,0.55537,-0.90896,-1.42444,0.88166,-2.28308,-0.37955,1.62968,1.13510,-1.66154,0.69854,-1.26917,-0.78538,-0.79158,1.72979,-0.81018,-2.95723,0.17720,-0.85407,-0.93568,1.19859,1.37547,-2.08667,0.55429,-1.33113,-1.31386,-0.47504,1.51205,1.06615,0.19047,-0.12360,-0.79618,-0.87712,0.75896,1.52168,-1.59090,0.43382,-0.97833,-0.38650,-0.16354,0.49346,0.53290,-0.65350,0.17549,0.16593,1.15349,-1.45274,-0.93162,0.86287,-0.69631,1.64363,-1.53735,0.34559,0.74689,-0.78990,-0.69388,0.60598,0.76267,0.58589,-1.38853,0.01277,-1.04984,-0.18285,0.76316,-0.41510,1.54646,-0.03976,0.51751,0.53432,0.09897,0.31401,0.70405,-0.52036,1.56250,0.65990,-0.66040,0.20383,-0.73267,0.34012,-1.02367,0.97435,-1.67978,-1.05256,-0.53533,1.25950,1.12325,1.52216,0.17833,-1.44258,-1.21246,-1.04133,-1.03416,-1.60516,0.53834,-1.79892,-0.95119,-0.61028,1.37757,1.31638,1.01536,0.85467,-1.82217,-1.30063,-0.95758,-0.26307,-1.32372,0.24579,-1.65865,-2.07793,-0.71243,1.33048,1.22989,1.08596,0.68508,-1.56802,-1.58657,-1.21596,-0.18425,-1.80450,0.62944,-0.62107,-2.14085,0.46948,0.42524,1.46866,1.65187,0.78849,-0.86701,-1.46744,-0.72473,-1.00602,-1.97003,0.46992,0.39941,-1.97750,0.23355,-0.27496,1.47826,2.29226,0.15213,-0.10485,-1.52019,0.18001,-0.50312,-1.46591,-0.69019,-1.25403,-1.03840,-0.01784,-0.47107,1.47629,2.13782,-0.66170,0.05313,-0.75330,-0.09747,-0.99820,-1.77303,-1.40879,-0.14878,-0.12329,-0.14919,0.26925,0.96331,-0.31892,0.06959,0.63352,-0.40002,-0.30431,-1.24615,-1.79192,-0.85221,-0.77444,0.02365,0.70814,1.34212,0.88153,-0.43533,1.57402,-1.43171,-1.04569,-1.16424,0.66083,-1.87470,0.67545,0.39877,-2.15122,0.84556,1.80793,0.93995,-0.30232,0.88506,-1.71510,-1.22597,-1.42633,0.16423,-1.83797,2.36383,-0.80980,-2.52129,-0.14977,1.73569,0.73762,-0.47453,0.85022,-2.15356,-0.97317,-0.71468,0.24425,-1.30048,1.70227,-0.57666,-2.01092,0.41210,1.56820,0.74814,-0.28271,0.85021,-2.18893,-0.78874,-0.79008,0.16094,-0.95052,1.08512,-0.09128,-1.86886,1.09659,1.43104,0.70065,0.05452,0.95112,-2.21717,-0.70998,-0.86437,-0.87001,-0.06729,0.19782,0.31325,-1.01357,0.48730,0.66925,0.75561,1.02942,1.07282,-2.08084,-0.78712,-0.51139,-2.07942,0.81570,0.12294,0.22423,0.14178,-0.22924,-0.48562,0.55635,1.74311,-0.27427,-1.37711,-1.13711,0.09041,-0.48897,1.42517,1.06810,0.05369,0.02125,-0.45553,-0.77563,0.55603,1.30775,-0.42233,-0.84746,-0.82694,0.53247,-0.62227,0.88570,0.76953,-0.19429,1.01561,0.12311,-0.96719,0.38220,1.25000,-0.76541,-0.44966,-1.04494,0.23211,-0.55478,1.49600,1.11490,0.58593,-0.00741,-0.41776,-0.88064,-0.07796,1.01545,1.49831,-0.49687,-0.41373,0.12987,-2.46902,0.79299,1.15912,0.70703,0.38708,-0.41148,0.51908,-1.19280,-1.39699,3.49704,-1.32477,1.05163,0.85963,-1.04779,0.83593,0.45277,-0.47532,-0.01157,0.90987,0.10508,-1.31640,-0.86501,2.57086,-0.87482,-0.12330,0.95683,1.35638,0.98901,1.02927,-0.27716,0.49362,0.25568,-0.44064,-1.54109,-0.46072,1.30899,-0.29188,0.75536,2.20322,1.23670,-0.48209,1.43578,0.05805,0.62987,1.71868,-0.86187,-1.16007,-0.08927,-0.16464,0.19065,0.69027,1.95955,1.97412,0.36955,0.46024,-0.19389,0.86939,0.72645,-0.79629,-1.11627,0.05488,-0.55608,0.43502,0.67033,1.37385,0.86149,0.55760,1.15404,0.64368,0.78413,0.42985,-0.85038,-1.11970,0.18943,-0.03178,0.49872,0.83326,0.70736,1.91292,-0.02425,-0.58851,0.77365,0.51266,0.65592,-0.89190,-0.98055,0.27282,0.47160,0.71952,0.66141,0.94213,1.43288,0.39913,-0.74687,-0.41735,1.98597,0.95332,-0.97264,-0.99757,-0.14087,-0.62060,0.73200,0.65670,1.31907,1.95922,0.46820,1.10958,1.54071,0.26503,0.55486,-0.89349,-1.27647,0.26573,0.13930,0.78851,1.18705,0.68909,1.34374,0.27334,0.44436,1.71697,-0.39988,1.62384,-1.11823,-0.99305,0.55498,0.29186,0.76048,0.91976,1.34602,0.46557,-0.17279,0.72112,0.49590,-0.27934,0.80895,-1.14045,-0.95778,0.27531,0.30080,1.01263,1.01257,0.57521,1.56336,-0.01113,0.07964,1.82242,-0.70075,-0.23321,-1.19152,-0.61057,-0.00153,-0.98839,1.00239,1.24642,0.62127,1.18710,0.26377,-0.00958,0.80580,-0.15788,0.70192,-0.62495,-0.44163,-0.22304,0.53736,0.48998,1.21380,0.85042,-0.34312,1.05793,-1.50261,0.22351,0.15182,-1.84028,-1.18840,-0.72687,-0.04421,-0.22951,1.21650,0.83552,0.63876,-0.00495,0.70367,-0.05398,1.44422,0.15871,-0.25298,-1.28163,-0.55847,-0.03665,-0.38981,1.12667,0.93622,1.49897,-0.71375,0.26050,-0.13061,0.38039,0.97079,0.88446,-1.20673,-0.24424,0.31972,-1.76027,1.10635,1.27194,-0.02120,-1.60235,1.01454,0.87844,1.00289,0.55821,-0.52523,-1.09894,-0.38449,-0.26591,-1.45142,1.03404,0.93606,1.09862,-0.29337,0.60753,-0.18526,1.81176,0.35779,0.16996,-1.17590,-0.52470,-0.19964,-1.32266,1.23156,1.11930,1.51786,1.43392,0.46041,0.16138,0.49440,0.92545,-0.01463,-1.22420,-0.42111,-0.03493,-0.00125,0.89228,0.19191,1.00027,0.07500,0.77284,0.37368,-0.58974,0.77952,0.50394,-1.10681,-0.51082,-0.39856,-0.45477,1.22233,0.69350,0.49095,0.13162,1.04815,0.41506,0.78075,0.33389,1.00482,-1.22285,-0.52788,-0.33477,-0.33055,1.35429,0.64984,1.29265,0.82514,0.55231,0.42410,0.04357,1.44140,1.15934
# [29/100] 'pokedex' OK
pokedex,0.04636,-0.19404,-0.30516,-0.55678,0.64045,0.40461,0.21466,-1.07681,-0.10032,-0.22325,0.10502,-0.19601,-0.65386,-0.22779,-0.49274,-1.06709,-0.60185,0.75837,0.51704,0.48732,-0.49601,0.47900,0.67712,-0.47064,1.23307,0.91161,-0.11238,-0.40456,-1.01519,-0.89850,0.48384,0.54894,-0.22948,-0.89977,0.52729,0.32644,0.81067,1.48242,1.35528,0.10130,-0.26592,-0.63353,0.04696,0.60603,0.21717,0.26815,-0.91337,-0.58922,0.17474,-0.07784,0.68497,-0.25136,-0.16062,-0.38360,-0.95004,-0.92108,0.91819,0.27214,0.45264,-0.15087,-0.79816,0.63039,0.38396,1.27033,0.47406,-0.23393,-0.57013,-0.72795,-0.76150,1.00572,0.99510,0.16200,0.36692,-0.42753,0.35344,-1.38715,-0.49987,1.10401,-0.14848,-0.43658,-0.48926,-0.57397,0.62896,0.95174,0.30430,-1.38215,-0.20645,-0.05535,-0.37099,0.03290,-0.45890,-0.10912,-0.39241,-0.25081,-0.57989,0.62763,0.20598,0.24890,0.84505,0.58725,-0.82060,-1.47043,0.13312,-0.08762,-0.11985,-0.39806,-0.47655,-0.36958,0.87570,0.83537,0.30094,-0.45013,-0.85677,-1.34376,-0.14600,1.32990,0.07333,-0.15487,-0.41595,-0.91947,-0.52341,0.84905,0.61756,0.83270,-1.45691,-0.00619,0.26119,1.30275,-0.12436,0.05203,-0.16348,-0.36117,-0.25116,0.58654,0.46020,-0.25268,-0.00357,1.07978,0.50932,-0.09267,-0.17384,0.17361,-0.21068,-0.21135,-0.43144,-0.88579,0.09887,0.63458,0.85685,1.68739,1.03420,-0.74894,-1.79113,-0.87653,0.40873,0.31951,0.01568,-0.42436,-0.95059,-0.43698,0.75034,1.00541,0.31866,-0.44760,0.08708,-0.59950,-0.00298,0.05306,0.53624,-0.03701,-0.18377,-0.74838,-0.64840,0.55270,0.58365,0.14154,0.03287,-0.27847,-0.85907,1.13478,0.32209,0.63858,0.19846,-0.46322,-0.76243,1.07580,1.03921,0.06392,-0.05054,0.58493,-0.28372,-0.92475,0.29066,0.14625,-0.68708,-0.22940,-0.75403,-1.21662,-0.47733,0.57872,0.67472,0.63209,0.56122,0.17050,0.12349,1.72380,1.36077,1.74107,2.10452,-0.43347,-2.23470,0.53054,-0.32501,-0.62365,-0.96714,2.13447,0.68046,0.15537,-0.48691,-0.58126,-1.27224,2.14064,1.37715,-1.70441,-1.05805,0.09376,-1.00345,-2.09371,-0.22742,-0.23715,-1.00514,-1.40834,-0.99077,-1.51047,1.74314,1.97825,-1.18182,-1.49681,-0.28221,-0.64606,-2.22818,-0.85406,1.05875,-2.11344,-1.91469,-1.20383,-1.57685,1.50480,1.95703,-1.11725,-0.80830,-0.19703,-1.47702,-2.07055,0.48174,1.48858,-2.10440,-1.76024,-1.72512,-1.94116,1.22789,2.05694,-0.91626,0.04331,-0.13472,-1.92213,-2.20167,-0.33698,2.31230,-2.91771,-0.77240,-0.69393,-2.07963,0.40805,1.94182,0.48529,0.74474,0.26177,-2.05852,-2.17334,-1.54852,1.89617,-2.02595,-0.86584,1.38339,-3.22683,-0.67170,1.56039,1.41648,-1.00763,0.70521,-1.20453,-0.75631,-0.89781,1.20495,-0.64639,-1.01021,-0.96285,-1.75887,-1.01918,1.22053,1.42326,-1.64544,0.47782,-1.79105,-0.88774,-0.93682,2.51959,0.07527,0.24161,0.02707,-1.06205,-0.18987,-0.30210,0.51148,2.72112,-0.47039,-0.44364,-1.13101,0.59649,1.01059,-0.09811,-0.40432,-0.44588,0.58307,1.28348,-1.62979,-1.17564,1.43856,-0.66391,0.77815,-0.99542,1.57218,0.34508,-0.41090,-0.38471,0.09392,0.60425,0.48330,-1.23926,0.29308,-0.72415,-0.40226,1.82313,-0.59008,1.67570,-1.41129,0.25910,-0.25989,0.17343,1.02071,1.03970,0.96314,1.71477,0.11776,-1.56372,-0.86461,-1.02172,-0.78613,-1.50643,0.07891,-0.56611,-0.95053,-0.26568,1.54453,1.10502,0.86801,1.06978,-1.95460,-1.17329,-0.78327,-0.00978,-1.40393,-0.01031,-1.88924,-1.76447,-0.68976,1.43904,1.13261,0.86277,1.33607,-2.03111,-1.27634,-0.94540,-0.30339,-1.62873,0.60422,-0.98534,-1.75635,-0.08329,0.57286,1.26637,1.72363,1.39847,-1.48274,-1.52945,-0.55298,-0.91432,-1.81965,0.80816,-0.12350,-1.69927,-0.03185,-0.31033,1.45412,2.26805,0.33395,-0.47756,-1.06602,-0.62456,-0.84667,-0.69817,-0.00786,-1.46955,-2.03134,-0.07114,-0.58870,1.26461,2.11249,-0.23551,-0.03615,-0.49148,-0.33566,-1.30135,-1.25964,-0.39738,-0.23800,-0.44687,-1.04754,-0.10232,1.13073,1.26391,0.88638,-0.57523,-1.24669,-0.16369,0.06672,-1.59906,-0.80887,-1.28419,0.72792,-0.64729,1.10852,0.85938,0.32478,2.10624,-1.35601,-1.84828,-0.85191,0.41585,-1.96481,1.28465,-0.32782,-1.42498,0.83477,1.68752,1.01765,0.12170,0.45339,-1.62417,-1.37294,-0.92213,-0.54300,-1.35735,1.60157,-0.90005,-2.07470,0.10539,1.71557,0.74202,0.10718,0.46132,-1.98130,-0.94769,-0.67613,0.01713,-1.00980,1.05895,-1.41520,-1.45660,0.31860,1.65757,0.66014,-0.03316,1.05159,-2.10125,-0.89876,-0.53381,-0.54841,-0.42921,0.53390,-0.92206,-1.38001,0.92648,1.32231,0.79835,0.06814,1.55587,-2.11212,-0.56755,-0.88671,-1.25713,0.42118,-0.50053,0.60644,-1.19474,0.91588,0.21613,0.70774,1.37002,1.34308,-1.63970,-0.68345,-0.52427,-2.06279,1.59546,0.33159,0.74466,0.07659,-0.58419,-0.69061,0.46992,1.10503,-0.77871,-0.87853,-0.71485,0.56188,-0.31426,1.49438,1.67198,1.18542,0.60034,-0.71545,-0.99985,0.54764,1.42341,-0.96011,-0.89609,-0.55866,0.56355,0.10043,1.38450,0.21631,1.04352,0.73012,0.09500,-1.18622,0.49829,1.72290,-0.92309,-0.47868,-0.78907,0.50294,-1.17928,0.70896,1.48939,-0.19222,-0.42959,0.10320,0.34767,-0.70242,-1.16674,2.51355,-1.22209,0.86219,0.55277,-1.05544,-0.30406,0.37600,-0.17425,0.72380,0.99126,0.53196,-0.60700,-1.86038,0.67956,-0.77585,0.41733,0.87584,0.94374,0.11607,-0.05775,0.56606,1.04738,0.64580,0.01869,-1.50313,-0.80063,1.40575,-0.29185,1.22004,1.24393,-0.85316,-0.79994,0.79990,0.33367,0.34423,0.70671,-0.46779,-1.21433,0.06093,-0.22223,-0.23753,0.90645,0.98099,1.13242,0.53905,0.71385,1.00587,1.28694,1.71590,-0.64337,-1.11579,0.18545,0.18546,0.92482,0.78066,0.34130,0.36675,-0.75528,0.88465,-0.19617,1.13084,0.59089,-0.94291,-1.16431,0.59307,0.30953,0.62012,0.62473,1.41256,0.62490,-0.29824,1.55871,0.40443,0.95085,-0.75582,-1.12544,-1.35125,0.34087,-1.03878,0.92616,1.28377,0.50226,1.47254,0.75464,1.96556,0.42177,-0.07981,0.21423,-1.02283,-1.18845,0.33762,-1.31181,1.09338,0.76876,0.92697,0.82833,-0.29101,1.01560,1.94922,0.96930,-0.30570,-1.06256,-1.21124,-0.44219,-1.46081,0.72495,0.83862,1.21812,1.78630,0.37173,1.66291,2.10468,0.67833,1.92615,-1.04394,-1.09155,-0.15275,-0.27063,0.77957,0.50196,1.37912,2.11062,0.09931,0.61314,0.87918,1.51642,1.09223,-1.17696,-0.78655,0.45310,-0.54986,0.83243,0.81677,0.50737,1.20427,-0.62301,-0.49660,0.32533,1.24611,1.66614,-1.49407,-1.33122,0.23655,-0.62803,0.95920,0.90889,1.21449,1.96587,0.40327,0.50034,0.38254,-0.06715,0.64448,-0.93880,-0.60634,0.43548,0.63697,0.71186,1.02901,-0.06233,-0.35903,0.44314,-0.78355,1.21874,-0.77324,-0.21094,-1.26950,-0.40842,0.11815,-1.28793,0.69162,0.94380,1.19900,-0.04038,0.23911,-0.53368,2.33694,1.29707,-0.76163,-1.31154,-0.59857,0.23018,-0.94580,1.03605,0.99113,1.21294,0.37344,0.53326,0.70040,1.09485,-0.17634,0.25829,-1.49197,-0.56966,-0.14562,-0.07966,1.52510,1.49131,1.14113,-0.68358,-0.10883,-0.41184,0.78065,0.57627,0.04966,-1.46308,-0.50324,0.13331,-0.23891,1.27553,0.86436,1.37418,-0.29349,0.50845,-0.32865,0.93797,0.48676,-0.75945,-1.33785,-0.57978,0.27045,-0.10972,1.14275,0.85057,1.50067,1.05196,-0.68807,-1.13809,0.61246,0.43154,0.49256
# [30/100] 'pokedex' OK
pokedex,-0.19253,-0.12213,-0.41579,-0.52275,0.57756,1.01920,0.79928,-1.26347,0.00417,-0.60637,1.06101,0.50266,-0.83327,-0.36639,-0.50151,-0.41531,0.09734,1.15904,1.18760,0.33180,-0.19090,-0.07191,-0.82987,0.46645,0.01669,-1.62501,-0.27536,-0.30213,-0.50066,-0.37794,0.68783,0.55615,0.15112,-0.44306,0.30690,-0.66360,-0.22700,1.87609,1.00892,-0.34977,-0.43053,-0.62059,-0.17752,0.69112,0.51708,0.36805,-0.29547,0.29913,-0.02093,0.03631,0.50072,0.44620,-0.37607,-0.76370,-0.43458,0.18932,0.93436,0.48183,0.19336,0.18289,0.02728,-0.66258,0.65622,1.28609,-0.05523,-0.29929,-0.53452,-0.49734,-0.85968,0.74596,0.83838,0.42590,-0.26320,-0.81963,-0.56798,-0.11873,0.09484,-0.42812,-0.33904,-0.24445,-0.47980,-0.86540,1.04134,1.02304,0.45918,0.15659,-0.75974,-0.39778,0.17521,-0.14968,-0.57660,-0.34346,-0.48347,-0.55105,0.10922,1.04565,1.31889,0.54863,0.71687,-0.43558,-0.79737,-1.01423,-0.33279,-0.99045,-0.32346,-0.33919,-0.36508,-0.65369,0.59839,0.01472,-0.06663,0.18759,0.45145,-0.48865,-0.59684,0.80917,1.24123,-0.09268,-0.20049,-0.51317,-0.88845,0.76682,0.74310,0.14049,-0.53929,-0.43809,-0.29740,0.68746,0.73183,-0.75935,-0.16426,-0.29696,-0.67998,-1.01567,0.91968,0.75186,0.39019,-0.53308,-0.15759,-0.07370,-0.06889,0.85928,0.73368,-0.37312,-0.27038,-0.57149,0.45597,1.11098,0.81680,0.14107,-1.16463,-1.06894,-0.87199,0.05991,0.91827,0.67633,-0.45025,-0.14391,-0.23332,0.68307,0.79920,0.09713,0.01466,0.09117,0.76467,-1.31631,0.26134,1.00127,-1.36046,-0.28755,-0.30611,-0.18046,0.05877,0.70070,0.55326,0.11601,-0.69231,-0.92768,-1.77048,-0.16490,0.65703,0.56344,-0.26260,-0.46431,-0.66026,-0.22620,0.99022,0.74624,0.84195,0.47057,-0.08689,-0.83928,-0.95436,0.30917,0.90244,-0.51229,-0.58680,-0.33775,-0.30566,0.66731,1.27210,0.35903,-0.64197,-0.00304,-0.82852,1.40178,1.38445,1.10907,0.10867,-1.07989,-0.66298,-0.01266,0.09662,1.63051,-0.08675,1.07956,-1.30447,-0.39245,1.18825,1.52981,0.29313,-0.29254,-0.54482,-0.46275,0.03250,1.21881,1.34816,0.21726,-0.10016,-0.66209,-0.32599,-0.71899,0.27217,0.18024,-0.41206,-0.34908,-0.75600,0.32455,1.36507,0.79828,0.46014,-0.79718,-0.72158,-1.55613,0.29508,0.14941,-0.72963,-0.25049,-0.51613,-0.77534,-0.24724,0.86895,0.09703,-0.14411,-0.84623,0.05152,0.54795,1.54238,1.12341,0.62661,-0.26778,-0.76892,-0.65872,0.92635,1.02449,0.45934,0.24266,-0.98584,-0.58779,0.01863,0.74761,1.55766,1.46027,0.06187,-0.73238,-0.80460,1.71650,0.84870,0.28209,-0.43229,-0.24432,-0.27187,-0.75158,0.28647,1.49053,0.88699,2.40600,-0.14832,-1.40884,0.93092,0.10982,-0.74815,-1.98524,1.07391,-0.60250,-1.26418,-1.11591,-1.42484,0.56253,2.05263,1.87055,-1.40168,-1.65380,-0.03981,-0.44939,-2.16141,-1.11967,0.27028,-1.34785,-0.49567,-1.94006,-2.02900,1.52496,1.98447,-0.62859,-1.75592,0.02811,-0.98324,-2.30630,-0.65478,1.65412,-1.24047,-1.61565,-1.89738,-2.51116,1.37345,2.10854,-0.81127,-1.68515,-0.00464,-1.43299,-1.80442,-0.53551,1.31577,-1.44775,-1.81110,-0.38936,-1.91578,0.84295,2.11164,-0.14617,-0.95796,0.16574,-1.40538,-1.96678,-1.64329,1.77531,-1.55972,-0.95959,0.17029,-2.25733,-0.47352,1.79261,0.91027,-1.31676,1.18827,-1.73504,-1.24463,-0.47754,1.24174,-0.82613,-2.05575,-0.04755,-0.47429,-1.20884,1.31106,1.44867,-2.36006,0.30226,-1.81946,-0.45548,-1.03777,1.83048,0.94950,-0.18389,0.44208,0.30747,-1.36103,0.88337,1.22139,-1.40311,0.32877,-0.93490,-0.85613,-1.19334,2.85476,-0.14567,0.03301,1.40641,-1.63200,0.58299,-1.04042,-0.56564,1.24990,-1.17888,0.64278,-0.91806,1.71986,-0.06418,-0.36392,2.27824,0.19091,0.99066,0.92621,-1.32999,-0.76918,-0.33393,-0.61389,0.64346,-1.46963,1.25460,-0.82481,0.33226,2.10655,1.60309,1.54290,0.43693,-0.10554,1.81403,-0.28111,-0.62482,0.87254,-0.99797,0.07482,-1.30157,0.10055,-0.38440,-0.22952,-0.70163,1.65619,0.84063,1.22295,1.13121,-2.01335,-1.34776,-0.97309,-0.04811,-0.95898,0.00831,-1.38783,-0.82941,0.10262,1.88633,0.76395,0.75516,1.05426,-1.92845,-1.23293,-0.72027,0.19453,-0.84424,0.42655,-2.22986,-1.67470,-0.10798,1.70282,0.89606,0.69524,1.26078,-1.92046,-1.51855,-0.85857,0.15569,-1.25626,0.42659,-0.80655,-1.61058,0.44590,0.79673,1.26514,1.41294,1.07347,-1.38472,-1.54926,-0.26499,-0.55279,-2.02402,0.13204,0.71746,-2.06988,0.62236,-0.24115,1.30522,2.17043,0.67204,-0.42522,-1.11710,0.30988,-0.31804,-1.15997,-0.00676,-2.43585,-1.33153,-0.09602,-0.70578,1.60307,2.88592,-0.48006,-0.06124,-1.10755,-0.48919,-0.89538,-0.89445,-0.47130,-1.36821,-0.45821,0.11585,-0.70770,1.25203,1.82661,-0.50203,0.16973,-0.60762,0.04423,-0.74759,-0.45103,-1.17411,-0.50340,-0.67568,-0.60394,0.81244,0.90672,0.25126,0.90737,-0.70678,-1.43943,-1.01122,-0.47494,-0.86139,0.72641,-0.32547,-0.53510,0.35311,1.59772,1.05957,0.36049,1.12593,-1.64533,-1.77907,-0.62468,-0.09118,-1.35380,1.52650,-0.78840,-2.43130,0.05778,1.69127,0.82788,0.22220,0.82914,-1.86868,-1.52652,-0.73465,0.32391,-0.69408,0.92853,-0.60134,-1.49290,-0.04742,1.62891,0.70331,0.29936,0.76284,-1.95983,-1.05751,-0.61165,-0.32482,-0.00366,0.24229,-0.13225,-1.50525,0.25007,1.38424,0.66429,0.55181,1.43312,-2.20579,-0.82053,-0.59667,-1.41422,0.78358,-0.45935,0.55964,-0.72186,0.30665,0.13623,0.63896,1.78441,1.12298,-1.85455,-0.74230,-0.12394,-1.39572,1.43936,-0.41750,1.04699,0.03777,-0.37338,-0.92211,0.50126,1.43253,-0.00776,-1.07211,-0.83726,0.49771,-0.75171,1.52878,1.89177,0.15057,0.25242,-0.86714,-1.34224,0.51024,1.44656,-0.47308,-0.73074,-0.48624,0.55028,-0.62598,0.86486,1.43801,0.95292,0.46908,-0.68551,-1.60524,0.37352,1.68814,-0.65632,-0.46474,-0.80774,0.07628,-0.43958,1.93760,0.96946,0.33807,-0.13328,-0.56425,0.50032,-0.70518,-1.77539,2.25463,-1.03744,0.44114,1.71876,-0.68501,-1.19451,0.53359,0.46546,0.11992,0.66226,0.43923,-0.88960,-1.51755,2.14340,-0.80602,0.58202,1.63970,-0.09102,-0.04040,0.30281,-0.09647,-0.33159,-0.82519,0.05262,-1.62822,-1.23843,1.82446,-0.92286,0.64097,2.34886,0.79875,-0.97000,1.73147,0.54977,-0.32428,0.09708,-0.31665,-1.22058,-0.51448,0.09151,0.12658,1.39603,1.22464,1.26647,-0.43518,0.82217,-0.25550,-0.21874,0.85361,-0.99016,-1.62774,-0.79722,-0.51638,0.02013,0.61231,1.32189,1.98546,0.73563,2.53630,0.21830,0.55154,1.66338,-0.87409,-1.20474,-0.53286,-0.34332,0.53488,0.51748,1.35914,1.69428,0.21456,2.16810,0.26964,-0.10989,0.46323,-1.01184,-1.25429,-0.37177,-0.87962,0.38998,0.81474,1.74357,2.31446,0.28225,1.21536,0.64833,0.09084,0.33080,-0.98598,-1.14688,-0.68943,-1.27368,0.56416,1.12811,1.38989,2.22765,1.14755,1.49591,1.85357,0.23595,-0.00272,-1.27808,-1.08025,-0.13184,-0.72106,0.67122,0.92627,0.95508,1.46284,0.87801,1.38416,0.16516,-0.40929,1.16873,-1.35187,-0.92120,0.17082,-0.14598,0.63473,0.22863,1.11016,1.09380,-0.37270,1.39263,1.33334,0.99023,2.70471,-1.48730,-0.99814,-0.01501,0.26948,0.65465,0.46953,0.73967,2.29091,1.27932,0.07050,-0.05993,-0.25015,0.15948,-1.50711,-0.89123,0.32117,-0.83103,0.72247,1.01713,0.67424,1.70192,0.68556,0.46533,0.92446,-0.10624,-0.83687
# [31/100] 'pokedex' OK
pokedex,0.07062,-0.25730,-0.37497,-1.00603,0.74268,0.53531,0.37471,-0.07612,-0.07911,-0.72938,-0.91590,0.23249,0.31916,-0.15990,-0.43775,-0.56602,0.27354,0.37634,0.41659,0.80019,0.17017,0.06607,-0.09253,-0.83973,0.19243,-0.05303,-0.14689,-0.62754,-1.03539,-0.82297,0.51877,0.41067,1.07407,0.38249,0.21686,-0.66001,-0.10681,0.35184,0.46702,-0.38300,-0.54999,-0.49977,-0.51576,1.09804,1.28803,0.43124,-0.29269,-0.52225,-0.74093,-0.90413,-0.36182,0.56366,-0.19235,-0.37934,-0.75049,-0.21239,0.65361,0.70501,0.40578,-0.59979,-0.33395,-0.83847,-0.91580,0.07115,0.26991,-0.08332,-0.54786,-0.77074,-0.32969,0.63226,0.91412,1.06356,-0.02848,-0.31603,-0.77144,-0.51641,0.03302,-0.99484,-0.24465,-0.29945,-0.02639,-0.00750,0.52382,0.62241,1.05278,-0.33465,-0.51999,-1.02989,0.66946,0.41931,-0.98452,-0.40262,-0.53494,-0.68154,0.67765,0.90166,0.72291,0.69030,-0.45175,-0.50099,-0.14758,-0.45903,0.61647,-0.65239,-0.20707,-0.61371,-0.74532,-0.80176,0.79312,0.51809,0.56250,-0.04135,-0.50313,-1.12783,0.38965,1.04888,0.27423,-0.18650,-0.55591,-0.65327,-0.93670,0.38419,0.58956,1.01588,-0.31634,-0.24383,-0.42681,0.42548,1.18872,0.59511,-0.21170,-0.44060,-0.65490,-0.78865,0.86192,0.86120,0.62428,-0.16682,-0.24619,-0.30812,0.02484,0.84211,-1.12218,-0.07055,-0.16820,-0.74153,-0.56429,0.49901,0.58756,0.70431,0.35548,-0.32949,0.16685,-0.60066,-0.00818,-0.28397,-0.10906,-0.56067,-0.87693,0.62965,0.98317,0.87807,0.14633,-0.92925,-0.54291,0.03926,0.13687,0.55703,0.12885,-0.12075,-0.48518,-0.56684,-0.53631,0.65026,0.91869,-0.20100,0.18704,0.72702,0.27058,1.01423,0.37752,-0.53880,-0.00483,-0.40523,-0.62112,-0.54139,0.15085,0.35966,-0.35117,-0.33178,-0.32312,-0.29529,0.78532,1.15320,0.65471,-0.15053,-0.63114,-0.83181,-0.05148,0.64476,0.69422,0.29638,-0.63137,-0.23033,0.50139,0.66868,1.06490,1.22304,-0.12532,-0.29292,-0.88038,-1.33501,0.85321,0.68969,0.74124,0.08899,0.78840,0.65534,-0.14976,0.23595,-0.10845,0.12962,-0.41644,-0.23448,-1.44939,1.07403,0.33974,0.23818,-0.34202,0.55535,0.34967,-0.92279,0.43999,-0.06558,2.12739,-0.38286,-2.21168,0.57724,-0.27183,-0.16123,-0.54022,0.74776,0.18383,-0.43670,0.91702,-0.10725,-0.53034,2.07124,1.15617,-0.84728,-1.48360,0.44938,-0.76166,-1.70684,-0.89052,-0.56047,-1.91093,-0.85345,-0.57308,-1.45901,1.54763,1.88796,-0.86045,-0.70395,-0.23573,-0.73511,-2.29864,-0.51914,0.84619,-2.32097,-0.30228,-2.13077,-1.52022,1.33198,1.84897,-0.68844,-0.49982,-0.13250,-1.48762,-2.02906,0.06028,0.96962,-1.89683,-0.93384,-0.97251,-2.33659,1.17605,1.94051,-0.65151,-0.18573,0.01595,-1.82986,-2.10161,-1.16662,1.62698,-2.75724,0.07222,0.26411,-2.61669,0.07008,1.86852,0.71466,0.71541,0.72472,-2.85018,-1.57621,-1.36198,2.21633,-1.89945,-1.72604,1.57130,-2.29298,-0.75626,1.35232,1.69910,-0.31649,0.42398,-1.65443,-1.14680,-1.00316,1.77399,0.33645,-1.04708,-1.05889,-0.85170,-1.21367,1.11487,1.53316,-1.22732,0.30186,-1.40420,-0.62072,-1.31412,1.22000,0.36895,0.88395,-0.10146,-0.62753,-0.57400,-0.02190,0.49676,0.88407,0.19290,-0.18687,-1.32249,0.25909,0.46692,-0.71513,1.86799,0.17203,-0.84934,1.24726,-1.34255,-1.78429,1.76225,-0.71747,1.05475,-1.31257,2.85708,0.03107,-1.24384,2.01888,0.44709,0.41023,0.75801,-1.44863,0.40686,0.96443,-0.29026,1.53467,-0.81896,1.40570,-0.95597,0.77119,-0.06697,-0.53909,-0.11751,1.22830,0.91603,1.47654,0.71541,-1.57916,-0.84212,-1.55100,-0.58516,-1.85933,0.44069,-0.02509,-1.14054,-1.07845,1.44422,1.14561,0.62815,1.31048,-1.82838,-1.05630,-0.62897,-0.63629,-1.48000,0.14158,-1.54512,-1.76792,-0.40760,1.42952,1.02792,0.59260,1.39416,-1.77713,-1.10947,-1.12443,0.07688,-1.68061,0.83830,-1.68801,-1.97644,-0.16240,0.62320,1.20776,1.41935,2.09772,-1.45249,-1.51923,-1.18907,-1.12168,-1.88646,0.75807,-0.10773,-1.73153,0.97568,-0.36920,1.39429,2.14667,0.47538,-0.50089,-0.68920,0.55760,-0.61234,-0.96142,-0.58367,-2.27159,-1.99044,-0.99341,-0.55467,1.31895,2.34939,0.31680,-0.00466,-0.94858,0.47040,-1.93931,-1.87481,-0.34837,-1.02223,-0.26180,-0.34630,-0.78400,1.51464,2.00627,-0.16620,0.04995,-0.89035,0.07604,-1.40067,-1.91012,-0.05344,-0.45814,-0.82934,0.05831,0.46945,0.48471,-0.07153,2.10577,-0.03097,-0.81753,-0.95747,-1.44507,-1.27844,0.30648,-1.03596,0.27287,0.46107,1.37358,0.84829,0.41062,2.00791,-1.72942,-1.38605,-1.22127,-0.37062,-1.46726,1.41320,-0.98246,-2.25387,0.66387,1.73560,0.90708,0.25311,0.28613,-1.97870,-0.88629,-0.92563,-0.82896,-1.35509,1.91089,-1.22865,-1.71057,-0.61824,1.62669,0.78986,-0.06300,0.25312,-1.94637,-0.79153,-0.79275,0.05120,-0.93355,1.76841,-1.37568,-1.59708,-0.11564,1.55958,0.61998,0.17043,0.43800,-1.98694,-0.58251,-0.86681,0.11046,-0.29185,0.57813,-0.55347,-1.19759,0.18357,1.12219,0.92352,0.39543,0.92902,-1.93195,-1.03947,-0.79451,-1.09659,0.17239,0.13354,0.26160,0.48947,-0.30464,0.32420,0.92840,1.24674,0.74672,-1.92761,-0.91896,-0.50222,-1.56494,0.86145,0.14083,0.94474,0.49281,-0.21026,-0.70293,0.69392,1.66160,-0.84112,-1.31362,-0.44930,-0.16523,0.00422,1.22581,1.44172,-0.30229,-0.81091,-0.34582,-1.16520,0.51260,1.41672,-1.84785,-0.81278,-0.67959,0.96593,-0.36325,2.35809,1.44490,0.04504,0.04619,-0.00326,-1.50319,0.21290,1.30461,-1.64710,-0.37741,-0.85891,0.43956,0.06090,2.08643,0.84622,1.80875,1.56354,0.63976,-0.58618,-0.17980,-0.64219,1.15759,0.09273,-0.64015,0.35479,-0.08623,0.00577,-0.17905,0.83470,1.16394,0.35939,0.87045,-0.60453,-2.64539,1.28788,-0.86904,0.21671,0.82443,1.75357,0.67894,-0.12045,0.07994,1.84280,0.49711,0.15713,-1.38016,-0.47502,1.97041,-1.12531,0.99945,1.37898,0.59417,0.83174,1.60495,-0.32061,-0.17561,0.58534,-0.11507,-1.51941,-0.44300,1.67656,-0.16759,1.08819,0.77974,1.30734,-0.18382,0.95307,-0.67974,0.35719,2.11141,-0.66420,-1.30404,-0.11190,-0.73642,0.35628,0.43115,1.35326,0.82111,0.08926,1.78087,0.21020,0.65490,1.76614,-0.79687,-1.48779,-0.01737,-0.09862,0.68544,0.45481,1.17181,2.15566,-0.06109,0.00802,-0.06202,0.82944,2.31451,-0.79313,-1.43209,-0.47871,-0.78201,0.94861,0.79369,0.84588,1.17609,0.44700,1.24201,0.61643,-0.64723,1.12854,-1.02887,-1.34646,0.47216,-0.17604,1.05488,0.87219,0.66610,0.73991,0.41045,0.19869,1.26478,0.14197,1.30329,-1.32790,-1.42353,0.13949,-0.61979,1.41346,1.26177,0.91965,2.57901,-0.00732,0.51494,1.18439,0.79264,0.78381,-1.42082,-1.15937,0.06162,-0.69883,0.61979,1.21942,1.38361,1.51844,0.58606,-0.21913,2.06436,0.35941,1.89926,-1.62667,-0.95960,0.39244,-0.93363,1.30031,0.43886,1.28574,1.82999,0.60963,0.75281,0.63132,0.05561,0.72941,-1.48276,-0.90600,0.07026,-1.07109,0.68932,1.42210,1.27475,0.73028,0.39308,-0.22024,1.17415,0.72991,1.25169,-1.04931,-0.68487,-0.09569,-0.59817,0.39258,1.54194,0.47829,0.63513,0.37180,-1.40901,1.63371,1.83952,0.60499,-1.55533,-0.44506,0.05103,-0.69005,1.51691,0.87528,0.49242,0.15465,-0.21682,0.33341,1.62072,0.91077,-0.98653,-1.62476,-0.38296,0.08360,-0.43010,1.41744,0.92014,0.80495,0.03600,0.83920,0.47134,0.67006,0.12142,0.35513
# [32/100] 'pokedex' OK
pokedex,-0.00881,-0.18784,-0.16040,-0.80131,0.55300,0.52708,0.15217,-0.14684,-0.60010,-0.67937,0.51863,0.47441,-0.83407,-0.32895,-0.56258,-0.58960,-0.98881,0.88197,1.19377,0.33616,-0.56703,0.07494,-0.28097,0.10194,0.57853,-0.52710,-0.20145,-0.49616,-0.29372,-0.47581,1.07614,1.00895,0.10924,-0.10444,0.23583,0.57654,0.53928,0.34078,-1.90360,-0.36861,-0.43202,-0.47663,-0.50570,0.56729,0.75208,0.29586,1.25984,0.53713,-0.86308,0.16793,1.75087,-0.34470,-0.29770,-0.34905,0.12578,-0.88241,0.19652,0.84441,0.48546,-0.77567,-0.53701,0.13435,1.23915,2.28205,0.53979,-0.30282,-0.58674,-0.38860,-0.10648,0.32913,0.79335,0.69397,-0.67759,-0.43483,-0.71044,-0.18409,1.44549,0.59665,-0.23571,-0.44488,-0.48449,-1.27722,1.09098,1.00194,0.29626,-0.92976,-0.42227,0.67549,0.42091,0.74203,0.16117,-0.15699,-0.18701,-0.48456,-0.16586,1.15837,0.65443,0.24324,-0.09795,-1.39755,-1.52801,-0.26347,0.96109,0.25231,-0.07888,-0.34214,-0.74868,-0.35587,0.48201,0.55475,0.14062,-0.73111,0.24268,-0.22334,0.20829,1.45364,-0.23482,-0.12493,-0.46531,-0.22706,0.03150,0.48531,0.29126,-0.15790,-0.45973,0.09062,-1.00376,-0.28246,0.84811,1.48314,-0.37567,-0.58737,-0.34345,-0.36419,0.83386,0.96765,0.78292,-0.07619,-0.27557,-1.03977,0.41222,0.62964,0.07744,-0.13741,-0.46579,-0.44339,-0.25672,0.70851,0.96157,0.59995,0.63565,0.12756,-0.44458,0.06904,-0.43201,-0.57859,-0.03675,-0.34654,-0.53501,-0.24384,0.79184,0.40436,0.89974,0.79681,-0.29237,-0.77197,-1.13875,0.83412,0.56417,-0.35565,-0.56517,-0.36158,-0.74794,0.66760,0.76649,0.67833,1.07262,-0.00570,-2.10159,-1.41049,-0.51077,-0.29911,-0.18199,-0.79624,-0.47604,-0.71625,0.96679,0.76040,0.93145,0.16459,-1.14997,-1.24293,-0.93369,0.84947,0.35835,-0.31122,-0.57116,-0.09729,-0.57277,0.74493,0.88552,0.79153,-1.10218,-0.30240,0.04985,-0.47902,0.37431,1.43877,-0.14030,-0.25424,-0.45478,0.72452,0.69408,0.25685,0.64437,0.05579,-0.50908,-0.91601,-1.15521,0.37184,0.35958,0.24210,-0.73361,-0.94659,0.14560,0.66660,0.82348,0.14254,0.62516,-0.23432,0.06780,-0.24555,0.10441,-0.78405,2.34767,-0.52283,-1.83766,0.40311,-0.25582,-0.44735,-1.10980,1.27940,-0.18560,-0.66133,0.04997,0.68170,0.24148,1.88764,1.56036,-0.99445,-1.18195,-0.03673,-0.57876,-2.34961,-0.59656,0.44711,-1.80048,-1.18840,-0.61171,-2.02621,1.76702,1.91916,-1.13379,-0.53072,-0.20903,-0.93630,-2.49712,-1.13328,1.77825,-1.47251,-1.79151,-2.06717,-1.97525,1.56027,1.87311,-0.92859,-0.86509,-0.29047,-1.07580,-2.22205,-1.23118,1.75820,-1.54360,-1.03072,-1.14773,-2.28433,1.09009,2.01066,-0.51880,0.05276,-0.00202,-2.14953,-1.58605,-2.58609,1.70477,-1.19189,-0.98469,-0.06056,-1.89602,-0.23039,1.74913,0.65282,-1.25785,0.71280,-0.62813,-1.11213,-2.14820,1.68268,-0.71811,-1.93741,0.37668,-1.05943,-0.97074,1.33083,1.21502,-2.80729,0.08158,-0.70945,-0.72719,-2.12026,1.92123,0.95841,-0.87123,0.44234,0.08382,-1.26392,0.98838,1.04139,-1.32332,0.64451,-1.35857,-0.61227,-1.04376,1.18864,0.52335,1.07836,0.59289,-0.73084,0.68668,-1.31408,-0.55967,3.34383,-1.30529,0.93235,-1.25411,0.84097,0.65564,-1.09945,0.74484,-0.35597,2.20708,0.91284,-1.32801,0.26006,0.39134,-0.91469,1.31795,-1.48849,1.39222,-0.42893,-0.76392,2.24489,0.79586,0.39143,0.79766,0.38888,1.93026,0.29564,-1.15248,-0.28435,-1.71421,0.94547,-1.23190,0.18033,-1.66458,-0.60810,-0.25849,1.49737,1.00267,1.36319,1.38321,-2.12577,-1.46513,-0.81268,0.03133,-1.06144,-0.66196,-1.22074,-1.52222,-0.47620,1.66206,1.01456,0.65416,0.69682,-1.76633,-1.30202,-0.96676,0.48088,-0.92635,-0.04265,-1.58864,-1.87148,-0.57391,1.52846,0.99292,0.78806,1.23920,-1.82354,-1.48072,-1.19527,0.24020,-1.60095,0.25029,-0.62093,-1.61724,0.59272,0.51691,1.16287,2.01025,0.69643,-1.20733,-1.64421,-0.15861,-0.52737,-2.42768,-0.07616,0.31292,-1.50578,0.44930,-0.46539,1.20597,2.30077,0.34098,-0.42628,-0.83759,0.09908,-0.75064,-1.12559,-0.19449,-1.80950,-1.13034,0.60585,-0.69950,1.49102,2.40637,-0.82544,-0.15922,-0.79299,-0.50116,-1.33699,-1.01710,-0.52424,-0.47085,-1.41524,-0.09396,-0.09561,0.98223,0.26899,-0.25480,0.53915,-0.39622,-0.82749,-0.70315,-0.92820,-1.05055,-0.35789,-0.20985,-0.47990,1.00240,1.09640,0.26499,1.05892,-0.91115,-1.96853,-1.05268,-0.25394,-1.23372,1.00206,-0.31642,-1.15759,0.13145,1.68478,1.06033,0.29909,0.44314,-1.81084,-1.47631,-0.85813,0.30571,-1.89218,1.37831,-0.34847,-1.86474,-0.33980,1.61375,0.94477,0.32463,0.05180,-1.76124,-1.50658,-0.56025,0.61487,-1.19081,0.88993,-0.85407,-1.26736,-0.01589,1.46492,1.00815,0.23766,0.67544,-2.01372,-1.26618,-0.50305,-0.07144,-0.56280,0.19612,-0.31745,-0.48857,-0.40613,1.10518,1.05683,0.59504,1.18001,-2.05855,-0.77221,-1.04541,-1.96862,0.85084,-0.21283,0.54307,-0.26341,-0.74890,-0.12390,0.70782,1.76563,1.16750,-1.59341,-0.67302,-0.19563,-1.41450,1.34242,-0.08892,0.04044,0.84544,-1.18992,-0.92747,0.70572,1.54734,-1.07836,-0.90702,-0.99630,0.46786,0.16956,2.08015,1.11453,-0.21032,-0.27954,-0.49472,-1.28332,0.43367,1.68683,-0.67916,-0.79542,-1.01827,0.35287,0.66951,1.20903,0.31119,-0.32652,1.33407,0.38327,-1.51804,0.52217,1.66298,-1.02222,-0.13434,-1.46552,0.42773,-0.79976,1.68801,1.26251,-0.10931,0.85237,-1.44006,0.58360,-0.53228,-2.36903,1.27848,0.11157,-0.22720,0.16536,0.24417,0.16826,0.70178,0.54678,-1.73969,0.10312,0.56422,-1.11259,-1.82607,1.13220,-1.00523,0.26038,1.26626,1.00683,1.17943,1.74447,0.36604,-0.24462,0.92543,0.22536,-1.63351,-0.90327,2.46533,-0.98767,0.65244,1.65405,0.77912,0.51060,2.42560,0.18293,-1.29298,1.28335,-0.24391,-1.20231,-0.73584,1.06641,0.04382,0.62831,0.95789,0.71945,-0.46386,1.46247,-0.32562,-1.11258,2.21266,-0.59900,-1.24346,-0.67428,1.35472,0.63416,0.79799,1.26991,-0.22385,-0.57369,0.35365,0.83196,0.67598,1.12873,-0.70530,-1.37271,-0.48129,1.47495,0.97468,0.38736,0.37275,0.80484,0.76504,1.98071,0.71841,0.89971,0.22775,-0.75863,-1.17374,-0.66361,-0.28073,1.12515,1.47432,0.90118,0.94402,-0.55398,0.48994,0.84011,-0.16931,0.65844,-0.96356,-1.19323,0.07926,0.20405,0.48872,1.43421,0.66158,0.63088,0.19050,0.97772,0.82870,0.50837,1.27804,-1.01849,-1.31007,-0.05722,-0.69216,0.67378,0.94272,1.12791,0.55982,0.49586,1.45759,1.02629,-0.38456,0.83307,-1.13841,-1.03805,-0.73089,0.05365,1.02371,1.29285,1.66599,1.43240,0.04915,1.47391,0.84947,0.44411,0.33550,-1.20598,-0.91657,-0.76801,-0.47975,0.60148,0.83212,1.01813,1.23778,-0.06841,0.73785,1.99815,1.23889,1.68890,-1.15564,-0.90393,-0.04525,0.24153,0.42914,0.10434,0.94514,2.23775,-0.16403,0.47560,1.76499,0.30660,0.99644,-1.09663,-0.49567,-0.80144,-0.99349,0.39182,1.04380,1.04699,1.18579,-0.53990,-0.19275,2.42795,0.09864,1.13850,-1.51381,-0.48473,0.05083,-0.58300,1.44093,1.08459,1.03771,1.08489,0.31027,-0.88876,1.17209,0.08385,0.43605,-1.61301,-0.67366,0.04474,-0.07800,1.39134,0.44955,0.63013,-0.52603,0.16174,1.32897,1.56957,1.11983,-0.75095,-1.50651,-0.38334,-0.03514,-0.19861,1.45032,0.37364,1.21570,0.65579,0.89172,-0.19087,0.62269,-0.00699,-1.41680
# [33/100] 'pokedex' OK
pokedex,0.24982,-0.38015,-0.65255,0.04723,0.47618,0.70567,0.22544,-0.22300,-0.06794,-0.31101,0.51741,0.14829,-1.11712,-0.08015,-0.36803,-0.37839,-0.34460,0.60510,0.75376,0.12404,0.34766,-0.46967,-1.53023,-0.25913,0.46389,-0.01116,-0.13541,-0.37919,-0.90033,-0.54526,0.63462,0.29509,-0.00963,-0.25592,-0.53675,-0.58202,-0.02903,-0.21956,0.50716,-0.16784,-0.38599,-0.44579,0.24616,0.86192,0.46286,-0.04950,0.37443,-0.75254,-1.36905,0.04437,1.38877,1.01021,-0.17806,-0.58632,-0.41075,-0.99656,0.74455,0.99410,-0.18821,-1.05545,0.04011,-0.82120,-0.73816,1.54311,1.86726,-0.06786,-0.36814,-0.67426,-0.39646,0.50300,0.72573,0.03174,-0.59554,-0.33350,-0.01750,-0.02424,0.05677,1.31090,-0.05154,-0.52403,-0.66100,-0.46273,0.70081,0.71064,0.22493,-0.95254,-0.53612,-0.12036,0.15650,0.76332,0.76006,0.02485,-0.16339,-0.69033,-0.07145,0.64054,0.55319,0.53913,-1.07823,-0.00404,-1.83260,-0.84762,0.36535,-0.66734,0.03736,-0.47349,-0.49582,-0.13647,0.71238,0.51450,-0.67412,-0.27699,0.46698,0.09150,1.48565,-0.15770,-1.09983,-0.03384,-0.42780,-0.47746,-0.78150,0.70716,1.00576,0.53561,-0.24818,-0.32122,-1.10069,0.63645,0.75268,-0.29339,0.07890,-0.36558,-0.40638,-0.15191,0.77187,1.21814,0.23995,-0.80981,-0.37224,-1.90449,0.05986,0.27122,0.31583,0.23011,-0.41411,-0.69415,-0.48091,0.82436,0.38746,0.03692,-0.60798,-0.17206,-0.21003,0.96157,0.61157,-0.85409,2.15492,-0.19052,-2.06002,0.05377,-0.17627,-0.46260,-0.78951,0.40584,-0.05409,-0.84180,-0.11558,-0.44048,-0.96693,2.11643,1.59263,-1.71030,-1.35240,0.05718,-1.19940,-1.87801,-1.69712,0.71240,-1.49601,-0.82489,-1.20282,-2.23868,1.53703,2.07002,-1.31156,-1.04031,-0.33961,-0.86971,-2.32067,-1.01923,1.98714,-1.39107,-1.72615,-1.38142,-2.40081,1.40490,2.08205,-1.09487,-1.11821,-0.12196,-1.39516,-2.20514,-1.29850,1.78845,-1.25079,-1.54904,-0.62591,-2.20833,0.60896,2.36984,-0.37725,-1.50047,0.60973,-1.77723,-1.54862,-1.87799,0.66092,-0.05077,-1.78917,-0.00936,-2.29976,-0.40328,1.79390,1.06079,-2.32023,1.01382,-1.04307,-1.63897,-0.82949,1.55570,0.20407,-1.98954,-0.81098,-0.73868,-0.87427,1.32881,1.43155,-2.46563,0.07906,-1.20818,-1.30936,-1.99608,2.25565,1.04272,0.81046,0.76186,-0.89330,-0.45721,0.37767,1.11466,0.18577,-0.12806,-0.72298,-0.80474,-0.37768,0.30148,0.19233,1.18465,-1.08264,-0.14570,0.90067,-1.08083,-1.43826,0.54772,-0.52192,1.05348,-0.35752,1.74771,-0.71656,-0.18881,2.22912,-0.78115,-0.55575,0.49997,-1.33227,0.07626,-1.38382,-0.26783,1.17739,-1.34279,2.01415,-0.50650,1.08613,1.43504,0.79659,0.81233,0.84356,0.42049,2.10648,0.08007,-1.25381,-0.17832,-1.49707,0.06484,-1.67055,0.16060,-0.70241,-0.70946,-0.00401,1.36699,1.22446,1.30553,0.42098,-1.89659,-1.47188,-0.90208,-0.68648,-1.44377,0.37547,-0.96025,-1.18165,-1.20105,1.50630,1.10870,0.72422,0.56505,-1.82704,-1.12510,-0.73415,-0.10595,-0.84853,-0.06929,-2.01945,-1.60613,-0.12949,1.46844,0.92536,0.73251,1.47356,-1.98743,-1.49579,-1.02276,0.43473,-1.51169,0.59369,-1.64671,-1.26235,1.33946,0.76916,1.16163,1.37423,1.29364,-0.99208,-1.73689,-1.06150,-1.43239,-1.65964,0.59906,0.16513,-1.71372,1.80030,-0.13049,1.46268,2.23242,0.49744,-0.58121,-0.97725,0.53917,0.15259,-1.94363,-1.64625,-1.41929,-1.89116,-0.33555,-0.34218,1.26261,2.44951,0.36638,-0.05776,-0.76619,0.41253,-1.08712,-2.29666,-0.45348,-1.67288,-1.51431,0.80988,0.49124,0.73547,0.07656,1.17120,-0.08792,-0.41053,-0.89353,-0.19195,-0.54515,-1.00315,-1.86295,-0.48358,0.45403,1.23622,0.85255,0.13230,0.91552,-1.16091,-1.47900,-1.33335,-0.03173,-1.22771,0.88815,-0.31714,-1.70701,1.25086,1.76117,0.93184,-0.05857,0.65458,-2.01136,-1.17476,-0.84555,0.22091,-1.84016,1.32620,-0.32923,-2.35893,-0.26151,1.71437,0.77381,-0.10501,0.12585,-1.91794,-1.01317,-0.65929,0.35298,-1.02446,0.90460,-0.49781,-1.86034,-0.47396,1.62614,0.67301,0.05901,0.24565,-1.92560,-0.87232,-0.35605,-0.10879,-0.21083,-0.01143,-0.76609,-1.02244,-0.66192,1.31896,0.70698,0.44134,1.26136,-2.11603,-0.84262,-1.15309,0.27609,-0.19352,-0.86112,0.63976,0.31081,-0.38162,0.28253,0.87507,1.02035,0.24116,-1.67326,-0.71226,0.12781,0.02726,1.01208,-0.30208,-0.04277,0.22749,-0.64508,-0.46571,0.62565,1.54379,-0.68747,-1.19446,-1.38020,0.08263,1.44672,1.55926,0.86747,0.05443,-0.41445,0.39795,-0.89719,0.48254,1.84306,-1.22251,-1.02142,-1.10227,0.28817,0.63073,2.00071,0.61371,0.16708,-0.64637,0.30796,-1.21377,0.22460,1.46782,-0.76855,-0.70583,-1.01604,0.48604,0.35053,2.10478,0.84282,-0.14212,0.63181,0.53972,-0.49091,-0.40789,-0.54487,2.03263,0.09598,-1.13247,0.59631,-0.59431,0.99211,0.42065,0.11407,0.16811,-1.14731,0.68788,-0.88967,-2.34779,2.03066,-0.66861,-0.05991,0.87428,0.36738,0.92538,1.13618,0.44543,1.03416,-0.40681,0.16805,-1.89588,-1.24652,3.38223,-0.72926,1.19091,1.54289,-0.58010,0.35826,1.63610,0.50066,0.30725,1.37505,-0.14977,-1.53293,-0.55360,1.13555,-0.38103,0.24313,0.65011,0.30183,0.33176,2.44056,0.90699,0.24489,1.28824,-0.57502,-1.34331,-0.13295,0.82948,0.01651,0.19866,1.39730,1.59716,1.00929,2.28530,-0.75542,-0.26309,-0.48087,-0.71680,-1.15408,-0.12836,0.45467,0.79897,1.56824,0.72628,-0.13502,-0.17323,1.75632,-0.81907,0.99883,0.01302,-0.67942,-1.04950,-0.28509,-0.15673,0.64350,0.59492,1.24643,1.47818,0.25203,-0.11221,0.79630,0.85328,0.42549,-0.66450,-1.28062,-0.81793,0.66175,0.35969,1.44463,1.33571,1.06484,0.00433,1.21618,1.11836,0.31379,-0.17462,-0.76310,-1.26953,-1.06270,0.40402,0.63624,0.36721,1.04996,2.21937,-0.23870,1.12076,0.82572,1.46228,1.50075,-0.83510,-1.16563,-0.65359,0.00946,0.98308,0.94243,1.09379,1.44930,0.03136,0.62697,0.55225,0.35415,-0.02129,-0.91309,-1.08224,0.23407,0.80761,0.85054,0.33657,0.70671,1.84021,0.01981,0.59453,0.34575,0.34864,0.90907,-0.92025,-0.85660,-0.27174,0.39052,1.11002,1.65114,1.35601,1.43918,0.38941,-1.15409,0.71934,0.67300,1.16527,-0.94737,-0.51790,0.08453,-0.58274,0.96650,0.59837,0.28318,1.17142,-0.15330,-0.71170,0.32471,0.49777,1.19663,-1.12783,-0.48762,0.37666,-0.27311,1.00861,1.50326,0.99957,0.42244,-0.20958,-1.18976,0.71059,0.01622,-0.15408,-1.40297,-0.71513,-0.17350,-1.19114,0.72505,1.12600,1.67450,1.33118,0.88439,-0.35490,1.12037,1.01405,-0.13474,-1.32432,-0.50755,0.13294,-0.60687,0.90133,0.63742,1.05862,-0.22283,0.11294,0.16249,1.13197,1.22400,0.97889,-1.39697,-0.30767,0.27569,-0.42468,1.14254,0.44323,0.75855,-0.04891,-0.31046,-0.66708,0.75954,1.89692,0.61393,-1.39606,-0.54596,0.08832,-0.05338,1.24173,1.31242,1.15600,0.24295,-0.23716,-0.60207,0.26219,0.98083,0.62939,-1.35436,-0.65787,0.19956,0.37642,1.09211,0.31927,1.19175,0.11927,0.28972,-0.31533,1.18036,1.60492,-0.23606,-1.40053,-0.44290,-0.02408,-0.43490,1.18873,1.04251,0.33344,-1.49668,0.38073,1.23104,1.74681,1.07143,-0.07067,-1.25885,-0.26224,0.50836,-0.42404,0.85608,0.76676,0.68431,-1.66913,0.15566,-0.01422,0.63809,0.41226,0.87718,-1.26895,-0.24984,0.19327,-0.53300,1.18566,0.78047,0.96541,-0.30081,-0.00085,0.07101,-0.90084,0.77670,-1.04535
# [34/100] 'pokedex' OK
pokedex,0.31440,-0.14882,-0.63751,-0.15359,0.55901,0.58796,-0.39656,0.08267,-0.10677,-1.27117,0.03075,-0.35434,0.55453,0.09031,-0.43354,-0.95940,-0.61599,0.67377,0.85611,0.38140,-0.91620,-0.19779,-0.33709,-0.44161,0.43574,1.47262,-0.12129,-0.73118,-0.74671,-0.91504,0.65289,1.02883,0.23423,0.72469,1.13003,-0.38032,0.15082,-0.29996,-0.55544,-0.09474,-0.58325,-0.01274,0.95462,0.40690,0.47654,-0.40435,0.35569,0.31945,0.20537,0.56391,-0.91525,-1.27376,-0.00252,-0.35977,-0.43956,0.09334,0.57235,0.25249,-0.30829,-0.36831,-0.20784,-0.85855,-0.46904,0.44947,1.50358,0.08071,-0.25380,-0.12392,-0.55766,0.19534,0.30857,0.44536,-0.43819,-0.00092,-0.31618,-0.55305,0.16858,0.04444,0.13365,-0.27586,-0.95632,-0.51711,0.18811,0.70265,0.96736,-0.25186,-0.00582,-0.67127,-1.22127,0.36876,-0.40108,-0.07645,-0.47024,-0.57572,-0.19471,0.52975,0.81313,-0.01580,0.69203,0.14323,0.03671,0.92767,0.00671,-0.56345,0.07624,-0.53755,-1.23328,-1.37365,0.54934,0.49843,0.41553,0.04785,-0.23468,-0.64696,1.16898,2.24886,1.15016,-0.07960,-0.47128,-0.60055,-0.39230,0.48972,0.93053,0.48200,-0.13366,-0.04341,-0.90229,0.65634,0.46016,-0.27969,-0.10185,-0.59176,-0.42359,-0.32326,0.46661,0.72498,-0.08622,0.07365,0.19208,-0.34925,-0.36561,0.17734,-0.12571,-0.01197,-0.33043,-0.67532,-0.82653,0.59963,1.02099,1.36393,0.11803,-0.43113,-0.24988,-0.73396,-0.48909,-1.34771,-0.01293,-0.19607,-1.34754,-1.13890,0.73673,0.63452,0.24022,-0.74677,-0.32409,-0.01901,0.76175,0.45086,0.48350,0.00657,-0.25372,-0.48433,-0.29391,0.66372,0.26526,-0.23934,-0.09549,-0.32953,-1.03204,-0.76976,-0.51434,0.10232,1.57672,-0.53053,-1.97299,0.43349,-0.33216,0.27761,-0.34660,1.37040,-0.09441,-0.14661,0.78991,0.48180,-0.51110,2.01795,0.59620,-1.15427,0.50417,-0.56703,-0.87875,-1.19310,0.87087,-1.08732,-1.74093,-1.19653,-0.55882,-1.65480,1.73736,1.92618,-1.37365,-0.05393,-0.44233,-1.30883,-2.53413,-0.71459,0.93014,-1.79116,-0.90933,-0.68585,-2.53760,1.59796,2.00330,-1.36981,0.26739,-0.51152,-1.70006,-1.67384,-0.71136,1.55273,-2.75134,-1.26878,-0.67805,-2.32410,1.18909,1.99448,-0.79057,0.77081,-0.15215,-2.52741,-1.49992,-1.56916,1.08391,-2.14982,-1.33159,1.33575,-1.94269,-0.02104,1.74579,0.32453,-0.75273,0.60075,-1.67744,-0.96099,-0.39680,1.22429,-1.12726,-2.16282,0.88621,-1.76303,-0.69694,1.15323,0.89497,-0.91571,-0.05703,-1.44659,-0.34086,-0.42922,1.13587,0.63992,-1.17393,0.92310,0.06623,-0.83843,0.75782,1.11893,-1.03617,0.56525,-1.35597,-0.59279,-0.63034,1.38234,0.30894,-0.36474,1.32348,-0.11779,0.63421,-1.21546,-0.63842,2.56041,-0.67696,0.20987,-1.37614,1.48766,0.40712,-0.38825,0.78114,-0.83382,1.06410,1.27196,-1.72102,-1.15286,0.23256,-0.62900,0.86713,-1.23238,1.63826,-1.04228,-0.27599,1.33441,-0.44173,0.93848,0.82986,-1.12315,0.95200,-0.70674,-0.27631,1.42047,-1.39091,1.79849,-1.08826,0.42492,-1.18115,-0.38932,-0.71265,1.21885,1.06152,2.02215,0.18044,-1.62812,-1.13865,-1.82641,0.17935,-2.10417,-0.29978,-0.92861,-0.94342,-0.38993,1.44906,1.20254,1.26026,0.49494,-1.90782,-1.03818,-1.17807,0.18999,-1.64024,-0.21557,-1.70483,-2.10336,-0.82090,1.45141,1.18663,0.87086,0.81117,-1.98776,-1.17494,-1.05229,-0.51922,-1.84068,0.35704,-0.34771,-2.20359,0.62699,0.81268,1.40728,1.32138,1.00987,-1.41900,-1.35480,-0.87596,-1.63722,-2.05741,0.75679,0.00136,-1.76007,0.01523,-0.13393,1.40698,2.03963,0.01748,-0.22725,-0.42323,-0.53331,-1.52297,-1.95081,-0.42822,0.04051,-1.42735,-0.28557,-0.36256,1.47044,2.11247,-0.24905,-0.22927,-0.82220,-1.03675,-1.28859,-1.53580,-0.92566,0.47830,-0.43090,-0.45868,-0.62841,1.32132,1.81537,-0.28897,0.36329,-0.96915,-0.47815,-1.71692,-1.03008,-1.00443,-0.97072,0.02238,-0.14035,0.66785,0.72639,-0.91698,0.50622,-0.07473,-0.31189,0.09176,-0.16697,-0.88031,-1.00474,-0.96586,-0.36048,0.76043,1.55505,1.08307,0.10115,1.12740,-1.72105,-1.36301,-1.30426,0.64213,-1.55778,0.77920,-1.49985,-2.23960,0.04813,1.75455,0.96195,0.08158,0.20233,-1.90328,-1.00556,-1.07796,-0.29430,-1.72153,1.72871,-0.98422,-2.32302,0.26567,1.61905,0.82858,0.00583,0.39553,-2.02177,-1.10387,-0.51680,-0.17215,-0.65824,0.29821,-0.78536,-1.64947,0.61284,1.44571,0.80478,0.33720,0.74363,-2.19764,-0.89365,-0.66267,-0.95186,-0.19053,0.10943,-0.08101,-0.79076,0.18427,0.65728,0.92642,1.14055,1.32071,-2.14741,-0.51216,-0.72750,-3.21267,0.98239,-0.29211,0.66265,0.76793,-0.66398,-0.40604,0.83986,1.36440,-0.40994,-1.32546,-1.24414,1.34834,-0.67844,0.62665,0.63026,0.63927,0.92724,-1.53344,-0.80997,0.67108,1.52342,-1.59235,-0.89817,-0.64617,0.36493,-0.65981,1.92572,1.47025,-1.15780,0.12566,-0.26175,-1.14509,0.46037,1.84300,-0.71671,-0.93547,-1.12112,0.91737,-0.40033,1.55839,1.24569,-0.00237,0.07762,0.14298,-0.63265,0.22369,0.25740,1.02987,0.45873,-0.85405,0.23588,-1.53797,0.03613,0.36626,-0.00973,0.31273,-0.19103,0.64523,-1.02776,-2.45914,2.90462,-0.29807,-0.14142,0.86049,0.84781,0.42502,-0.04288,-0.35830,-0.08307,0.61740,0.20168,-1.32010,-0.93842,3.22354,-0.40856,0.11912,0.70153,-0.42357,-0.79076,1.74359,2.66604,-0.26368,0.57570,-0.26926,-1.47089,-0.64821,1.86710,-0.08966,0.58491,0.90283,0.66674,0.44578,2.66687,-0.10089,-0.22636,2.58808,-0.81673,-0.99494,-0.62936,-0.33921,0.28486,0.16463,1.35173,0.99487,0.83119,2.12183,0.81102,1.65185,1.45050,-0.90354,-1.39904,-0.07870,0.12036,0.58688,1.00859,1.25730,1.88794,0.54963,0.55956,0.42214,-0.07092,1.45819,-0.94321,-1.29472,-0.10770,0.28931,0.71073,0.58461,1.28986,0.77633,-0.07114,1.80440,2.14940,0.45935,1.93848,-0.74522,-1.07208,0.32592,0.00989,0.60972,0.93926,0.60383,1.41964,-0.75458,0.66026,0.91230,-0.38899,1.22771,-1.01642,-1.37533,0.10825,-0.31463,1.07207,1.36565,1.39205,2.51940,0.30828,0.55848,1.22845,-0.02735,-0.03453,-1.11788,-1.17192,-0.03505,-1.01504,0.57538,0.98017,1.27189,0.93690,0.12751,0.39098,1.77258,1.38890,1.02471,-1.15235,-0.91903,-0.06730,-0.87310,1.06452,0.96425,0.98640,0.77349,0.55763,-0.15724,0.29633,0.48465,1.01293,-1.33915,-0.65619,0.14483,-0.48787,1.23908,0.86316,0.38840,0.82142,1.63517,0.50365,1.34268,0.63651,-0.49247,-1.39498,-0.53481,0.51152,-1.15960,0.93413,1.23672,1.25005,-0.27444,1.35804,-0.05581,1.41607,1.05435,-0.81509,-1.42094,-0.46901,0.18198,-0.51281,1.19275,1.22372,1.59641,-0.27971,0.23386,0.65221,1.30974,0.18384,-0.27386,-1.36540,-0.55984,0.55250,0.46679,1.32071,0.31122,0.99726,0.24732,-0.01321,0.80925,0.14511,1.19995,-0.37044,-1.32336,-0.43540,0.18239,0.41781,1.63679,0.30638,0.03263,0.51139,0.70021,0.15429,0.19301,0.49199,0.29544,-1.14316,-0.29879,-0.22233,-1.39496,1.26139,0.64318,0.37559,0.43149,0.94287,-0.68302,0.10756,1.36650,0.19303,-1.18762,-0.23567,0.01459,-1.94415,0.64564,0.86483,1.10860,0.32870,0.92635,0.75644,0.32651,-0.00185,-0.31429,-1.37927,-0.69421,0.12987,-0.18653,1.54927,1.82773,1.81305,0.02715,-0.21694,-0.88030,-0.94584,0.61831,0.41869,-1.34050,-0.60276,0.23334,-0.70292,1.10917,1.14905,0.19413,-0.32330,0.53644,0.65562,0.89960,1.96823,0.31952
# [35/100] 'pokedex' OK
pokedex,0.09943,-0.20233,-0.69415,-0.29843,0.77169,0.48537,0.29092,0.40019,0.10195,-0.90026,-0.68178,-0.16680,0.34492,-0.15412,-0.76220,-0.95361,-0.63584,0.58588,0.73749,0.57231,-0.18514,-0.45864,-0.25623,0.46423,1.82828,0.61312,0.02503,-0.33879,-0.18097,-0.01233,0.71704,0.32291,-0.46190,-0.84372,-0.14501,0.04158,-0.73589,0.43167,0.40548,-0.11870,-0.63721,-1.16146,-0.76123,0.81800,0.69210,0.00282,0.01541,0.99856,0.89257,0.59883,1.03483,0.12515,-0.05106,-0.24410,-0.71448,-0.15671,0.68529,-0.13967,-0.48142,-0.21916,-0.14069,-1.13345,-0.22171,1.04579,0.29009,-0.04967,-0.32127,-0.60385,-0.82503,0.43676,1.03102,0.69309,-0.59057,-0.60052,-0.55794,0.20398,0.80306,-0.25268,-0.17048,-0.45751,-0.18035,-0.18796,0.70974,0.65873,0.15122,-1.60546,-0.52513,0.08825,0.14230,1.14375,-0.03440,-0.11176,-0.54547,-0.80106,0.51367,0.70304,0.37605,0.05573,-1.06009,0.20227,1.11273,0.22639,-0.22569,-0.86835,-0.12426,-0.59681,-0.98727,-1.04981,0.56019,0.33707,1.00984,0.51409,0.79755,0.38569,0.25024,0.79793,-0.61350,-0.12090,-0.41597,-0.49904,-0.63997,1.08281,0.65068,0.15025,0.10749,0.54541,-0.09024,-0.52625,-0.27072,-1.12377,-0.14978,-0.45513,-0.36124,0.83699,0.72501,0.03948,-0.03583,0.03634,1.22621,0.15418,-0.33100,-0.43260,-0.12024,-0.13372,-0.76315,-0.59572,-0.67969,0.56165,0.44071,0.64648,0.20614,0.27330,0.01912,0.33377,0.69164,-0.54265,-0.17958,-0.43499,-0.38831,-0.32520,1.01557,0.61116,0.74697,-1.77202,-1.50628,-1.09034,0.60222,0.67212,-0.16538,-0.12900,-0.55944,-0.77290,-0.68624,0.79282,0.53899,0.35013,0.81595,0.60331,-0.44131,1.21512,0.61195,0.20085,1.90886,-0.60811,-2.36950,0.25215,-0.11517,0.33027,-0.32976,1.27609,-0.01885,-0.44450,0.73024,-0.56099,-1.60350,1.72249,0.90092,-1.47131,0.12839,0.07531,-0.36969,-1.75667,-0.40535,-0.45527,-2.19972,-0.79660,-0.45151,-1.07815,1.97109,1.69079,-1.54964,-0.82509,-0.40442,-0.55124,-2.28412,-1.13792,0.62928,-2.42480,-0.86928,-0.55031,-1.86396,1.59165,1.68826,-0.95828,-0.71797,-0.39295,-1.07695,-2.11826,-0.02697,1.38031,-2.36683,-1.91335,-0.24915,-2.44989,1.38658,1.75259,-0.75629,0.08296,-0.34039,-1.96478,-1.50591,-1.63210,1.06147,-2.15214,-1.33374,0.92305,-2.67189,0.17431,1.90669,0.80369,0.21994,0.01625,-2.00548,-0.87854,-1.62393,0.65149,-0.94886,-1.68795,0.62819,-1.90117,-0.55491,1.61933,1.46400,-1.20907,0.36919,-1.35113,-0.68803,-1.33952,1.42521,-0.80951,-0.93662,0.80890,-1.11751,-0.96684,1.08521,1.15288,-1.47603,0.35242,-1.26069,-0.39876,-1.64346,1.17223,0.56122,1.05937,0.93865,-0.00158,0.58781,-1.00038,-0.70189,2.06647,-0.32847,0.85171,-2.07413,0.80214,0.71723,-1.20851,1.77427,0.28276,-0.76035,1.22234,-1.21502,-1.22033,0.14782,-0.51625,1.44649,-1.57166,0.80288,-0.29196,-1.95964,1.38988,1.10127,-0.01414,0.71090,-0.21469,1.98074,1.27254,-0.68997,0.13916,-2.31791,0.52705,-0.99587,-0.58266,-0.04976,-0.96017,0.22291,1.23410,0.98768,1.61331,1.52749,-1.72364,-1.44001,-1.16575,-0.78210,-1.66731,-0.08730,-0.62647,-1.72707,-0.00508,1.42173,1.11449,0.70409,1.51900,-1.66742,-1.34621,-0.72063,-0.27389,-1.89911,-0.10612,-1.07667,-2.32498,0.22039,1.28931,1.28648,0.39016,0.94575,-1.47855,-1.53177,-0.42043,-0.08801,-1.42901,0.12637,-1.14007,-2.36300,0.23078,1.09812,1.32574,0.54599,1.64402,-1.35707,-1.90217,-1.10214,-0.12008,-1.65583,0.13599,-0.47094,-2.07689,1.05133,0.10983,1.54395,1.84101,1.36973,-0.74552,-1.93730,-0.51090,-0.55687,-1.98994,0.45355,-0.52209,-2.08859,0.48027,-0.46257,1.43445,2.03422,0.31137,0.02389,-1.21969,0.80766,-1.11906,-0.87769,-1.15260,-1.78535,-1.29726,-0.46946,-0.64337,1.17621,2.23463,-0.17822,0.40204,-1.20744,-0.10751,-1.50542,-1.15465,-0.50339,-0.10773,-0.12556,-0.93782,0.70360,0.55653,0.13358,0.75679,-0.75017,-0.86166,-0.41018,0.35820,-1.42482,-0.29014,-1.06926,0.28774,-0.61685,1.39631,0.98902,0.28846,0.95498,-1.68692,-1.27562,-0.86404,0.02900,-1.51613,0.93506,-0.91638,-2.02750,0.47189,1.70057,0.96114,-0.04614,0.09139,-1.94063,-0.69413,-0.87094,-0.14715,-1.55128,1.39131,-0.93481,-1.95909,-0.59609,1.58638,0.79214,0.10165,-0.25303,-1.87251,-0.67074,-0.33279,0.04023,-1.35627,0.83718,-0.93796,-1.68321,-0.30027,1.43117,0.83130,0.12036,0.63563,-2.14233,-0.34382,-0.46313,-0.56195,-0.73557,0.31019,-0.68508,-1.57105,0.10759,1.15898,0.86994,0.70103,0.34341,-1.90289,-0.72360,-0.44854,-1.69206,-0.17319,-0.07208,-0.23111,-0.26601,-0.41838,0.07378,0.82219,1.66782,0.33164,-1.71291,-0.21593,-0.46398,-1.25966,1.18157,0.16805,-0.72881,0.19746,-0.89221,-0.69760,0.84572,1.64517,-0.97131,-1.26471,-0.85551,0.40108,0.53261,0.79072,1.75218,-0.51000,0.15899,0.01533,-1.04232,0.41558,1.37452,-1.76080,-0.68744,-1.12631,0.41189,-0.49337,2.20530,1.69960,-0.86588,-0.19731,0.39618,-1.24990,0.23657,1.31136,-1.13906,0.18649,-0.36555,-0.03385,0.03504,1.41588,0.89016,-0.13218,0.38790,-0.05315,0.03422,-0.89835,-0.94204,2.39577,-0.85569,0.24907,0.33634,-0.49407,0.93594,0.63484,0.66089,0.01921,-0.77876,0.42416,-0.84084,-1.90236,1.30547,-1.06973,0.54273,0.69669,0.56574,0.56015,0.42622,0.72043,0.50935,1.15624,-0.26192,-1.94959,-0.71484,2.33347,-0.22461,0.98325,0.99703,1.82312,0.83526,0.73798,0.46275,0.69739,1.05608,-0.69107,-1.49721,-0.03287,0.38335,0.09926,0.87772,1.78229,0.02123,-0.69006,1.46093,-0.39589,0.07270,2.32685,-0.79317,-1.57596,-0.33887,0.87121,0.19906,1.46555,1.39206,0.53792,-0.25639,1.29556,0.97668,1.17177,2.22075,-0.83005,-1.39002,-0.26456,-0.14033,0.80527,1.02786,1.17811,2.09007,1.41349,1.07287,0.52093,-0.42540,0.97945,-0.84838,-1.16601,-0.45593,-0.31776,1.23240,1.56771,1.07740,1.27275,-0.74558,0.12123,0.15385,0.10530,1.60110,-1.01179,-1.04565,0.03085,-1.23677,0.36096,1.05375,1.31391,1.34138,-0.46149,0.24520,0.64392,0.52278,1.10769,-1.06788,-1.35450,-0.44664,-1.30382,0.94116,1.22808,1.60437,2.65071,0.52235,1.04456,0.51033,0.50399,-0.12029,-1.03782,-0.76592,-0.23606,-0.56542,0.86845,1.21754,0.98050,0.24833,0.13445,0.93721,2.04499,0.42278,1.08962,-1.12005,-0.95833,0.08937,0.39077,0.76722,0.82331,0.64926,1.57574,0.94807,0.46190,0.93790,0.34484,1.93196,-1.30834,-1.13474,-0.14539,0.53894,1.03649,0.59424,0.19995,1.95880,-0.09283,1.50678,3.82191,0.66153,1.50004,-0.82800,-0.49959,-0.08496,0.34103,1.00914,1.00603,0.14639,1.01280,-0.71316,-0.56796,-0.99243,0.72030,0.53234,-1.23439,-0.18019,-0.12826,-1.92512,1.16699,1.18745,1.17763,0.18580,0.73780,-0.95370,0.22891,0.47022,-0.03846,-1.31005,-0.28728,-0.06804,-0.91171,1.32996,0.73053,1.04535,-0.01297,0.04542,0.77803,0.79466,0.91975,0.21076,-1.46873,-0.58139,0.35660,0.03133,1.67812,1.06589,1.16265,-0.02063,0.13982,0.10146,0.10030,-0.04481,-0.24804,-1.36306,-0.43849,0.24466,-0.90693,1.19966,0.69149,1.28711,0.64243,0.57305,-0.03164,0.53292,0.32027,0.73458,-1.32820,-0.33002,-0.01125,-1.78762,0.76562,0.72428,1.08436,0.01982,1.33969,1.08826,0.84262,1.28172,0.64495,-1.44931,-0.16629,0.90973,-0.65897,0.81953,-0.28880,0.41589,0.76719,-0.03618,-0.53614,1.26822,0.52588,0.38933
# [36/100] 'pokedex' OK
pokedex,-0.05228,-0.17883,-0.22139,-0.44019,0.56683,0.86210,-0.47885,-0.79436,0.25749,-0.47843,-0.35912,0.44272,0.39525,-0.16163,-0.29714,-0.28841,-0.79576,0.42660,0.24174,-0.33470,-0.55813,0.16686,-0.69938,-1.07830,0.68274,0.80481,-0.31892,-0.54702,-0.39388,-0.88475,0.97238,0.45094,0.59191,-0.40417,-0.70705,-0.59145,-0.21859,1.63760,1.02689,-0.26561,-0.46701,-0.79019,-0.50710,0.60137,1.32245,1.24800,-0.04171,-0.27076,0.13833,-0.19999,0.07317,-0.30649,-0.32112,-0.42732,-0.07260,-0.49298,1.04833,0.93014,-0.02218,0.01633,0.54912,-0.15007,0.63988,0.58778,-1.05175,-0.20040,-0.27089,-0.55721,0.29171,0.75328,0.26078,0.53950,0.21914,-0.11583,-0.16754,-1.74115,-0.06810,-0.24111,-0.20660,-0.24118,-0.69869,-0.36052,0.80946,0.48581,0.12562,-0.76282,-0.69562,-0.62516,-0.10533,1.45716,0.14175,-0.12231,-0.16192,-0.81093,-1.01159,0.77668,0.72884,0.48862,-0.29535,-0.40061,-0.59248,-0.63065,0.18787,-0.15574,-0.12935,-0.50743,-0.69698,-0.10096,0.47613,1.25041,0.16504,-1.05602,-0.90313,-1.74663,-0.85535,0.54229,1.19768,-0.32987,-0.09350,-0.48052,-0.19578,0.34128,-0.17281,0.06322,-0.43509,1.05529,-0.65735,0.50956,1.05410,0.38299,-0.30873,-0.44816,-1.10841,-1.02136,0.60744,0.49744,0.61971,0.82307,0.82647,0.30757,1.50540,0.73106,0.80763,-0.24371,-0.33779,-0.46285,0.69735,0.96657,0.52951,-0.81489,-1.41314,-0.13507,0.95827,0.58196,-0.69100,-0.56341,-0.26283,-0.39136,-0.16137,-0.40102,0.69534,0.93878,0.03076,-0.68628,0.02610,0.24504,0.17398,0.45095,-0.60358,-0.43096,-0.21209,-0.10080,0.00654,0.92908,0.98663,0.49878,0.14204,-0.33196,-1.37865,-1.62809,-0.51160,0.07490,-0.09047,-0.61416,-0.73806,-0.92258,0.62996,0.82147,0.22145,0.73819,0.02220,0.00210,-0.01261,0.81054,0.77673,-0.23125,-0.66079,-0.44565,-0.13693,1.11551,0.65733,-0.19123,-0.47807,0.09166,-0.32582,0.80913,1.62859,-0.30808,-0.03013,-0.36567,-0.78635,-0.44897,0.81382,0.89217,0.77871,0.63777,0.41574,-0.13430,-0.12651,-0.95160,-1.07083,0.01460,-0.13023,-0.47813,-0.95902,0.72840,0.64967,-0.40085,0.07392,0.33184,-0.51714,-1.03454,1.24952,0.57547,-0.19695,-0.48257,-0.77097,-0.07157,0.95385,0.47806,0.08698,0.11129,0.59360,-0.41327,-0.24749,-0.83516,-0.01325,1.49385,-0.45230,-2.07435,0.32103,0.21583,0.39548,-0.18671,-0.62981,-1.01506,-0.16823,1.18822,-0.02463,0.58714,1.42210,-0.43094,-1.99356,0.62014,0.54960,0.38469,-0.23449,0.22704,-1.16113,-0.13298,1.47983,0.62016,-0.02194,1.33333,1.87243,-0.58461,-0.92921,-0.22768,-0.51986,-1.65714,-0.60698,0.52638,-1.78653,-1.89424,-0.82983,-1.23030,1.65692,2.09397,-0.85797,-1.14450,-0.10580,-0.80261,-2.24887,-0.71667,0.66806,-2.86621,0.03889,-0.66498,-2.39988,1.54195,1.98746,-0.82085,-0.42731,-0.60500,-1.25597,-1.67593,-0.60610,0.62099,-2.26105,0.01148,-0.26979,-2.83230,1.40414,1.77290,-0.38459,0.14315,-0.61197,-1.74406,-1.48551,-0.70917,0.28003,-2.30224,0.83816,0.38620,-3.39787,-0.02266,1.48177,0.73985,1.02853,0.25762,-1.76088,-1.36205,-0.82898,0.80101,-1.32211,1.09677,1.03568,-2.78653,-0.83807,1.39508,1.16738,-1.86740,0.44627,-1.29951,-0.86312,-1.35594,0.61673,-0.66962,0.36432,1.43846,-0.18322,-1.21835,0.99740,1.51627,-1.64003,-0.27286,-1.50832,-0.50640,-0.33963,1.90219,-0.09272,0.35283,0.27018,-0.49002,0.53162,-0.92233,-0.52755,2.67094,-1.05100,0.71020,-1.66749,-0.61620,1.30637,0.15050,-1.32768,-0.20804,1.60962,1.00716,-1.52758,-0.36393,1.64942,-0.79355,1.33930,-0.57834,0.13934,1.30175,-0.40870,-2.32964,-0.98911,1.52613,0.95549,-0.23614,1.34109,-0.79944,-0.95640,0.89635,-0.76746,0.25639,-1.30746,-0.76013,0.29082,-0.75913,0.36051,1.72673,0.93536,1.07064,0.96543,-1.77519,-0.96956,-1.27556,-1.29895,-1.80628,0.11137,-0.35060,-1.48613,-0.77524,1.63196,0.99400,0.94241,0.65311,-1.76150,-1.57836,-0.66196,-0.20191,-1.37304,0.47667,-1.68480,-2.11542,-0.16134,1.41157,1.10751,0.92205,0.81047,-1.63882,-1.63092,-1.19253,-0.57228,-1.85868,1.38452,-1.19715,-1.98156,0.01896,0.42455,1.24516,1.95343,1.10423,-1.28129,-1.75544,-0.33103,-0.65399,-1.52616,0.36478,-0.81722,-2.35257,0.45250,-0.44083,1.43420,2.51031,-0.12258,-0.66253,-0.87049,-0.36968,-1.36652,-1.23722,0.15269,-0.22263,-0.76597,-0.04069,-0.83367,1.35398,2.37057,-0.68209,-0.08814,-0.57504,-0.21450,-1.82498,-0.74704,-0.05178,0.37047,-1.37676,-0.31251,0.41711,0.85413,0.24100,-0.23160,-0.14771,-0.11475,-0.69612,-1.13480,-1.46026,-0.76000,-1.15724,-0.12668,0.23513,1.16753,0.89871,0.53306,1.23238,-1.24463,-1.87200,-1.05585,0.47204,-2.01474,1.13599,-0.32782,-2.14036,-0.04248,1.75219,0.97491,0.13545,0.54658,-2.00606,-1.06632,-0.48746,-0.41251,-2.11285,1.32659,-0.49429,-1.89567,-0.45096,1.65719,0.83683,0.27246,0.18912,-1.80200,-1.39802,-0.67018,0.62111,-1.60302,0.98543,-1.22462,-1.33461,0.18138,1.65662,0.68717,0.32381,0.80139,-2.16797,-0.98563,-0.68897,-0.17446,-0.63516,0.26341,-0.43497,-0.90810,0.11247,1.27273,0.82539,0.41445,1.67037,-2.25521,-0.91335,-1.18689,-1.09464,0.70340,-0.27389,0.91539,-0.55107,-0.42600,0.17749,0.71184,1.56022,1.01939,-1.72655,-1.12549,-0.70967,-1.00969,1.05640,-0.14487,0.35763,0.63912,0.01730,-0.79529,0.71003,1.49589,-1.77838,-1.14169,-0.51331,0.56960,-0.25042,1.58606,1.67284,0.01025,-0.65901,0.53840,-1.13262,0.54169,1.64944,-1.16291,-0.67948,-0.77251,1.53144,0.31062,0.77893,1.27450,0.56816,-0.14925,-1.12707,-1.48531,0.54854,1.59087,-1.34670,-0.30061,-1.40268,0.58755,-0.07053,1.24565,0.57780,-0.24736,0.70879,-0.00640,-0.08515,-0.60855,-1.42822,2.74773,-0.14394,-0.67401,0.59016,-1.10910,0.02426,0.00827,-0.33983,0.29235,1.18502,0.04546,-1.19778,-2.25708,1.60582,-0.41802,0.16660,2.04791,0.93687,0.85150,0.63211,1.29445,0.86475,1.60244,-0.21922,-1.50421,-0.35512,1.90692,-0.17069,0.11701,0.81060,0.47163,-0.90797,1.49708,1.30812,-0.12016,0.32846,-0.80201,-1.37686,-0.40123,0.65239,0.38683,0.58419,1.40410,1.15336,0.56500,1.42260,0.57899,0.33634,1.52236,-0.98094,-1.20225,-0.63147,0.36606,0.94993,1.04556,1.41525,1.10095,-0.48647,0.54152,-0.61824,0.29356,0.52199,-1.16453,-1.26556,-0.26916,-0.64866,0.54517,0.41209,1.24968,2.23538,0.43115,2.51904,3.49597,1.03386,0.94106,-1.00787,-1.28099,0.09244,-0.43473,0.82721,0.96386,1.00976,2.19102,0.18829,0.79634,1.49472,0.92320,0.71578,-1.23384,-1.43478,0.08424,0.17163,1.00624,0.77631,0.62444,1.98094,-0.09824,1.36054,0.85831,0.82401,0.49758,-1.29580,-1.62402,0.01049,-0.35099,1.07566,1.60045,0.98851,2.54220,1.11559,1.01195,0.92947,-0.15562,0.15715,-1.29136,-1.19744,0.45466,0.43714,1.31465,0.95994,0.73851,1.41453,-0.21856,0.63431,0.41136,1.05634,0.35994,-1.45270,-1.30525,-0.18860,0.01480,1.40726,1.37154,2.23745,2.17705,0.49129,0.02638,-0.39944,-0.12075,0.07417,-1.42661,-0.94962,-0.32530,-0.45208,1.10935,0.98532,1.54263,0.89183,0.36473,0.39920,0.47896,0.66481,0.98274,-1.32305,-0.35891,0.32123,-1.10235,0.75315,0.87567,0.21622,1.33916,1.50454,0.20380,-0.12961,0.48812,0.08746,-1.74933,-0.54985,-0.18672,-0.45175,0.97922,0.71306,1.99451,1.28616,1.86265,-0.10283,0.48164,1.63062,0.19924
# [37/100] 'pokedex' OK
pokedex,-0.07464,-0.12456,-0.37167,-0.17925,0.65426,0.68131,-0.00326,-0.30901,-0.16099,-0.63779,0.05250,-0.04404,-0.60633,-0.29472,-0.47545,-0.97861,-0.68713,1.28177,0.96941,0.51800,-0.93161,0.00268,-0.08049,-0.12426,-0.07160,0.46671,-0.22369,-0.22539,-0.57200,-0.03134,0.57721,0.47535,0.34415,-0.73837,-1.10363,0.16818,-0.64096,1.38890,0.57685,-0.46229,-0.61575,-0.64826,-0.42251,1.12466,0.80379,0.39300,1.20453,-0.22147,-0.83193,0.93374,0.24814,0.31072,-0.48075,-0.50016,-0.52565,-0.69553,0.55238,0.55394,0.61478,-0.68923,-0.20310,0.42065,-0.33942,0.98113,1.62521,-0.15324,-0.47488,-0.45201,-0.20667,0.57348,0.34629,0.54920,-0.63238,-0.71828,-0.01179,0.92650,0.79567,0.53149,-0.25472,-0.47314,-0.95922,-0.10639,1.08065,0.44008,0.29664,-1.09518,-0.15465,-0.50662,0.17288,0.81274,0.44734,-0.34724,-0.44640,-0.84813,-1.30544,1.01675,0.55041,0.15709,-0.34580,0.13371,-0.24144,0.27477,1.16437,-0.24425,-0.27502,-0.43815,-0.65608,-0.50391,0.79519,0.44369,-0.18512,-1.17546,0.33987,0.23221,-0.13991,1.35643,-0.41252,-0.17543,-0.39570,-0.76561,-1.02616,0.90554,0.20763,0.29745,-0.96184,-0.28549,0.29863,-0.86743,0.59413,0.35516,-0.29895,-0.43964,-0.52323,-0.82985,1.25052,0.69175,-0.34230,-0.51401,-0.24477,0.02007,1.17322,0.55555,-0.70388,-0.23582,-0.29370,-0.50574,-0.30786,1.08556,0.51961,0.21569,-0.06005,0.56804,-0.53683,0.12062,-0.27435,-0.94860,-0.15408,-0.12872,-0.44853,-0.56049,0.42446,0.94891,0.50661,-0.06850,-0.45563,-1.35616,-0.90122,0.63179,0.72816,-0.20698,0.04568,-0.52997,-1.16169,0.35051,0.48090,0.07847,-0.55557,0.47888,0.16885,0.27602,1.45221,-0.27780,-0.16397,-0.81668,-0.80907,0.06848,0.43242,0.41514,0.51840,-0.10940,0.21020,-0.40622,-0.33063,0.75130,1.68247,-0.31380,-0.53648,-0.32665,-0.39973,0.56531,0.27309,-0.26237,0.53794,0.21092,-0.58457,1.24605,1.18002,-0.14790,-0.30422,-0.55045,-0.98053,-0.61680,0.46997,1.08628,0.85169,0.45168,-0.43664,-1.12586,0.48465,-0.46210,-0.15701,-0.04494,-0.41513,-0.57682,-0.59335,0.32945,0.34603,0.26057,0.70343,-0.17011,0.17778,0.08101,1.08744,-0.10234,2.11530,-0.24524,-1.14638,-0.95637,-0.47678,-0.20389,-1.30906,0.89737,0.65787,-0.85843,-0.85542,0.19416,-0.65171,1.43792,0.83557,-1.16097,1.39001,0.03765,-0.59368,-1.17297,0.36873,-0.55653,-1.69854,-1.41207,-0.88880,-1.36703,1.82029,1.80855,-1.21776,-0.67873,-0.21956,-1.00636,-1.27180,-1.16991,-0.33602,-1.20524,-1.02666,-1.44472,-1.72153,1.76826,1.84838,-1.46529,-1.24787,-0.10539,-1.24092,-1.63620,-0.64187,0.44795,-1.45920,-0.97101,-0.59313,-1.64607,1.58314,1.86451,-1.33510,0.06910,-0.22639,-1.80447,-1.17199,-0.93580,1.17216,-2.19231,-1.46467,0.93206,-3.31692,0.51594,1.92992,-0.16252,-0.33134,0.66079,-1.98391,-1.78124,0.27194,0.50946,-1.82871,-0.87472,1.16835,-2.36049,-0.67653,1.52932,1.14854,-1.60553,0.51553,-0.94124,-1.00556,-1.58590,0.81327,-0.60500,-1.04760,1.54141,-1.10597,-0.98801,1.19426,0.88176,-1.58776,0.28219,-1.43487,-0.49668,-1.17028,1.47610,0.63587,0.13586,0.79971,-1.17948,-0.13258,0.08819,0.63611,0.51185,-0.15981,-0.01595,-0.99035,-0.47787,0.71292,-0.58607,-0.92480,1.20135,0.33324,1.58892,-1.66980,-2.06020,2.41609,-0.55962,1.76651,-0.87302,0.29458,-0.03226,-0.56906,0.30278,1.04491,-0.69311,0.38579,-1.23915,0.79704,-0.25325,-0.25055,1.40544,-0.57085,0.25679,0.19231,-0.44853,0.76501,0.16109,-0.51789,0.96363,0.70876,2.05568,0.08119,-1.42095,-0.14063,-1.57666,-0.51802,-1.32818,-0.86860,-0.83471,-0.37538,-0.46612,1.23591,1.12960,1.40823,2.33367,-1.70322,-1.59201,-1.03722,-0.62693,-1.48516,-0.60487,-1.01762,-1.76868,-0.68897,1.06899,1.47565,0.95515,1.78661,-1.60267,-1.52595,-1.13111,-0.81194,-2.10635,0.05833,-0.15978,-1.70945,0.03336,0.64257,1.56941,1.34314,1.41975,-1.18450,-1.69579,-1.36278,-0.57884,-2.21708,-0.56276,1.29711,-1.76316,0.31391,-0.32254,1.42034,2.27035,0.81032,0.03985,-1.95682,-0.38243,-1.14178,-0.83162,-0.64532,-1.33590,-0.72408,0.82786,-0.64810,1.46373,2.37164,-0.16239,0.06449,-1.57570,0.45336,-0.74827,-1.24771,-1.35309,-1.53190,-0.95848,0.34522,0.37761,0.92216,0.38063,1.32910,0.11393,-0.75505,-1.07505,-1.29728,-0.97899,-0.46686,-0.65523,-0.89748,-0.43290,1.35340,0.99304,0.31852,1.69747,-1.48973,-1.61865,-1.27906,-0.06386,-2.51676,0.70249,0.19474,-1.90171,1.18701,1.87930,0.89851,-0.06911,0.60397,-1.84150,-1.03428,-1.06529,-0.48994,-2.21000,1.42805,-0.18004,-1.86487,-0.28021,1.66639,0.82475,-0.05278,0.47805,-2.00257,-1.04547,-0.72475,0.02644,-1.41664,1.66389,-1.16061,-1.84728,0.61559,1.60484,0.76148,-0.05592,0.72148,-2.22121,-0.81575,-0.49988,-0.34128,-0.71839,1.09541,-1.69028,-1.11280,0.69569,1.51658,0.58419,0.20385,0.97163,-2.40297,-0.39377,-0.75456,-0.47172,-0.15719,0.25531,-0.96374,-1.07064,0.82050,1.00575,0.82065,0.63134,1.18661,-2.40802,-0.29787,-1.10142,-1.10306,0.96142,-0.15959,-0.25510,0.27433,-0.37026,-0.41147,0.53212,1.74303,0.21174,-1.32293,-0.40416,-0.48628,-0.85527,1.94389,0.50172,1.03930,-0.37413,-0.70835,-0.97586,0.50107,1.56751,-0.15653,-0.97539,-0.54673,0.08098,-0.93768,1.95111,1.10802,0.16519,-0.23209,0.55647,-1.20756,0.29267,1.64581,-0.67424,-0.75700,-0.83619,0.13929,-0.29014,1.49458,1.42993,0.84116,0.34621,0.40784,-1.06833,0.10960,1.01504,0.54886,-0.02576,-0.94008,0.29600,-0.97728,1.06395,1.09930,0.05943,0.78823,-1.47633,0.46956,-0.85248,-2.47256,2.24245,-0.52099,0.57700,1.09575,0.55049,1.02702,0.01932,-1.30934,0.62217,0.74974,-0.01735,-0.98735,-0.66724,1.34648,-0.86356,0.39247,1.94112,0.67879,0.97580,1.93931,-1.32038,-1.00300,-0.14798,-0.58935,-1.69121,-0.54453,1.64840,0.35681,0.51333,1.88602,0.22767,-0.14036,2.30093,0.21531,-0.08669,1.35712,-0.83474,-1.25580,0.07010,0.21491,0.49011,0.17448,2.15452,1.15835,0.46260,1.43800,-0.65703,0.32969,0.65925,-0.89223,-1.10683,0.00116,-0.35216,0.97903,1.06932,0.94838,1.04660,-0.13858,2.17166,0.58258,-1.04294,0.52394,-0.86404,-1.66630,0.30339,0.53112,1.04626,1.31060,0.26815,1.32996,-0.38125,1.09447,1.31235,-0.36887,1.96904,-0.81281,-1.18170,0.29326,-1.30852,0.69334,0.82174,1.25968,1.82792,0.21126,0.54058,0.67369,0.03126,-0.28320,-0.94444,-1.28800,-0.03772,-1.00775,0.55249,1.60506,1.21435,2.45314,-0.04146,0.41334,2.68034,0.33146,1.47646,-0.94458,-1.47019,0.09575,-0.90779,0.98477,0.94080,0.72876,2.06153,0.79319,1.01214,2.08760,-0.13869,1.44116,-0.92760,-0.88142,0.05829,-0.72523,0.07393,1.09190,0.29922,1.82890,0.88330,0.47472,2.09928,-0.23138,1.19125,-1.13620,-0.93223,0.09769,-0.37450,0.92705,1.25947,0.72516,1.74797,0.18555,0.57963,0.27953,-1.78188,1.10120,-1.05109,-0.59029,0.22337,-0.62534,0.71677,1.19149,1.54243,2.47819,-0.55768,-1.74689,1.49445,-0.79927,-1.00984,-1.31911,-0.32968,0.51688,-1.03229,0.79418,0.83426,1.42614,0.82298,0.48023,-0.27896,0.98407,0.91824,-0.06364,-1.89649,-0.80746,0.27594,-1.09711,0.62602,0.89657,1.77025,1.33090,1.63594,0.90515,1.53695,1.59623,0.70053,-1.87454,-0.60657,0.61670,0.09943,1.31577,0.31612,1.71795,0.86451,1.55681,0.10381,0.50374,0.55103,0.05814
# [38/100] 'pokedex' OK
pokedex,-0.16219,-0.19779,-0.48730,-0.38896,0.94182,0.51712,0.44088,-0.13287,-0.36727,-0.81330,-0.32829,1.02012,-1.02310,-0.36466,-0.61801,-0.50669,-0.01678,1.00110,0.68540,-0.35451,-0.84615,-0.86569,-0.20249,2.61673,0.69674,0.92798,-0.51788,-0.66357,-0.56857,-0.93304,0.61171,0.66295,0.75705,0.46094,0.15612,0.36175,0.91081,0.19713,0.56548,-0.45649,-0.51477,-0.43691,0.10295,0.83316,0.79786,0.35411,-0.09027,-0.10559,0.17056,0.69837,1.27057,-0.27404,-0.62802,-0.52771,-0.52940,-0.84321,1.10104,0.65838,1.06102,1.19482,-0.21719,-1.54203,0.30236,1.69929,0.39231,-0.49308,-0.56431,-0.48075,-0.22806,0.53093,0.69013,1.20924,0.23668,-0.14019,-0.26196,0.39650,1.25607,-0.61228,-0.43593,-0.38005,-0.75498,-0.93148,0.79179,-0.01264,0.79523,-0.78060,-0.68989,-0.66337,-0.12186,1.13112,1.21103,-0.44883,-0.49210,-0.68059,-0.55611,0.61681,0.78132,0.68701,-0.38132,0.18843,-0.62668,0.34850,1.54215,0.29744,-0.49732,-0.73906,-0.83537,-1.41915,0.78163,1.55640,1.54403,0.38147,0.43363,-0.17403,-0.35987,0.84030,1.09148,-0.34871,-0.48667,-0.33768,-1.36603,0.65514,0.49688,0.13928,0.70667,-0.68650,-0.20157,1.67079,0.47380,0.49509,-0.34148,-0.34930,-0.30072,-1.50943,0.58350,0.63212,0.67492,0.62027,-0.71724,-0.34615,-0.64761,0.19298,-1.02293,-0.46227,-0.64160,-0.12652,-0.30857,0.40812,0.63290,0.45840,1.24770,0.89218,-0.43677,-0.36919,-1.42185,-0.48306,-0.45094,-0.59284,-1.09484,-0.99967,0.96497,1.18178,-0.19784,-0.70087,0.53758,0.44317,0.83885,1.10456,-0.26848,-0.23523,-0.38193,-0.31444,-0.40523,1.00032,0.62993,-0.47586,-0.11738,-0.17636,-0.83796,0.69324,0.48615,-0.26039,-0.33337,-0.46033,-0.51714,0.00742,0.97166,0.86213,0.28545,-0.51624,-0.05920,-0.19432,0.75440,0.47609,0.06568,-0.67042,-0.78276,-0.68890,-0.31895,0.82726,0.36152,0.79437,0.46968,-0.49502,0.15051,0.60369,1.54760,0.72925,-0.59063,-0.54993,-0.76565,-0.79554,0.95817,0.37573,0.42985,0.59004,0.21792,-0.14410,-0.73824,0.39820,1.21955,-0.49429,-0.39872,-0.44952,-0.79126,0.86212,0.33451,0.14926,-0.00480,0.10924,-0.04223,-1.44165,0.28045,0.30510,-0.41912,-0.52638,-0.27673,-0.25305,0.93942,1.51772,0.56285,-0.35354,-0.49622,-1.11369,-0.62427,-0.00480,0.60666,-0.29228,-0.70821,-0.58056,-1.39184,0.83317,1.40850,-0.06603,-0.71418,-0.18998,0.14130,1.18831,-0.45130,0.02378,0.18598,-0.43408,-0.60902,-0.55181,0.53227,1.07116,0.21037,0.36646,0.91751,0.02166,0.54425,-0.79457,-0.72800,-0.33629,-0.64984,-0.75392,0.36533,0.86979,0.75065,0.19964,-0.68754,-0.66910,-0.66528,-0.33349,0.44294,1.14596,-0.28652,-0.37649,-0.19956,-0.25046,0.65609,0.51711,-0.48126,-0.21809,0.32975,-0.44248,-0.10294,0.28982,0.33139,0.10728,-0.53345,-0.72870,0.22372,0.63468,0.66688,-0.00492,0.80720,0.20737,-0.45824,-0.25976,0.22128,-0.50697,2.21299,0.02013,-2.30659,0.57735,0.13962,-0.27332,-0.58135,0.45344,0.61756,-1.12274,-0.22405,-1.38100,-1.04242,1.67708,1.88199,-0.70019,-1.40959,0.10839,-1.04272,-1.85244,-0.71279,0.04939,-1.82385,-1.09507,-0.26777,-1.37328,1.54875,1.97618,-0.65756,-0.47884,-0.11509,-1.14102,-1.99527,-1.74192,1.86264,-1.77140,-0.92408,-2.11985,-1.86694,1.50335,1.88924,-0.63916,-0.49421,-0.36455,-1.24978,-1.95969,-0.79408,1.87962,-1.90654,-0.92017,-1.35227,-2.27719,1.14248,2.23562,-0.82747,-0.22425,-0.01711,-1.88938,-1.60413,-1.06505,1.58979,-2.43408,-0.44187,0.09000,-2.74616,0.63792,2.10854,-0.73623,0.55186,0.75976,-2.14015,-1.28210,-1.75304,-0.48649,-1.18972,1.41942,0.15302,-2.79249,-0.51569,1.49998,-0.15700,-0.32580,1.39015,-1.80361,-0.01050,0.77584,-0.56213,-1.29358,0.41152,-0.55477,-2.50064,-1.38037,1.24551,0.94967,-2.09558,1.01926,-1.92207,-1.00373,0.50847,1.21329,-0.18758,0.69361,0.98421,-1.39364,0.69476,-1.21790,-0.28105,2.41806,-0.84188,1.05015,-1.16308,2.27509,-0.82170,-0.82211,1.39535,-0.05297,-0.06004,0.53502,-1.76982,0.02363,1.27305,-0.18882,0.85723,-1.59580,1.44672,-1.64911,-0.26569,2.49629,1.99431,1.04589,-0.43588,-1.13172,2.06207,1.07052,0.21335,0.88813,-1.52935,1.65008,-1.31066,0.08495,-0.73414,-0.54750,0.41401,1.21593,0.81853,2.09969,0.50575,-1.85003,-0.90375,-1.24225,-0.86548,-0.77582,-0.20703,-0.78940,-0.42413,-0.49489,1.71808,0.83006,1.21990,0.77488,-2.01848,-0.69798,-0.93011,0.34904,-0.85642,0.21376,-2.25022,-1.91468,-0.34759,1.60364,0.94844,1.01516,0.89734,-2.05257,-1.14743,-0.18222,-0.40422,-1.01685,0.62496,-2.02507,-1.64873,0.12743,1.31684,1.05759,1.24445,1.21067,-1.93470,-1.22142,-0.61834,-1.03955,-2.01957,1.57450,-1.29228,-1.75317,0.56104,-0.22248,1.14874,2.02275,1.30236,-0.98351,-1.30268,0.29911,-0.52461,-0.85093,0.35706,-0.30750,-1.53001,0.29311,-0.82479,1.26140,2.38217,-0.25056,-0.47596,-0.94767,0.33890,-1.33291,-1.74227,0.27513,-0.67936,-0.65140,0.59043,-1.27320,1.05423,2.49831,-0.13372,-0.11616,-1.16097,0.31209,-0.97287,0.32703,0.09474,-1.84702,-1.02976,0.74652,0.12019,0.84610,0.28213,0.50423,-0.03974,-0.73504,-0.14647,-0.73581,-0.91195,-0.71487,-1.00098,0.09407,0.47052,1.02549,1.04449,0.58200,0.97850,-1.07541,-1.54706,-0.65091,0.05592,-1.94769,1.22108,-0.32298,-1.42372,0.36638,1.86941,0.82616,0.29451,0.52180,-1.70213,-0.92161,-0.99072,-0.31880,-2.09220,2.09414,-0.37940,-1.83069,-0.08850,1.75745,0.61869,0.35357,0.30002,-1.69018,-1.17750,-0.47925,0.10077,-1.05277,1.46014,-1.55238,-0.92360,0.13528,1.71412,0.53891,0.28803,0.26911,-1.78338,-0.91215,-0.38465,-0.27271,-0.43229,0.91121,-0.98111,-0.69277,0.25922,1.50091,0.54818,0.41738,0.85266,-1.94064,-0.48721,-0.81169,-1.16267,0.31599,0.16156,-0.43945,-0.42212,0.27979,0.51703,0.74452,1.31872,0.99136,-1.87354,-0.11503,-1.80304,-1.45000,1.19087,-0.48273,0.96491,0.32105,-0.37346,-0.96069,0.40542,1.71241,-0.10891,-1.16056,-0.72234,-0.27856,-0.83867,1.50756,0.85719,-0.01085,1.32543,0.21905,-1.49294,0.65916,1.47746,-0.69260,-0.56358,-0.60548,0.30736,-1.08323,1.60263,0.13550,0.89853,0.84847,-0.25950,-1.85959,0.33954,1.66590,-0.94092,-0.29648,-0.70694,0.47949,0.34533,1.99187,1.03754,0.39700,0.17559,-0.38497,-1.00688,-0.36484,0.37195,1.42571,-0.23332,-0.41231,0.80128,-0.92084,0.79708,0.93070,-0.09650,-0.09223,0.17465,1.01092,-0.80911,-1.66830,2.21044,-1.31397,-0.06745,0.39457,-0.47189,1.55987,0.89793,-0.10479,-0.77230,0.83179,-0.24014,-1.51611,-0.46338,2.77663,-0.96258,0.63217,2.15465,-0.26563,0.97532,2.62237,0.27919,-0.21017,0.82442,-0.62014,-1.16687,-0.57082,1.81632,-0.04019,0.65721,1.18212,-0.52622,-0.50143,1.98171,1.34096,0.19863,1.53205,-0.80271,-1.19062,-0.59557,0.51121,0.22603,1.34997,1.76751,1.65789,0.16853,1.08093,-0.64368,-0.64461,1.83081,-1.12964,-1.04192,-0.27103,-0.77978,0.39796,0.64696,1.39888,2.15939,1.13356,1.53194,0.51931,1.37991,0.18694,-1.06797,-1.26279,-0.46071,-0.28518,0.63957,1.02886,0.96004,1.40226,0.48017,1.13358,1.17889,0.15215,0.93621,-1.25674,-1.25934,-0.69799,-0.96733,1.00497,1.26706,1.90822,2.52165,0.89321,0.45765,-0.24181,0.74367,1.18301,-1.25984,-1.24642,-0.22433,-0.99326,0.82883,1.09991,1.61890,2.01303,0.76003,0.35934,1.06952,0.88479,0.76422
# [39/100] 'pokedex' OK
pokedex,0.13618,-0.24380,-0.65877,-0.02136,0.50743,0.18318,0.50589,0.18256,0.29536,-0.63790,-0.76811,0.00855,-0.91272,-0.02153,-0.62977,-0.67529,0.23854,0.68233,-0.00099,0.14059,-0.00679,0.23053,-0.59295,-0.11450,0.66776,1.32500,0.02624,-0.53682,-1.04664,0.05068,0.89758,0.50118,-0.08722,-0.34335,0.34046,-0.55008,-0.25446,0.39201,-1.17218,-0.08027,-0.33971,-0.81372,-0.01424,0.77263,1.08030,0.78652,-0.25423,-0.40744,-0.87290,-0.67717,0.73667,0.31982,-0.15557,-0.51936,-0.66561,0.38572,0.99441,1.12379,0.29900,0.15804,-0.42500,-2.23023,0.14052,1.22498,0.21484,-0.08315,-0.10089,-0.54196,-0.80953,0.57032,1.06645,0.35147,-1.33805,-0.38220,-0.98613,0.81005,0.91140,-0.54744,-0.11277,-0.42189,-0.68860,-0.42885,0.70190,0.77404,-0.00641,-1.16020,-0.34968,-0.45182,1.05593,0.30155,-0.38141,-0.20358,-0.56052,-0.62853,0.51929,1.35656,0.85937,0.32958,-1.36583,-1.00489,-0.13724,0.18341,-0.13942,-0.23618,-0.31793,-0.68687,0.28701,0.98719,0.67264,0.45590,-0.30339,-1.43365,-0.49775,-0.72607,-0.61086,-0.13905,0.82022,-0.10860,-0.56650,-0.50125,0.53500,0.95559,1.05201,0.45411,-1.17366,-0.12094,-0.65444,-0.93319,0.23376,0.03022,-0.17366,-0.19528,-0.53471,-0.76319,0.81638,1.40961,0.12840,-1.43531,-0.06129,-0.27398,0.89886,-0.14719,-0.07218,-0.01388,-0.31766,-0.28717,0.17896,0.40867,0.31372,0.09250,-0.08187,0.40173,-1.16901,-0.08647,0.58547,-0.32928,0.62054,-0.24662,-1.53040,-0.14466,0.38322,0.41441,0.85237,0.04792,-0.59949,-0.27789,0.30548,-0.25650,0.09442,2.29422,0.24668,-2.64470,0.00087,-0.21581,-0.24854,-0.00982,-0.12559,-1.41872,-1.33889,-0.10961,-1.04682,0.43994,1.71537,1.87231,-0.99608,-1.78614,0.16795,-1.28515,-2.24314,-0.51653,0.30011,-1.46101,-1.57008,-0.81387,-1.49721,1.52017,2.00517,-0.92843,-1.52646,-0.16401,-1.02732,-2.72866,-0.28712,1.63102,-1.71593,-1.13836,-1.71724,-2.87582,1.46971,1.98285,-1.06552,-1.18793,-0.34369,-1.41096,-2.22783,-0.47050,1.88153,-1.68796,-2.25947,-0.31424,-1.64674,0.72262,1.94065,0.00689,-0.85186,0.30765,-2.05700,-2.19352,-1.46007,1.69145,-0.92590,-1.56722,1.04307,-2.03197,-0.45416,1.58653,1.00455,-1.70683,0.70339,-1.02152,-1.44355,-1.00198,2.19034,0.45805,-1.80716,-0.06332,-1.69190,-0.97386,1.31261,1.14379,-2.18845,0.27290,-1.31514,-0.39152,-1.01544,1.76364,0.54107,-0.01230,0.87495,-0.69168,-0.75412,0.25859,1.56039,-2.53747,0.72164,-0.96665,-0.64989,0.05747,0.81870,0.69311,-0.73442,0.46650,-0.36514,1.48699,-1.86395,-2.02085,1.62249,-1.28908,1.42661,-0.68891,-0.20191,1.20733,0.48482,0.25545,2.35455,-0.89719,0.73558,-1.34606,-0.32481,-1.31428,-0.65589,1.70962,-0.09046,0.28337,0.51395,-0.90316,0.12446,1.21062,-0.19977,0.50047,-0.43198,1.27541,0.30539,-0.68088,1.08619,-1.34590,0.09904,-1.06766,0.42344,-1.07171,-0.18836,-0.20828,1.59571,0.81686,0.76314,0.73670,-1.93440,-0.59893,-1.30616,-0.42509,-1.04370,-0.33169,-0.85310,-1.31454,-0.33615,1.59527,0.97584,0.67615,1.08493,-2.18601,-1.02523,-0.83447,0.35278,-1.46605,0.44991,-1.79607,-1.95349,-0.95633,1.31244,1.04128,0.94725,1.26104,-2.03325,-1.39970,-0.98273,-0.02146,-2.41891,0.99393,-0.62792,-1.40515,-0.39815,0.52536,1.16126,1.54535,0.94831,-1.19462,-1.22345,-0.42357,-0.43846,-2.39796,-0.12519,0.16580,-1.77079,0.11182,-0.34239,1.34326,2.37907,0.14294,-0.56339,-0.93393,-0.23911,-0.56913,-0.77853,-0.64773,-2.13739,-0.84229,0.73736,-0.46989,1.28205,2.53949,0.63664,-0.53295,-0.74047,-0.96938,-2.21478,-0.36207,-0.94104,-0.08010,-0.64596,-0.27179,-0.03796,1.15739,0.93577,0.18843,-0.30476,-1.36798,-0.15272,-1.03276,-0.63298,0.18224,-0.25369,-1.28879,0.16297,1.13912,1.08927,0.46079,1.14992,-1.42211,-2.24060,-0.43819,-0.39104,-1.50171,1.33054,-0.78185,-1.37991,0.81715,1.68068,0.97138,-0.00488,0.38410,-1.70138,-1.32705,-0.66185,-0.71643,-1.55064,1.58392,0.13648,-2.25703,-0.23761,1.58218,0.87094,-0.16907,0.60756,-1.91626,-1.14622,-0.76222,0.71373,-1.40286,1.40424,-0.90435,-2.07207,0.88238,1.45800,0.91412,-0.24817,0.71958,-1.77641,-1.20562,-0.61338,0.38494,-0.77173,0.67976,-1.01319,-1.27294,0.54505,1.33094,0.80547,0.16672,0.73307,-1.94337,-0.70291,-0.62016,-0.60804,0.17316,-0.17411,-0.85587,-0.75521,0.62574,0.79095,0.89019,0.87162,0.94509,-1.87727,-0.99446,-0.72326,-0.78439,0.81205,-1.32904,0.57383,0.31294,0.43859,-0.42702,0.49609,1.52736,0.19560,-1.00738,-0.52103,-0.20876,-0.34982,1.00826,0.52753,0.89989,0.00490,-1.48981,-0.86277,0.61208,1.18517,-0.95620,-0.31784,-0.67058,-0.10100,-1.18882,1.13527,1.76453,0.31181,0.13245,0.18882,-1.18267,0.45976,1.34757,-1.36795,-0.18092,-0.75652,0.51379,-0.02579,1.16920,1.61891,0.52167,0.15815,-1.12440,-0.41655,0.00561,-0.45468,1.52894,0.27880,-1.09146,-0.32254,0.70845,0.28008,-0.12787,0.30105,-0.13307,0.10623,0.91012,-1.09978,-2.52329,1.68450,-0.36824,0.00383,0.66646,1.55327,1.20339,0.58580,0.57253,0.37518,1.04990,0.31257,-1.28481,-1.10025,3.12116,-1.11328,0.63747,1.86758,-0.72171,-0.24783,1.15706,1.67495,0.57572,0.52111,-0.22733,-1.39985,-0.54171,0.29150,-0.28132,0.58934,1.65433,1.63491,-0.16361,0.55210,1.08621,0.71770,1.50242,-0.63835,-1.50886,0.04556,0.25217,0.49769,1.25636,1.68431,1.02137,-1.27026,1.87136,-0.48434,0.67333,1.08204,-0.75533,-1.40715,-0.06103,0.62413,0.53273,0.62943,1.08345,2.50783,0.00388,1.95617,0.46862,-0.88025,1.82691,-0.87345,-1.26846,-0.64491,0.65540,0.92555,0.60905,1.52229,0.84980,0.22572,2.34850,-0.39432,0.71218,-0.17250,-0.77827,-0.87976,0.37520,-0.34471,0.64783,0.80749,0.38633,0.76411,0.33772,0.90779,0.57497,-1.12296,-0.29871,-0.90523,-1.18627,-0.10904,-0.43142,0.50630,0.62505,1.84353,1.90108,-0.82004,0.53158,0.21570,0.25002,2.26495,-0.91289,-1.34370,-0.09906,-0.58411,0.69675,1.49759,0.85759,2.11248,-0.57038,-0.93777,0.52613,0.42218,1.69165,-1.02665,-1.19887,-0.13269,-0.45681,1.05363,0.91239,0.81568,2.28984,0.75036,0.91045,0.88395,-0.02234,0.91364,-0.76522,-0.80592,0.30165,-0.04620,0.45759,0.98254,0.82135,1.26354,-0.05204,0.22306,-0.05206,-0.35210,0.29924,-0.76146,-0.35080,0.46304,0.73282,0.52813,0.49569,0.30529,-0.17033,0.07632,-1.07533,-0.01158,0.10912,0.48038,-1.30773,-0.53668,0.05090,-0.23605,0.84417,0.74362,0.18547,1.27261,0.72523,-0.29861,2.12011,1.60901,0.35658,-1.41958,-0.31481,0.01673,-0.24415,0.95459,0.52766,1.02753,0.23091,0.52856,-0.14019,1.07384,1.68872,0.50650,-1.31186,-0.34112,0.23253,-0.02617,1.30718,0.81201,1.18004,-0.70497,0.11665,-0.06951,0.57094,0.29002,-1.17410,-1.15340,-0.14164,0.25953,-0.94109,0.72935,0.97714,1.20596,0.58214,-0.62685,-1.02117,1.23614,0.86256,-0.89534,-1.36413,-0.47059,-0.11496,-0.82710,1.11005,0.53222,0.77893,0.48636,0.76359,-0.11926,0.72396,1.68014,0.78484,-1.40350,-0.68239,0.02607,-0.11180,0.76858,0.15788,0.66014,0.68048,0.81910,0.58996,1.16451,0.95009,2.25643,-1.28462,-0.47415,0.11627,-0.85149,1.10619,0.61216,0.23054,1.07222,0.83910,0.36853,2.61331,0.85374,-0.46552,-1.38006,-0.39495,0.24578,-0.74217,1.16622,0.41410,0.53867,0.82386,0.17945,-0.20633,1.77035,0.90496,0.18034
# [40/100] 'pokedex' OK
pokedex,-0.01514,-0.13660,-0.59714,-1.18019,0.65784,0.68709,0.22114,-0.27821,0.59542,-0.45606,0.89637,-0.15915,-0.46252,-0.23074,-0.49478,-0.73627,-0.47692,0.94427,0.80231,1.23886,-0.00198,-0.57064,-0.85110,-0.48248,-0.48141,0.14386,-0.46564,-0.28084,-0.65867,-0.83836,1.26849,0.28500,0.35759,-0.32651,0.80003,0.61232,-0.19223,-0.19564,-0.06508,-0.29974,-0.41125,-0.57036,0.06119,0.50278,0.24177,0.80873,0.43756,0.17674,0.39224,-1.19899,0.79511,0.82814,-0.33891,-0.39016,-0.62823,0.04832,0.53516,0.57813,0.66176,-0.01462,-1.23293,0.41489,1.34523,1.46448,0.12373,-0.29154,-0.60748,-0.49269,0.31349,1.03590,0.55252,0.10637,-0.54975,0.52886,-0.18637,-0.73173,0.06072,-0.92498,-0.46370,-0.62598,-0.36398,0.09999,0.90791,0.69907,0.97248,1.14871,-0.68014,-0.24339,0.66633,-0.42435,-0.32457,-0.41000,-0.58444,-0.58752,0.10274,0.91369,0.81096,0.20740,0.83144,-0.07515,-0.45973,-1.17610,-0.23589,0.51280,-0.29911,-0.67634,-0.40081,-0.75229,0.68516,1.06385,0.44871,0.73708,0.08585,-0.16670,-0.36901,0.73797,0.08062,-0.33064,-0.48704,-0.83817,-1.63240,0.54061,1.34342,0.78824,-0.14179,0.03857,0.16463,0.55927,-0.46177,-0.42762,-0.30652,-0.23797,-0.90123,-0.57619,1.06220,0.68042,0.91403,-0.68570,-0.91585,-0.02965,-1.53160,0.74961,0.33572,-0.28097,-0.33690,-0.72609,-0.44520,0.71389,0.66802,0.24244,-0.71930,0.54705,0.14263,-0.46514,0.31250,0.28899,-0.34315,-0.46421,-0.57275,-0.34952,0.90131,0.68807,1.14135,-0.75629,-0.12770,-0.31043,0.00094,0.24704,0.30648,-0.36480,-0.27693,-0.32289,-1.61062,0.63171,0.81913,0.80008,-0.42421,-0.18416,-0.39382,-0.28476,0.29562,0.87462,-0.37196,-0.18570,-0.38637,-1.09694,0.84004,0.72014,0.04376,-1.42367,0.11185,-0.63320,-0.04058,1.45185,0.54526,-0.32150,-0.45138,-0.40392,-0.67552,0.45979,0.88934,0.32481,-0.75207,-0.34638,0.38154,0.96866,0.47857,0.37295,-0.31697,-0.28596,-0.70799,-0.38734,0.95024,0.72321,0.46680,-0.11068,0.30623,-0.79564,-1.01856,-0.03467,0.05545,-0.28635,-0.50863,-0.28265,0.08014,0.91327,0.69717,0.22854,-0.47259,-0.08592,-0.43474,-0.05521,0.41545,0.53487,1.13397,0.05969,-1.33945,-0.16066,0.40805,-0.57330,-0.43475,0.02034,0.83765,-1.25485,-0.32533,0.25150,-0.76133,2.26952,0.63683,-1.41265,0.35588,0.17597,-0.88906,-1.35960,-0.19871,0.55157,-2.02529,-1.10298,0.23609,-1.81447,2.30723,1.96212,-1.23452,-1.51841,-0.09238,-0.69848,-2.51530,-1.09409,0.53340,-2.43345,-1.00711,-0.72132,-1.32203,1.97281,1.88766,-1.15933,-0.53998,-0.02976,-1.75099,-2.04935,-0.35748,1.69837,-2.28039,-1.22447,-0.16792,-2.80201,1.83096,1.72516,-1.09779,0.91875,-0.56948,-2.14337,-1.68781,0.23346,0.98513,-2.50678,-0.23215,0.43918,-2.64550,0.64290,1.76179,0.10001,0.78339,0.25683,-2.42351,-0.97242,-0.73794,-0.43121,-1.30727,1.50707,0.06641,-2.84092,-0.86865,1.41743,0.85101,-0.36468,0.47089,-1.68223,-0.44790,0.15454,0.45698,-0.88801,0.46033,0.82607,-2.46836,-1.54457,0.89533,1.46743,-1.88594,0.28743,-1.93191,-0.77229,-0.16824,1.70274,-0.45688,1.08106,2.55091,-0.67399,-0.94264,-0.24020,1.32267,0.25352,-0.15871,-0.76390,-0.77151,0.16976,1.14592,-0.03388,1.19490,1.01333,-0.40817,0.82549,-1.45391,-0.53389,1.50509,-0.53897,0.82937,-1.51703,0.42614,-0.40598,0.27902,1.81904,0.81685,1.08705,0.12961,-1.11823,0.54858,-2.16090,-0.70648,0.86727,-0.22846,2.01244,0.05450,1.59225,0.39113,-0.64658,0.08666,0.09358,0.19381,2.70082,1.28585,-0.86099,-0.37955,-1.53969,0.52373,-1.97828,0.38921,-1.73518,-0.78277,0.84474,1.13909,1.31530,1.08141,-0.00373,-1.35690,-0.87220,-1.33224,0.14821,-1.52991,-0.11195,-1.08182,-2.47449,0.61446,1.43495,1.26794,0.81535,0.81790,-1.90525,-1.49563,-0.76025,-0.13257,-1.53533,0.74859,-1.12767,-2.04846,0.55918,0.93018,1.24678,1.12214,2.13820,-1.90193,-1.69539,-1.31418,0.12838,-1.65290,0.65231,0.11194,-1.88233,0.94500,-0.48998,1.37079,2.21006,-0.13524,-0.60837,-0.85531,-0.45485,-0.74402,-2.41610,-0.37825,0.51739,-1.04138,1.27591,-1.03081,1.36936,2.12318,-0.73540,0.33657,-0.71988,0.60169,-0.80435,-0.81720,-0.75940,-1.81805,-1.56949,-0.34520,-1.15727,1.60422,2.60558,-1.33283,-0.14552,-0.69232,0.09156,-0.53524,-2.26492,0.12193,-0.33283,-0.73400,-0.50912,0.00774,0.76868,0.60507,0.96519,0.55111,-0.24536,-1.20662,-0.91817,-1.04667,-1.57006,-0.38206,-0.11179,-0.31144,0.66019,1.12083,0.46300,0.54341,-0.87484,-1.39111,-0.28665,-0.75954,-1.49687,1.11743,-0.28954,-1.42422,0.24457,1.58751,1.07065,0.44765,1.30236,-2.13723,-1.22060,-0.88747,-0.53339,-1.57156,1.76472,-1.13172,-2.26841,1.07151,1.89855,0.93245,0.12375,0.79699,-2.16673,-1.19206,-0.41309,-0.45782,-1.39335,1.59443,-1.19849,-1.67582,0.65777,1.93351,0.78487,0.51347,-0.02214,-2.25207,-0.79010,-0.62114,-0.69281,-0.63055,0.77699,-1.18938,-0.88183,-0.42733,1.74136,0.85956,0.45938,0.87116,-2.74108,-0.25038,-1.37303,-1.08303,0.41229,0.17854,-0.41200,-0.70585,-0.26126,0.81299,0.65544,1.11323,1.19790,-2.07675,-0.43063,-1.10092,-2.49596,2.02130,-0.00604,-0.51062,0.98746,-1.06734,-0.90536,0.50784,0.99946,0.72789,-0.92603,-0.27200,-0.54807,-2.18181,1.06442,0.69627,0.22003,1.30727,0.05534,-1.16764,0.62479,1.42326,-0.95357,-1.05243,-0.65081,0.32443,-1.25692,1.88940,0.37309,-0.66689,1.33019,0.52415,-1.54000,0.71135,1.51893,-0.42717,-0.33600,-0.68047,0.29838,-1.88927,1.20134,1.23257,-1.00924,0.51879,-0.97499,-0.80533,-0.27780,-0.11185,1.00428,0.55988,-0.33708,-0.18408,0.36046,0.86189,-0.09835,1.24806,0.12901,-0.77711,1.12770,-0.96147,-2.04620,2.40632,-0.63627,0.38311,0.01888,0.46404,0.49039,-0.36369,1.14196,1.38797,0.53576,0.30169,-1.42944,-0.54613,2.99873,-0.83773,0.61143,1.59467,0.40244,0.30988,1.05096,1.49843,0.04178,-0.22334,-0.16092,-1.24371,-0.76203,-0.08007,-0.23262,0.73847,1.79123,1.13283,0.69258,0.59863,0.28365,0.18982,1.54515,-0.33514,-1.35101,-0.55683,0.13852,0.82970,0.88321,0.57609,0.54048,0.10718,0.83856,-0.09147,0.16665,0.90570,-0.60348,-1.29988,-0.58690,-0.30665,0.95061,0.71572,1.20682,0.29609,0.33242,1.88370,-0.07933,0.29946,1.04770,-0.41908,-1.28143,-0.11600,-0.46540,0.68663,0.53096,0.76357,0.78409,-0.32275,1.74564,0.97157,-0.86573,1.41003,-0.50843,-1.08426,-0.25705,-0.93165,0.75631,1.50488,1.14029,0.79822,-0.08347,0.27913,-0.89682,-0.31628,0.62610,-0.78187,-1.27267,-0.31001,-0.53944,0.58898,0.85829,0.73561,0.90679,0.69847,1.51598,2.54252,0.79032,1.07838,-1.06498,-1.06184,-0.24425,0.34764,0.72437,0.88735,0.69135,2.24821,0.06450,0.03812,0.87593,1.96656,1.43353,-1.06992,-1.27342,-0.30321,-0.14279,0.81602,1.52305,2.37777,1.91239,0.33446,0.33705,0.34960,0.25445,-0.24624,-1.08792,-1.07020,-0.24142,-0.13223,0.73018,0.96595,1.36541,1.77922,-0.16507,1.16206,0.35689,-0.50044,0.54264,-0.90946,-1.18117,-0.14039,0.34091,0.57169,1.11901,0.31371,2.32293,0.48380,0.37421,1.15773,-0.71882,0.13348,-0.48279,-0.77381,-0.84107,-0.51224,0.18538,0.74578,-0.26480,1.35884,1.19760,-0.92051,2.05205,0.18818,0.72785,-1.16795,-0.93366,-0.59673,0.96681,0.79368,0.91418,1.17894,1.41993,0.64216,-1.09380,1.17349,0.76364,0.12875
# [41/100] 'pokedex' OK
pokedex,-0.01243,-0.18859,-0.51426,-0.25586,0.66655,0.50523,0.69656,-0.62584,-0.19450,-0.23112,-0.78324,0.91305,0.06222,-0.26015,-0.38428,-1.00507,-0.86490,0.90529,0.89241,0.26604,-0.84463,-0.66780,-0.30707,0.98920,1.32038,0.09882,-0.46285,-0.77328,-0.16814,0.36768,1.05520,0.94307,0.31836,-0.16077,-0.13514,-0.69571,-1.08280,-0.25022,1.02389,-0.20244,-0.40144,-0.85843,-0.63485,1.07911,1.07313,1.08023,-0.00751,0.33397,0.37458,0.65327,-0.11089,-0.38200,-0.27642,-0.59873,-0.75355,-0.47689,0.69777,0.08392,0.61901,0.58991,0.09997,-0.02754,1.20642,0.32938,0.44488,-0.38179,-0.73840,-0.59248,-0.62010,0.78051,0.80167,0.45884,-0.44990,0.89122,-0.18787,0.06601,1.38194,1.40065,-0.07956,-0.37113,-0.42635,-0.32369,0.92109,0.49689,0.47221,-0.21457,0.23590,-0.03421,-0.83245,-0.24991,-0.11986,-0.23733,-0.36067,-0.20724,-0.99547,0.69928,0.46269,0.22198,-1.06686,0.31581,0.78256,-0.41065,-0.05871,0.49232,-0.48953,-0.48063,-0.13832,0.21065,0.92152,1.23798,-0.02610,-0.87528,0.08754,-0.59294,0.63863,-0.27011,0.07834,-0.27823,-0.13070,-0.32084,-0.16986,0.37853,-0.07052,0.68189,-0.47900,-0.34177,-0.35753,-1.78289,0.22173,0.11875,-0.31062,-0.42974,-0.42680,-0.52309,0.55578,0.75781,0.81962,-0.90726,-1.40640,-0.36622,0.53570,0.40982,0.34781,-0.27676,-0.55583,-1.00955,-0.21022,0.83005,0.57129,-0.33221,-1.25667,-0.58355,-0.55231,1.05940,1.05864,1.00979,-0.19296,-0.60882,-1.07123,-0.44579,0.32122,0.53986,0.98594,0.91411,1.35680,-0.31942,-0.34708,0.68993,0.23934,-0.26743,-0.47324,-0.76951,-0.15913,0.93537,0.64604,1.14984,-0.94949,-0.82435,0.13502,-0.01187,0.10984,0.64490,-0.22899,-0.44273,0.03034,-0.48473,0.68765,0.72661,0.77295,-0.39682,-0.37441,-1.29578,-1.29245,0.71060,0.85076,-0.40255,-0.52585,-0.55236,-0.08475,0.85412,0.82280,0.33141,-0.20062,-0.59764,-0.44054,-0.44451,1.28049,0.61584,-0.25613,-0.50627,-0.49703,-0.38150,0.93456,0.49540,-0.40878,0.61791,1.07996,0.00482,-0.29098,0.05325,-0.67674,-0.21291,-0.32348,-0.54710,-0.68552,0.88367,0.59343,-0.27732,-1.21124,0.33465,-0.53368,-1.09737,0.20888,0.36339,2.18295,0.07275,-1.49996,-0.77052,0.19147,-0.21257,-1.84126,-0.85929,0.95571,-1.61297,0.27569,0.75324,-1.03191,1.71571,1.79188,-0.88258,-0.81574,-0.15576,-0.65838,-1.45674,-1.05176,0.08232,-2.03104,-2.17581,-0.01534,-1.74543,1.71655,2.13239,-1.33054,-0.75310,-0.02147,-0.94397,-1.95652,-0.91569,0.64185,-2.28064,-1.10673,-0.16517,-2.41075,1.67968,1.90168,-1.17213,-0.06521,0.09119,-1.81201,-1.91092,0.17294,0.34790,-2.28617,-0.29734,0.13156,-3.05235,1.08133,1.79698,-0.06793,1.27439,0.08353,-2.34631,-1.23888,-0.79567,-0.32147,-1.86767,0.47435,0.00713,-3.56323,-0.42578,1.62164,0.78861,0.49835,1.38266,-1.64231,-1.00960,-0.61231,-0.88431,-0.94912,1.29474,0.15613,-2.73555,-1.03229,1.18410,1.01036,-1.87971,0.75556,-1.77234,-0.84745,-0.35226,1.37367,0.51390,0.22324,1.29589,-0.70379,-1.25755,1.00811,1.31726,-0.66928,0.96727,-1.61566,-1.13339,-0.44872,1.10571,-0.05161,0.04272,1.53809,-0.79786,1.66699,-1.25585,-0.88103,1.07663,-1.42306,1.46767,-0.69171,0.44762,-1.10088,-1.41867,0.76993,0.82199,0.15483,1.37195,-1.05211,-0.32494,-1.91048,-0.70908,1.20492,0.05306,0.70613,0.47201,-1.81020,-1.47447,-0.58102,0.32004,0.97228,0.58773,2.12407,1.06345,-1.40814,-0.16434,-1.72313,-0.81697,-1.43322,-0.47162,-1.28123,-0.85582,-0.30191,1.48742,1.08021,1.38912,1.46758,-1.74821,-0.91241,-1.51788,-0.83265,-0.77464,-0.46876,-1.09783,-2.86129,-0.32733,1.49348,1.17613,1.03764,0.89463,-2.02428,-1.06499,-0.84073,-0.81449,-1.07360,0.34388,-1.35851,-1.92627,-0.56004,1.11111,1.16064,1.33496,0.93895,-1.45509,-1.38174,-1.32555,-0.41179,-2.44713,1.13019,-0.60881,-1.88960,-0.03857,-0.41713,1.33536,2.03937,0.72885,-0.18735,-0.79390,-0.92082,-1.32478,-1.29769,-0.32754,0.14012,-1.23195,-0.25777,-0.89548,1.25123,2.29485,-0.49814,-0.41462,-0.60223,-0.38818,-0.78469,0.34051,-0.27885,-1.53732,-1.13208,-0.20741,-1.06264,1.17109,2.60177,0.70167,-0.23830,-1.15516,-0.68265,-1.22047,-0.57156,0.40756,-0.57303,-0.63344,-0.93732,0.31880,0.47419,-0.40403,0.48409,0.22690,0.16275,-0.70819,-0.04426,-1.06043,0.03118,-0.75955,0.25896,0.87616,1.47583,0.94586,0.27873,1.92856,-1.60408,-1.58594,-1.21979,0.75133,-2.13966,0.77771,-0.39414,-2.27959,0.88868,1.68608,1.12900,0.09209,0.67922,-2.04393,-0.98106,-1.24789,-0.30879,-1.88325,1.45576,-0.42525,-2.06671,0.20716,1.72476,0.87024,-0.00748,0.40132,-2.06257,-0.96765,-0.64516,0.06117,-1.47292,1.17019,-1.30765,-1.68398,0.59015,1.54212,0.89340,-0.03206,0.69337,-2.04902,-1.03538,-0.23897,-0.51677,-0.47153,0.41433,-0.56487,-1.79550,1.00407,1.08853,1.11359,0.51182,0.52538,-2.01468,-0.96549,-0.51114,-1.43485,1.05336,0.12207,-0.21310,-0.73323,-0.45662,-0.16220,0.86881,1.96590,0.86187,-1.77772,-1.06764,-0.62328,-1.11025,2.26865,0.57273,0.41205,-0.62398,-0.36860,-0.96202,0.57535,0.88963,-0.72324,-0.75425,-0.89972,0.06259,-0.32902,2.00838,2.47837,-0.46837,0.67398,-0.33073,-1.20001,0.60726,1.00573,-0.95964,0.02213,-0.95390,-0.43332,-0.25442,1.60646,0.67337,0.77529,0.52667,0.08184,-1.64687,0.41085,1.83976,-0.91973,-0.06512,-0.98850,0.04187,-0.47311,1.18801,0.83959,0.74391,0.35313,-0.36446,0.29137,-0.66275,-1.70967,3.38507,-1.48581,-0.55903,1.45073,0.50395,1.23545,-0.22974,0.34658,0.68514,0.35909,0.79833,-0.82876,-1.95817,2.72295,-0.94060,-0.15883,0.78073,0.11681,1.47388,1.06503,0.59095,1.01386,0.04363,-0.05395,-1.38337,-0.91958,2.03756,-0.25553,0.51850,1.90266,0.06416,-0.66860,1.17905,0.19314,2.14541,0.72983,-0.65256,-1.26684,-0.56639,-0.31292,0.39780,0.69602,1.68464,1.01944,-0.35365,2.49940,1.10058,1.14341,1.19251,-0.62531,-1.24320,-0.10928,1.16044,0.66534,0.94620,0.37705,1.59054,-0.42203,0.77036,-0.27839,0.36333,0.99229,-0.57552,-1.27770,0.02575,-0.59161,0.63784,0.78355,0.68265,1.21350,-0.61344,0.50587,0.75084,0.66710,0.83901,-0.72618,-1.33012,0.06402,-0.38185,0.25972,1.03537,1.44629,1.17308,-0.03221,1.42001,-0.06523,-0.64388,0.24272,-0.43109,-1.30747,-0.31847,-0.42509,0.04769,0.80710,1.04080,2.12470,0.50184,1.71660,1.10969,-0.58640,0.25916,-0.79314,-1.35073,0.06362,-0.25417,0.49331,1.22462,0.88572,1.38267,0.96197,0.41409,-0.36568,0.29328,1.17611,-0.95935,-1.09695,0.05336,-1.18669,0.57893,1.03514,1.51443,2.48425,-0.06331,0.09427,0.77900,0.27349,0.33437,-1.10514,-0.86926,0.15804,-0.96354,0.83342,0.81763,0.35878,1.32406,-0.35583,0.27383,2.34348,0.44915,0.43957,-1.06862,-1.03402,-0.26815,-1.01192,1.41056,1.38551,1.20177,2.11157,0.39409,0.21758,0.99790,-0.01271,0.36603,-1.25619,-1.09450,0.10087,-0.28447,0.22170,1.39969,0.49836,2.16923,0.00493,0.06723,3.19258,-0.31379,1.07292,-1.13063,-0.87989,-0.00557,-0.44602,0.30586,0.46704,1.01144,1.67409,0.05219,-0.16263,0.98706,0.69466,1.11253,-0.75037,-0.32901,-0.38347,-0.31470,0.19231,0.86761,0.81008,0.73997,0.64130,-0.42967,1.03108,-0.06083,0.43415,-1.38621,-0.60414,-0.31799,-0.64854,0.96621,0.84247,1.47902,1.40631,1.12095,0.16771,1.00606,0.09888,-0.13835
# [42/100] 'pokedex' OK
pokedex,0.16380,-0.17678,-0.44688,-0.03398,0.88658,0.67218,-0.11274,-0.46444,-0.73844,-0.63186,0.25234,-0.63825,-1.07981,0.00232,-0.07329,-0.79714,-0.40434,1.01460,0.84733,0.44742,-0.87723,-1.09986,-0.51461,-0.14494,0.13749,-0.47010,-0.03960,-0.35884,-0.88892,-0.20454,1.19062,0.49823,0.39535,-0.44061,0.27192,0.10393,-0.66107,0.03081,-0.11662,-0.12112,-0.27391,-0.13941,-0.58443,0.92016,1.02750,0.55643,-0.59729,-0.87930,-0.40361,-0.55846,0.27439,-1.72079,-0.19976,-0.70096,-0.90022,1.11747,0.79542,0.74117,0.46760,0.22490,1.25133,-0.05154,-0.31876,-0.13025,-0.26606,-0.10883,-0.24073,-0.38148,-0.14665,0.39699,0.25580,0.31960,0.14379,-0.61478,-1.06686,-0.89655,0.14611,1.66011,-0.05670,-0.48518,-0.82809,-1.01510,0.45710,0.84076,0.98815,-0.63914,-0.06410,0.02671,0.55615,0.18428,-0.04644,-0.07965,-0.54253,-0.69305,0.00710,0.59487,0.63219,0.09964,-0.84817,-0.46735,0.03887,-0.41631,0.45885,0.61323,-0.21525,-0.80227,-0.58055,-0.37780,0.84233,0.67611,1.26215,-0.41547,0.27813,-0.39307,0.09821,0.98197,-0.33557,-0.11119,-0.76219,-0.60918,1.27589,0.88728,0.47048,0.06186,-0.17239,1.51257,0.22861,-0.32554,0.57467,-0.62593,0.08760,-0.48954,-0.94676,-0.62562,0.84045,0.25343,-0.00542,-0.91665,0.29908,0.92285,0.98939,1.00588,0.43211,0.36462,-0.45447,-1.20098,0.04419,0.74598,0.63520,0.74080,-0.35691,-0.51738,-1.01259,-0.94555,0.32655,0.75836,2.17158,-0.13288,-1.68803,0.72772,0.09040,-0.68419,-0.68392,0.96942,-0.77570,-2.33383,-1.64377,-0.38353,0.27617,1.70845,1.97538,-1.49017,-0.96404,-0.17780,-0.50536,-2.24859,-1.00625,-0.67099,-1.70799,-0.88191,-0.87710,-0.89443,1.64541,1.75586,-1.30119,-0.66239,-0.23489,-1.04822,-1.97675,-0.47274,0.67643,-1.84293,-1.23725,-0.84538,-2.24639,1.54776,1.83734,-1.48757,-0.22168,-0.22431,-1.32953,-1.65959,-0.87727,1.36112,-2.30596,-1.32257,0.05828,-2.90900,1.07870,1.82260,-0.59527,0.72998,-0.01141,-2.09883,-1.45243,-1.06533,0.70780,-1.74260,-1.02220,0.87971,-2.54050,-0.15866,1.59760,0.65775,-1.08296,0.75685,-1.30067,-0.56159,-0.81974,0.74619,-0.75034,-1.64906,-0.03946,-1.82768,-0.86211,1.08492,1.15551,-1.70596,0.20524,-1.25916,-0.61112,-0.52865,1.21093,-0.23584,-0.28894,1.53877,-0.10055,-1.20508,0.94218,1.75625,-1.32941,0.68118,-1.44896,-0.03885,-0.48584,1.05555,-0.38562,-0.81325,2.10012,-0.81780,0.45450,-0.92875,-0.59328,1.96159,-0.73174,0.91917,-1.04096,-0.01290,0.88792,-1.82098,1.58270,0.84810,-0.39225,0.70102,-1.58886,0.01386,0.55094,-0.47158,0.63611,-1.76207,1.07804,-0.86680,-0.72254,0.40938,1.62930,0.50483,0.31741,-1.64487,0.17036,-0.34714,-0.02316,0.43981,-1.01694,2.31844,-0.35120,0.65036,0.08145,1.00941,0.40837,0.92750,0.64674,2.09820,0.30509,-1.39407,-0.16479,-2.23696,-0.24370,-1.55590,0.43077,-1.28751,-0.88174,-0.63105,1.53571,1.01769,0.83669,1.32638,-1.92066,-1.08173,-1.10901,-0.72295,-1.33482,0.20913,-1.36734,-1.32408,-0.75769,1.54430,0.99726,0.79011,0.90883,-1.83698,-1.07118,-1.12472,0.11195,-1.18849,-0.24248,-1.12907,-1.93414,-0.11201,1.40132,1.12916,0.37397,1.36008,-1.44551,-1.55563,-1.38462,-0.06134,-1.83533,0.73344,-1.11081,-1.60869,0.78010,0.55602,1.31137,1.50967,1.83073,-0.99064,-1.57027,-0.98198,-0.87420,-2.54917,0.33867,0.28846,-1.85755,1.10632,-0.24115,1.25058,2.26168,-0.06074,-0.19872,-0.78821,0.55119,-0.59285,-1.27771,-0.71580,-1.66445,-1.31029,-0.63536,-0.50040,1.39680,2.32574,0.55786,-0.05794,-1.46585,-0.25032,-1.06848,-0.68448,-0.69019,-0.73806,-0.98635,-0.01408,-0.49541,1.03735,1.35084,0.17694,0.59780,-0.82710,-0.24300,-0.91453,-0.50014,-0.44653,-0.80524,-0.17433,-0.57554,0.85600,0.87138,0.44041,1.79584,-0.86814,-1.67002,-0.86210,-0.42541,-1.60859,1.29941,-0.19226,-1.60488,0.05702,1.65870,0.99466,-0.02122,1.28999,-1.78309,-1.18949,-1.06721,-0.78493,-1.67585,1.32957,-0.24285,-2.21080,-0.16270,1.62652,0.95480,-0.48905,1.04391,-1.95078,-0.96707,-0.82428,0.02509,-1.77078,1.70225,-0.73565,-1.55442,0.23478,1.51301,0.73120,-0.06446,0.51925,-1.89164,-1.09052,-0.51814,-0.14887,-1.09022,1.66040,-1.13872,-0.88826,0.50695,1.17187,0.87693,0.21251,0.67466,-1.96848,-0.74377,-0.93266,-0.90794,-0.13785,0.98687,-0.74681,-0.61741,0.76512,0.65501,0.93040,0.88448,1.40493,-1.85964,-0.67358,-0.84539,-1.69774,0.49324,0.02644,0.27769,-0.63101,1.36035,-0.40076,0.80951,1.77754,0.20586,-1.48410,-0.70001,0.12811,-1.80902,1.07096,0.54428,0.50218,1.11341,-0.01318,-1.06493,0.39321,1.67015,-1.32239,-1.05284,-1.25236,0.92081,-0.90034,1.36554,1.17576,0.44367,1.12058,0.01686,-1.23752,0.55619,1.38407,-1.17083,0.10469,-0.95622,0.42481,-0.52067,2.23638,1.60741,-0.18941,0.19847,-0.47106,-1.37137,0.35847,1.59429,-0.60106,-0.00643,-1.00208,0.38906,-0.96255,0.79353,0.85788,0.23534,0.67804,-0.61563,0.91390,-0.85913,-1.65117,1.84875,-0.99621,0.46623,-0.29132,0.40364,0.28393,-1.41269,-0.10214,1.40864,0.57464,0.64256,-0.98659,-1.20489,0.61026,-1.28361,0.71691,0.45640,1.66872,0.93986,-0.39468,0.88897,1.19889,-0.05185,0.19620,-1.38826,-0.70725,1.43378,-0.59924,1.11143,0.83921,1.37974,-0.14135,0.42319,0.09803,0.04083,1.66866,-0.18812,-1.40176,-0.70872,0.56388,-0.10782,1.06124,1.54305,1.54447,0.02045,1.65283,-0.42338,-1.28723,2.92504,-0.70254,-1.23810,-0.57586,-0.14519,0.28777,0.90136,0.45738,1.62962,0.72556,2.36659,1.69512,0.33061,0.34016,-0.68835,-1.08950,-0.48148,-0.41754,0.93781,0.75801,1.27989,1.56737,-0.41073,1.05173,0.20487,0.36955,-0.25252,-0.75464,-1.17589,-0.86337,-1.11746,0.73243,1.21897,1.22015,2.22276,0.28334,0.29397,1.70097,0.43022,0.61379,-0.77049,-1.02273,-0.24649,-0.33873,0.76411,0.93446,0.93858,0.75978,-0.63506,0.02149,1.02293,-0.14942,0.38295,-0.78898,-1.13866,-0.31048,0.10683,0.17656,0.62940,1.06826,2.52767,0.95778,0.57139,0.24481,-0.56178,0.34140,-0.84681,-1.11018,-0.48175,-1.16873,0.83243,1.22580,0.45168,1.11874,1.03424,0.90118,1.31150,0.66616,0.84486,-0.96908,-0.83415,-0.06529,-1.58369,0.49528,0.99993,1.62008,1.58051,0.52547,0.29965,1.58289,0.35854,0.20247,-0.83531,-0.96779,-0.54215,-0.53343,0.77989,1.09451,1.16294,0.67013,-0.49596,-0.38313,1.42850,-0.52320,1.56740,-1.03273,-0.88351,-0.09345,-1.60079,0.63390,1.19416,0.12022,1.07495,0.29302,-0.07960,2.85380,-0.58556,1.46242,-0.98387,-0.56936,-0.13438,-0.16658,0.86589,1.03216,1.15698,1.29672,0.39183,-0.29438,0.86095,-1.44214,-0.28008,-1.15313,-0.46174,-0.02075,1.01196,1.29134,1.32106,0.66886,-0.16062,0.40669,-0.90234,1.62481,-0.15468,-0.86699,-1.29115,-0.44201,0.05781,-1.23696,1.07253,0.87555,1.30717,-0.29916,0.89566,0.32192,1.15110,0.56590,0.07769,-1.63038,-0.52578,0.19168,-1.57732,0.96958,0.85604,0.75392,-0.40170,1.01120,0.12463,1.32199,1.26011,1.01253,-1.58728,-0.56748,0.15336,-0.10686,1.50398,1.07246,1.05873,-0.07468,1.01822,-0.17915,0.31316,0.88618,0.28741,-1.37893,-0.46199,0.40390,-1.58876,0.92348,0.67138,1.27133,0.42970,0.38186,0.37378,0.09906,1.36050,0.10672,-1.37051,-0.49890,0.15949,-0.94754,1.29591,0.75827,0.71490,-0.17743,0.55060,0.38779,0.87940,1.03061,-0.05919
# [43/100] 'pokedex' OK
pokedex,0.31108,-0.34343,-0.52736,0.19756,0.71732,0.39293,-0.04514,-0.17363,-0.16589,-0.39341,-0.54815,0.03613,-0.59218,0.06934,-0.56323,-1.16883,-1.15273,0.10766,0.93506,1.09711,-0.34787,-0.36960,0.15701,0.35194,0.80896,1.26775,0.02862,-0.44407,-0.68970,-1.35640,0.72071,1.15288,0.57677,-0.07474,-1.21721,-1.70929,0.98729,0.96155,0.32497,0.02906,-0.45714,-1.02423,-0.92687,0.44867,0.96505,0.27621,-0.58312,-0.74649,-1.04524,0.32239,-0.18766,0.09405,0.12737,-0.45053,-0.79361,0.26607,0.70389,0.84736,0.36718,-0.46327,-0.79747,-0.82735,-0.27841,-0.05794,0.30981,0.13164,-0.29876,-0.87703,0.00138,0.81785,0.49672,0.15129,-0.33177,-0.36908,-1.14332,-0.37163,0.03518,-0.51881,0.19718,-0.31260,-0.70834,-0.14747,0.49803,0.36506,0.15036,-1.58178,-0.62587,0.13318,0.62404,0.66473,-0.35342,0.25856,-0.15128,-0.64307,-0.16038,0.48724,0.42159,0.41533,-0.54729,-0.74269,-1.64127,-0.88944,-0.15640,-0.10241,0.11773,-0.39455,-0.78972,-0.40591,0.49985,1.12761,0.25855,0.43104,0.18918,-1.84850,-0.30093,0.43906,-0.46138,0.08473,-0.49697,-0.66580,0.21707,0.70208,0.85868,-0.25569,-0.66747,0.03508,-0.77050,0.30028,0.93718,-0.09083,0.18469,-0.37558,-0.88900,-0.18829,0.69424,0.74916,0.31784,-1.35497,0.25212,-1.05676,-0.77792,-0.24670,0.55966,0.32303,-0.24585,-0.50210,-0.13571,0.07549,0.27979,0.10522,-0.08686,-0.64195,-1.09257,-0.30595,0.36363,0.54583,1.92759,0.01647,-0.67909,0.96046,-1.38379,-0.34587,-0.90876,-0.47822,-0.89392,-0.14288,-0.58798,-1.33364,-0.53962,1.70156,2.00405,-1.76032,-1.36320,0.08914,-0.72296,-2.40169,-1.61332,1.29918,-1.50063,-1.47038,-1.46107,-1.72742,1.53532,2.04697,-1.52447,-1.94650,0.16098,-1.09919,-2.31697,-1.34057,2.10661,-1.05044,-1.51819,-1.88630,-1.60723,1.57852,1.95272,-1.66599,-2.16355,0.09124,-1.08928,-2.27387,-0.56449,1.72944,-1.30922,-1.58190,-1.27545,-1.80038,1.12599,2.03271,-0.53595,-0.78666,-0.19943,-1.42325,-2.24208,-0.70203,1.31167,-1.85006,-0.85134,-0.32053,-2.97009,0.11492,1.65468,0.53376,0.12226,0.66445,-1.75051,-1.74113,-0.94862,1.58970,-1.08196,-1.08347,0.14659,-2.49473,-0.43513,1.38457,0.63447,-1.98223,0.50191,-1.20490,-1.24160,-0.89589,1.78803,0.70523,-0.52073,0.87052,-0.68163,-0.71791,1.07397,0.89396,-1.96468,0.31865,-1.37562,-0.94756,-0.30409,2.03729,1.27641,-1.31714,1.16066,0.52714,0.44161,-0.85913,-0.06496,0.47741,-0.83792,0.71032,-0.21671,0.08539,0.62855,-0.55296,0.11637,0.72673,0.34389,0.92622,-1.36444,-0.78767,-0.17844,-0.85943,1.32868,-0.75311,0.96235,-0.63279,-0.90049,0.68832,0.33524,1.90185,0.73112,-0.02361,1.09291,-0.22718,-0.23922,0.12942,-1.10353,0.48619,-1.03267,-0.19237,-0.63396,-0.86793,-0.88091,1.44253,0.72126,1.16255,0.78355,-1.73990,-1.10219,-1.19875,-0.53378,-0.98927,0.23161,-0.87085,-1.16718,-0.26538,1.50457,0.95433,0.39008,1.41629,-1.71840,-1.30152,-0.64595,-0.12576,-0.73213,-0.50006,-1.71298,-1.47765,-0.19789,1.37166,0.93739,0.71145,1.72977,-1.73937,-1.57888,-0.76072,-0.37671,-1.40937,0.49439,-1.24773,-1.71085,0.88426,0.52601,1.03014,1.92980,1.76751,-1.18205,-1.63811,-0.45669,-1.38037,-1.42336,0.69831,-0.04838,-2.04229,0.68122,-0.10591,1.18720,2.48457,0.84825,-0.81024,-1.18783,0.99422,-0.84545,-1.44566,-0.99068,-1.35238,-1.13044,-0.00650,-0.39421,1.46455,2.47988,0.14489,-0.23480,-1.12552,-0.03688,-2.25586,-1.39118,-0.14468,-0.71219,-0.05755,0.26786,-0.44828,1.32763,1.74368,-0.49061,0.36006,-0.44820,-0.08018,-1.68566,-1.44287,-0.30615,-1.19087,-0.05789,-0.43647,0.81241,0.91073,0.08486,0.06935,-0.68249,-0.87012,-0.55378,0.16623,-1.43078,-0.11463,-0.37622,-1.12872,1.18188,1.39766,0.83338,0.26320,1.31782,-1.60290,-1.52548,-0.96055,0.32979,-1.13193,1.22241,-1.06608,-1.90889,0.12887,1.63162,0.68107,0.13785,0.54304,-1.75384,-1.56468,-0.66040,0.92784,-1.17211,1.28269,-1.09009,-1.87954,0.40900,1.64850,0.60656,0.10003,0.11273,-1.72280,-1.32473,-0.52468,0.66173,-0.69537,0.26798,-0.65999,-1.27834,0.08356,1.48599,0.59126,0.46715,0.50590,-1.88481,-1.21227,-0.78996,-0.05540,-0.09177,-0.20697,-0.35544,-0.19874,-0.15851,0.88372,0.88256,0.90804,1.42595,-1.98048,-1.35972,-0.53576,-1.13789,0.08803,-0.14544,0.63219,0.77121,-1.32729,-0.17827,0.69655,1.60999,-0.40271,-1.35946,-0.49148,0.40606,-0.47438,1.16367,1.37772,-1.55192,-0.23131,-0.33108,-0.71760,0.53876,1.53487,-1.40581,-1.05401,-0.54646,0.13971,-0.35180,2.55515,2.03332,-0.18436,0.42396,-1.07423,-1.01822,0.29429,1.50594,-1.14731,-0.43545,-0.90402,0.23840,-0.63311,1.78643,0.88099,1.16114,1.10426,-0.40237,-1.00386,0.33818,1.16219,-0.66382,0.11963,-0.49982,-0.26426,-0.76646,0.51425,1.88382,0.18899,0.37831,-0.43258,0.76673,-0.92046,-2.25115,1.97202,-0.59549,0.17894,-0.02867,1.50693,-0.19689,-0.28077,0.90974,0.64446,0.90769,0.08241,-0.82484,-1.06072,1.57808,-1.15146,0.31842,1.04259,0.23227,0.34282,1.34327,0.36289,-0.03072,0.04783,-0.23168,-1.41766,-0.58078,2.12560,-0.83075,0.82470,1.34068,-0.58174,0.72081,1.98651,0.20873,0.03894,1.47051,-0.71082,-1.58681,-0.32538,1.17743,-0.20033,0.98501,0.60980,0.68557,0.43857,1.67640,1.91751,0.11735,1.59570,-0.70307,-1.24663,-0.25583,0.63013,0.33050,0.48454,0.58524,1.06568,-0.19071,1.09611,1.12038,1.01172,1.45618,-0.92015,-1.51569,-0.14866,1.77576,0.78401,0.99294,0.69698,1.94457,0.10672,0.36480,1.45249,-0.92186,1.75947,-0.97119,-1.21798,-0.85961,-0.22426,0.72558,1.58282,1.27214,1.81075,0.17204,0.93866,1.69333,-0.43168,1.58352,-1.01170,-1.48654,-0.54818,-0.63443,0.89097,1.16942,0.04765,1.98058,1.19699,1.44821,1.18782,0.27579,0.23757,-0.95877,-1.49433,-0.49115,-0.16935,0.72339,1.36575,0.68002,2.28598,-0.11127,0.58437,1.21006,0.11167,1.74979,-0.95028,-1.10573,-0.04557,0.03474,0.99199,0.81682,0.56989,1.79124,-0.32983,0.81390,1.44075,-0.54297,0.36133,-0.62168,-0.75614,-0.12456,-0.32654,0.83537,1.48016,0.20631,0.99129,-0.07209,-0.28702,0.11056,0.31418,1.08925,-0.79740,-0.75721,0.11650,0.28577,0.90701,0.59512,-0.04089,1.09711,-0.05391,0.27869,1.46726,0.38195,-0.15739,-1.16462,-0.60777,-0.24254,-0.02111,1.05718,0.50034,1.12438,0.75799,-0.44680,0.00632,1.79359,0.50726,-0.68068,-1.19635,-0.72213,-0.77870,-0.26312,1.25976,0.58341,1.65579,0.67517,-0.83109,0.33048,2.01482,1.60191,0.25974,-1.36856,-0.68840,-0.17682,0.08655,1.17745,0.40960,1.54140,1.37045,-0.49679,-1.31928,1.26310,1.98628,1.00247,-1.45833,-0.85161,-0.26612,0.04468,1.28567,0.94066,1.93704,1.39931,0.75357,0.82483,1.24081,1.41624,-0.89332,-1.51907,-0.62031,0.61064,0.58609,1.41441,0.43320,1.53985,0.29448,-0.06357,0.32178,0.30417,1.80857,-1.01698,-1.53233,-0.51793,0.90381,-0.24022,1.27861,0.83138,0.67135,-0.24738,0.41957,0.08921,-0.29071,0.77289,-0.49700,-1.54577,-0.27094,0.33489,-0.43032,1.06629,0.63302,1.07106,0.37451,0.70741,-0.51003,-0.00779,0.87742,0.24137,-1.33613,-0.14306,0.43591,-0.83174,1.32315,0.48856,0.74925,-0.34147,0.34010,0.14936,0.32129,-0.07685,-0.15763,-1.48239,-0.62864,0.22000,-0.86655,1.36837,1.31748,1.15030,0.53878,0.11141,0.01693,0.36329,2.03653,-0.41767
# [44/100] 'pokedex' OK
pokedex,0.37927,-0.35468,-0.41714,-0.26871,0.69544,0.98313,0.20285,-0.84294,-0.12491,-0.33357,-0.36622,0.25037,-0.97991,0.12086,-0.43513,-0.51129,-0.66654,0.38981,0.46296,0.06858,-0.65867,-0.01245,-0.56420,0.43836,0.32171,-0.91895,0.04656,-0.42462,-1.03262,-1.02413,0.41779,1.22077,0.66165,-0.63194,-0.15141,-0.32841,0.72583,0.45059,0.15700,-0.30522,-0.77623,-1.29744,-0.79971,0.23846,1.51370,0.81215,0.07062,0.85880,0.36255,1.35704,1.28754,0.73061,0.05544,-0.41528,-0.77207,-1.14829,0.50094,0.95207,0.39510,0.66987,0.49091,-1.36236,0.19183,0.72209,0.43300,0.02580,-0.45077,-0.75966,0.25761,0.73800,0.72031,0.43392,0.08519,-0.40195,-0.65061,0.59206,0.94601,-0.75446,-0.12285,-0.46350,-0.77932,0.17252,0.68576,1.10040,0.45173,-0.68068,-0.76479,-0.30309,0.33125,0.81959,-0.14588,0.18208,-0.44093,-0.78590,-0.36946,0.58970,0.82365,0.41968,-0.36374,-0.70154,-1.74288,-0.11759,1.39594,0.52259,0.01443,-0.53849,-0.74102,0.33034,0.47606,0.72421,0.49842,0.28040,-0.93005,-1.06671,-0.14084,0.06983,-0.42678,0.00343,-0.42614,-0.95597,-0.43630,0.79578,0.48174,0.51671,0.55893,-0.58429,-0.73615,0.30596,-0.20645,1.06249,0.05806,-0.48597,-0.74537,-0.55297,0.41810,0.59167,0.91323,0.12598,0.16206,-1.53424,-1.38914,1.38430,0.91953,0.01366,-0.24328,-0.61090,-0.86428,0.36235,0.48887,0.78148,0.27907,0.33567,-1.64772,-0.82380,0.97071,0.74159,1.44623,0.16696,-1.07691,0.45108,0.23872,-0.66048,-1.36584,-0.97611,0.92549,-1.01843,-0.46621,0.26383,-0.74744,2.16336,1.06704,-1.29458,-0.88169,0.16249,-1.35244,-1.54393,-1.08116,0.90814,-1.46662,-1.30974,-0.62012,-1.67716,1.97109,1.74686,-1.02261,-1.67075,0.07279,-1.05776,-2.22151,-0.99380,2.10960,-1.52666,-2.38575,-1.50929,-2.09753,1.87518,1.93194,-1.43426,-1.82893,-0.15620,-0.83009,-2.04783,-0.91292,2.35167,-1.91501,-2.13015,-1.01455,-2.41213,1.53334,2.12918,-0.90362,-1.75692,0.08085,-1.49218,-1.84744,-1.13209,1.70899,-1.61991,-1.88583,-0.78533,-1.69231,0.58371,2.28872,0.35061,-2.19618,0.87900,-2.12921,-1.50271,-1.31312,1.29455,-1.18798,-1.42832,-0.18473,-1.37396,-0.37129,1.80689,0.76667,-1.82450,0.83048,-0.85389,-1.14320,-0.94335,2.06770,-0.77151,-2.10310,-0.67005,-2.00409,-0.81529,1.27625,0.97357,-2.21133,0.41646,-1.13810,-1.10312,-1.47523,1.46254,0.95155,-0.17538,0.67769,-0.36274,-0.41407,-0.06704,1.31186,0.29613,-0.92052,0.61708,-1.62829,0.09756,1.03894,-0.02332,0.49544,-0.54107,0.00428,0.36668,-1.65883,0.42170,2.17664,-0.69118,1.55212,-1.31241,0.82859,-0.37834,-0.76817,0.65914,-0.04336,0.86744,0.14965,-0.94494,0.48950,-1.39464,0.24619,0.82729,-0.64256,0.96523,0.12558,1.10544,0.30479,0.72012,0.32534,0.42268,0.46225,2.29884,-0.38467,-0.45215,-0.68704,-1.36140,-0.65369,-1.48193,0.78077,0.14501,-0.46712,-1.28756,1.23669,1.15685,1.22778,0.63796,-1.55882,-1.68721,-0.87142,-1.07247,-1.09686,0.33779,-0.39955,-1.38109,-0.97729,1.59287,0.74934,1.03656,1.20413,-1.98332,-1.33818,-0.86013,0.26220,-1.41990,0.19981,-1.54382,-1.62697,-0.03236,1.52105,0.88242,0.85458,0.97906,-1.67468,-1.56317,-1.21755,0.10495,-1.86021,0.60416,-0.75028,-1.55990,0.70772,0.49468,1.23800,1.78775,0.89756,-1.18310,-1.35026,-1.13740,-0.47076,-2.07242,0.52618,0.40430,-1.81512,1.18665,-0.24619,1.33521,2.15249,0.11087,-0.36285,-0.65953,0.44902,-0.59190,-1.59544,-0.61350,-1.61569,-2.36483,-0.91904,-0.51664,1.35519,2.52312,0.00906,-0.10029,-0.37987,-0.36846,-1.00910,-1.71735,-1.06278,-0.96256,-0.76094,0.40207,-0.67959,1.41090,2.02977,-0.01033,0.43255,-1.07538,-0.34770,-1.19368,-1.08144,-0.89709,-0.79038,-0.21155,-0.32593,0.67326,0.79257,0.33575,0.38230,-0.64976,-0.74079,-0.77270,-0.46684,-1.57887,0.88691,0.20886,-1.81979,0.68539,1.30028,0.97715,0.18388,1.11298,-1.61565,-1.58219,-0.71303,0.30083,-1.46988,1.65723,-0.70021,-1.93022,0.07172,1.65165,0.79065,-0.03108,0.67807,-2.06971,-1.50358,-0.33557,0.04367,-0.93799,2.13334,-1.25095,-1.57124,0.46025,1.79103,0.49335,-0.03763,0.56833,-1.94751,-1.35862,-0.19597,-0.22614,-0.62740,0.97326,-0.88975,-1.26228,0.26537,1.40978,0.63697,0.30099,0.85419,-2.21358,-0.82785,-0.79292,-0.22953,0.15388,0.18494,-0.15226,-0.93587,-0.78406,0.60678,0.58096,1.03419,1.22540,-1.86574,-1.09132,-0.46653,-1.39507,0.88569,0.15945,0.28557,0.49211,-1.68159,-0.57419,0.22612,1.29061,0.63408,-1.11247,-0.64891,0.33114,-0.89628,0.04662,0.69401,-0.65775,0.83379,1.37016,-0.98928,0.54518,1.50492,-0.17138,-0.87485,-1.10084,0.24251,-0.99915,0.97605,1.58240,0.33016,0.08579,0.43086,-1.24681,0.53260,1.26349,-0.69392,-0.16049,-0.58621,-0.44577,-1.03445,0.89089,1.18691,-0.24816,0.72164,-1.34417,0.05000,-0.68328,-1.13401,2.08243,-0.78288,-0.08197,0.40734,-0.29490,1.03106,0.67550,1.28193,0.57816,-0.71710,0.56608,-0.60014,-1.52385,1.55134,-1.43658,-0.05019,0.71098,0.05554,0.38234,-0.30257,1.10956,1.17920,0.60090,-0.05103,-1.47150,-1.08184,1.85131,-0.82193,0.77442,1.54445,0.53074,0.66292,1.88464,0.82177,-0.03622,1.56858,-0.09655,-1.20100,-0.58199,1.34089,-0.78294,0.67420,1.09696,1.02501,0.45565,1.46916,0.49948,-0.63319,1.00570,-0.33379,-1.05828,-0.53555,1.24524,-0.06491,0.49470,0.42086,1.02758,0.35234,1.64386,0.71665,0.53124,0.48775,-0.33244,-1.12754,-0.97585,-0.01639,0.27649,0.62166,0.97938,2.44929,0.35975,0.53863,0.83250,0.69770,1.28517,-0.45054,-1.05601,-0.42535,0.32697,0.51475,0.62202,0.71306,2.20692,-0.28518,1.09632,1.39660,-0.92846,0.14841,-0.71111,-1.27344,-0.52944,0.58545,0.44720,0.76996,1.15464,2.16540,-0.52507,1.02352,1.62414,0.10997,0.89207,-0.81071,-1.24944,-0.92683,-0.23121,1.06749,1.12272,1.72754,2.24267,0.30740,0.95629,0.70817,-0.27840,0.00473,-0.99842,-1.29056,-0.35320,0.52485,0.64009,0.70085,1.20039,1.51408,0.36342,0.35648,0.40321,0.79534,0.75874,-1.08357,-1.10892,-0.38508,0.95677,1.23648,1.33136,1.69143,1.13315,-1.30314,-0.54952,0.39514,1.45643,1.99276,-1.12126,-0.91959,-0.20275,0.09514,0.94076,0.77940,0.82111,2.02117,-0.13557,0.21165,0.14252,-0.41289,0.14350,-0.94209,-0.71559,-0.11360,-0.17651,0.91152,0.45857,0.63329,1.19048,-0.37346,-0.08764,0.91934,1.02572,-0.82521,-1.18543,-0.77448,-0.28987,-0.16316,1.04105,0.42838,0.74637,1.45077,0.31362,0.30507,1.46968,0.38853,1.39681,-1.12263,-0.45970,0.28097,-0.31481,1.03339,0.87084,0.11863,0.77299,-0.29576,-0.47200,0.92869,0.00130,0.61791,-1.43959,-0.74175,-0.38245,0.48947,1.46895,0.70368,0.95391,-0.15316,-0.17085,-0.09989,1.72303,0.87501,0.18233,-1.48553,-0.55282,-0.17831,-0.47291,1.51004,0.25452,-0.03312,-0.34422,0.37535,-0.44662,0.82209,1.71091,0.94226,-1.49547,-0.53864,0.19793,-0.74149,1.00859,0.83535,0.90174,-1.12872,0.26674,0.23460,0.75002,1.45473,1.43724,-1.59351,-0.53970,0.00826,0.01208,1.43624,1.04691,0.87813,0.02950,-0.15593,0.70933,1.08641,1.04289,-0.12174,-1.44077,-0.58541,-0.29836,-0.60114,1.05205,1.04997,1.52348,-0.00093,0.23066,0.28226,0.94741,0.58864,-0.39093,-1.32987,-0.50588,0.50193,-0.16700,1.22932,1.22777,0.87665,-0.32171,0.33937,-0.61484,-0.67047,0.72161,0.19138
# [45/100] 'pokedex' OK
pokedex,-0.01781,-0.11671,-0.86774,-0.82994,0.72237,0.77085,0.19856,0.10986,0.19421,-0.61158,0.60300,0.13759,-0.18581,-0.34190,-0.38016,-0.96941,0.04721,0.85108,1.08060,0.40256,0.46893,0.37780,-1.47091,-0.67389,0.09383,0.18150,-0.25266,-0.59368,-0.85978,-0.33281,0.81352,1.06113,1.34633,-0.15834,-1.03369,-0.93665,0.43837,1.18740,0.58855,-0.33721,-0.55755,-0.15466,-0.06734,0.83118,0.72710,0.08947,-0.25749,-0.26525,-0.62828,-0.56653,0.27138,0.05376,-0.13568,-0.31897,-0.74424,-0.54720,0.89865,0.59857,0.27915,-0.14336,-1.34003,-1.25413,-0.20459,0.61398,1.36023,-0.25010,-0.51175,-0.60046,-1.71221,0.58980,0.50666,0.80667,-0.29554,-0.14461,-1.55088,0.29854,0.43084,-0.46245,-0.20189,-0.89095,-1.07394,-0.99819,0.50030,0.94668,1.58256,0.86790,0.25689,0.61110,1.18341,0.26232,-0.57983,-0.22672,-0.51561,-0.44764,-0.60242,0.81439,0.70031,0.40096,0.45233,-0.07050,-1.79479,-1.03025,0.20870,0.59264,-0.27034,-0.42291,-1.07649,-1.20700,0.62865,0.83037,0.24698,0.91067,0.18986,-0.34622,0.28900,0.80184,1.43339,-0.35596,-0.74420,-0.96467,-0.28614,0.99369,0.76465,1.29786,0.03530,-0.18430,-0.50124,0.54678,0.16630,0.15213,-0.43419,-0.90597,-0.63562,0.08111,0.58556,0.39401,0.41797,0.51172,0.63817,0.03497,1.63970,2.37597,0.83076,-0.45408,-0.64599,0.01367,1.27550,1.01012,0.64558,-0.95258,-0.98589,0.26263,-1.08391,0.76078,0.71024,-1.10226,-0.37571,-0.47417,-0.24027,1.13349,0.96983,0.40024,-0.29079,-0.06183,-0.12758,-0.87572,0.38035,0.07741,-0.66485,-0.14974,-0.58662,-0.56624,-0.35919,0.87827,1.14519,-0.04852,-0.45763,-0.77738,-0.69392,-0.14661,0.78522,-0.13189,-0.37624,-0.85252,-0.78808,-0.47266,1.15138,1.51067,0.52522,1.24707,0.37657,-0.39580,0.44005,0.84642,-1.71923,-0.21002,-0.35632,-0.69113,0.00863,0.48698,0.05559,0.51614,0.01276,0.67217,0.27173,-0.59301,-0.81592,0.48613,-0.26501,-0.72333,-0.41170,0.42609,0.76008,1.00997,0.04462,-0.54207,-0.30793,-0.49878,-0.37071,0.04592,0.50845,-0.23944,-0.45307,-0.73264,-0.96492,0.59817,-0.08846,0.07944,-0.23483,1.45848,1.16901,0.43630,1.55582,1.10041,-0.19443,-0.80382,-0.67150,-0.74454,0.43282,0.91957,1.33036,-1.01605,-0.17868,-0.18806,-0.69303,0.30432,1.23850,-0.12761,-0.54554,-0.74201,-0.14384,0.76338,0.73460,-0.24654,0.41676,-0.29001,-0.93564,-0.03002,0.78396,0.52103,-0.18114,-0.50227,-0.90125,-1.00946,0.59078,1.14090,0.41778,0.63836,-0.19305,-0.66998,-0.51221,-1.31339,-0.42395,-0.26169,-0.64577,-0.73592,-0.98121,0.72231,0.89914,0.93028,0.40753,-1.19833,-0.84886,0.19674,0.80497,0.30794,-0.31554,-0.77172,-1.03880,0.11889,0.97617,0.79682,0.12850,0.08649,-0.31821,-0.47708,0.31062,0.58935,1.05719,-0.11515,-0.46845,-0.01893,-0.38496,0.77534,1.02105,0.15558,-0.11533,-0.69305,-0.37550,-1.10772,0.37485,0.38820,1.44693,-0.13526,-1.13418,0.43687,-0.28464,-1.41749,-1.38531,2.03873,-0.56962,-0.75580,-0.31999,0.16109,0.16101,1.79807,0.59795,-1.08920,0.46552,0.02316,-1.15781,-1.65949,2.14953,-0.97396,-1.18926,-1.41714,-0.35672,-1.13245,2.06049,2.07084,-1.20541,-1.02927,-0.31234,-0.81622,-2.64979,-0.73857,0.34037,-1.30903,-1.55229,-0.87522,-2.09017,1.61614,2.14571,-0.62358,-1.10490,-0.47819,-1.14709,-2.31246,-1.73535,1.95974,-1.30871,-1.04011,-0.45046,-3.04522,1.16080,2.26288,-0.59635,1.31281,-0.43333,-2.27386,-1.62239,-1.63636,1.26074,-1.47840,0.14260,0.04482,-3.23388,-0.25128,1.62506,0.68295,0.09632,0.94897,-1.24137,-0.78987,-1.24754,0.32998,-1.35544,-0.47296,0.77156,-1.42755,-1.03779,1.31036,1.10202,-2.51118,0.06704,-1.80950,-1.35550,-0.11396,1.68348,0.78110,0.41771,1.91627,-0.17821,-1.20338,1.20848,1.65690,-2.52487,0.60157,-1.27011,-0.91083,-0.76817,1.35188,1.50001,-0.50766,0.35854,-0.54569,0.51258,-1.13248,-0.69190,0.80639,-0.42981,1.59039,-0.86089,-1.72333,0.64814,-1.02007,2.13094,0.55779,0.00624,1.36957,-1.09185,-1.76489,-0.03920,-1.06273,0.92110,-0.93482,1.26665,0.66321,-0.50994,1.76034,1.08245,0.00969,1.18554,0.52591,1.51594,-0.18644,-1.00273,-0.49005,-1.28347,-0.52167,-1.40079,-0.20195,-0.14047,-1.32813,-0.83832,1.75110,1.00244,1.42939,1.28609,-2.37174,-0.94473,-1.03599,-0.15433,-1.43346,0.29111,-2.08257,-1.75470,-0.67699,1.84164,0.92562,0.75880,0.33326,-2.04256,-0.82185,-1.16693,-0.54647,-1.53443,1.60435,-2.02460,-1.06845,-0.56489,1.49377,1.09334,0.93098,1.07990,-1.79371,-1.47295,-1.11404,-0.44335,-1.72866,1.64645,-1.26676,-1.88943,0.66537,0.13992,1.34002,1.66731,0.84284,-0.83503,-0.53351,-0.59583,-1.03231,-1.64507,1.29027,-0.44230,-1.76464,0.64381,-0.41377,1.70979,2.06389,0.04957,-0.41426,-0.74853,-0.20359,-1.60273,-1.22809,0.46390,-1.25040,-0.72491,-0.02827,-0.87926,1.56717,2.56315,-0.24273,-0.31547,-1.26397,0.54814,-0.22276,-0.89971,0.03683,-1.63780,-1.09182,0.42972,-0.16540,1.00946,1.02556,1.43601,-0.28325,-0.45996,0.01859,-1.31904,-1.69751,-0.71273,-0.01792,-0.90582,0.72000,1.23062,1.19411,0.55564,1.62143,-1.63435,-1.57398,-0.88384,0.23085,-1.82884,0.89251,-0.45348,-2.07585,0.42179,1.84451,0.83754,0.28017,0.35000,-1.76091,-1.43643,-0.53673,-0.29858,-1.69772,1.70484,-0.74907,-2.03909,0.47817,1.60766,0.76986,0.18785,0.73607,-1.95979,-1.20570,-0.34937,0.45783,-1.06691,1.21600,-1.49632,-1.90368,0.85615,1.56644,0.46998,0.56953,0.53640,-1.89114,-1.05153,-0.37072,0.22566,-0.44122,0.55883,-1.53846,-1.63918,0.96807,1.23862,0.79983,0.35582,1.74849,-2.24335,-0.34353,-0.93874,-0.81666,0.91662,0.07601,-0.07396,-0.80190,-0.97841,0.33250,0.54864,0.93713,1.71868,-1.61123,-0.45041,-0.78993,-1.48426,1.49985,0.05048,1.03278,0.02799,-0.76108,-0.99434,0.29348,1.46900,-0.81938,-1.04817,-0.95685,0.61509,-0.12755,1.47215,0.22847,0.53531,1.15691,1.06907,-1.13456,0.62777,1.88683,-0.81519,-0.73933,-1.09450,0.51058,-1.28927,1.24583,0.66169,0.14798,0.78972,-0.69387,-1.34768,0.68864,1.52630,-1.05008,-0.25411,-0.38758,0.72315,-1.41509,1.28980,0.66319,0.10572,0.08356,-1.85235,-1.25575,0.02786,0.31279,0.49088,0.33187,-0.75250,1.02737,-0.38017,1.30674,1.00560,0.86151,0.03517,-0.24451,0.31468,-0.35176,-1.85353,1.86757,-0.42858,-0.44578,1.50011,-0.19049,0.44469,0.98887,0.88954,0.42718,0.78435,-0.55327,-1.35675,-0.63019,1.88089,-0.08214,0.31545,1.76553,1.33811,0.60033,1.41333,0.81784,0.48301,0.79924,-1.04732,-1.22424,-0.11746,0.31053,0.17269,0.47344,0.88673,1.02672,0.17707,1.35093,1.32468,1.75395,1.51753,-1.18426,-1.09887,0.23732,-0.03710,0.52416,0.49608,1.10435,1.81585,1.48293,2.10335,-0.10904,0.19943,0.66939,-1.40453,-1.17026,0.37490,-0.82093,0.96151,0.65420,1.32237,1.53447,0.71867,1.76439,1.12870,-0.44147,0.14269,-1.36080,-1.18782,-0.07372,-0.76745,0.87970,1.45050,1.31237,2.50131,0.00871,-0.14339,1.22038,-0.51515,0.73285,-1.36923,-1.43949,0.56031,1.56300,1.16854,0.78202,1.23800,0.98693,0.41789,1.03924,0.83669,-0.20039,0.11269,-1.44842,-1.50417,0.85550,0.08123,0.44878,1.16560,0.64983,1.36018,0.81310,0.38990,2.53666,0.59812,0.68514,-1.37028,-1.17174,0.19387,-0.54887,1.24008,1.14723,0.86977,0.97788,0.20988,0.31415,1.10891,0.08013,0.88837
# [46/100] 'pokedex' OK
pokedex,0.00317,-0.12864,-0.39308,-0.61268,0.50599,0.53899,0.12540,-0.11259,0.04325,-0.91513,-0.70760,0.34449,0.32513,-0.37716,-0.69739,-0.85243,-0.93594,0.72677,0.82954,0.18058,-0.76254,-0.13477,0.61816,2.48885,1.26130,0.72239,-0.37865,-0.27607,-0.47653,0.30174,0.57953,1.01508,0.40270,0.04098,-0.88100,-0.46401,-0.06078,0.21485,-0.77731,-0.39014,-0.91679,-0.84696,-0.32643,0.72236,0.62074,1.45816,0.29384,-0.23514,-0.55190,0.19615,0.34861,0.43541,-0.49506,-0.85954,-0.48200,-0.74150,0.60085,1.06941,0.83365,-0.46931,-0.04358,0.18843,0.43604,0.80655,0.46684,-0.36658,-0.77887,-0.60084,0.10344,0.47437,0.47908,0.14483,1.25282,-0.05497,-0.64705,-1.11173,0.73111,1.41192,-0.26368,-0.42507,0.09707,0.19465,0.83878,0.29523,0.33121,0.06838,-0.86408,-0.53416,0.93119,0.25578,0.05986,-0.36118,-0.45558,-0.92508,-0.47780,0.54526,0.46969,0.29194,0.38093,1.27289,-0.44173,-1.41872,-0.00611,0.84913,-0.38478,-0.57992,-0.86734,-0.01262,0.91334,0.17099,1.12242,0.28755,0.06119,-0.10834,-0.09629,0.72304,1.57679,-0.20501,-0.41737,-0.38430,-0.38419,0.36602,0.44927,0.48815,0.16524,0.49744,-0.44199,-0.50805,1.06450,0.94832,-0.20975,-0.34966,-0.73638,-0.91503,0.48976,1.03929,0.53219,-0.41136,-0.27827,-0.49192,-0.60483,0.13544,0.64432,-0.43398,-0.25940,-0.70090,-0.50862,0.94516,0.73918,-0.44114,-0.89732,0.44686,0.34162,0.40870,1.66193,0.23734,-0.34932,-0.43875,-0.21473,-0.10966,0.51392,0.45666,0.33730,-0.11063,0.02469,-0.53444,-0.50643,1.04826,0.23306,-0.41778,-0.34585,-0.68384,-0.52010,0.86622,0.43684,1.08186,-0.16847,-0.20785,0.08191,-1.25371,0.01233,0.08134,-0.28575,-0.28907,-0.82866,-1.60091,0.73931,0.92598,0.21621,-1.14639,-0.91087,-0.21299,-0.02703,0.78512,0.97139,-0.45057,-0.61618,-0.50801,-0.58811,0.53663,0.80960,1.07655,-0.57702,-1.57549,-1.62407,-0.27038,1.32771,-0.06877,-0.35220,-0.79220,-0.63135,0.31997,0.86221,0.91033,0.42921,0.15861,0.00316,-0.90999,-0.78762,0.16422,-0.59184,-0.38824,-0.31862,-0.32481,-1.64840,0.74001,1.39222,0.83959,0.25283,-0.55984,-0.81028,0.85005,0.51462,0.60509,-0.15725,-0.32951,-1.08476,-0.15907,0.98772,0.66185,0.64407,0.71380,-0.06910,-1.44252,-0.47624,0.15514,0.10216,0.04837,-0.71453,-0.28472,0.97308,0.01453,0.61002,-0.06541,0.33132,-0.32423,-0.10647,2.00673,0.11823,-0.37963,-0.41335,-0.69515,-0.26831,-0.06390,0.97212,0.75066,-0.24211,-0.38999,0.04091,-0.67207,0.58109,1.84976,0.96400,-0.24757,-0.51225,-0.64300,-0.18659,0.83573,0.67607,0.01464,-0.30465,-0.44046,-0.08399,1.95565,0.64141,-0.58644,-0.27918,-0.77151,-0.47400,-0.55698,0.43021,0.54221,0.12614,-0.22444,0.16949,-0.82371,-0.14217,0.79361,0.33260,-0.20634,-0.60650,-0.51946,-0.89840,1.37872,1.72381,0.36078,0.26952,-0.99236,-1.13782,0.75043,1.28973,-0.32910,-0.21702,-0.35874,-0.12558,-0.91257,0.58078,0.91648,-0.23555,0.26812,1.14391,-0.31184,-0.35557,0.78121,0.51338,0.10088,-0.34044,-0.54642,0.26397,0.73381,0.64831,-0.32358,-0.16091,-0.50749,-1.16860,0.57281,0.73849,-0.03043,2.42722,0.01091,-0.92643,0.59546,-0.60262,0.03012,-2.15806,1.44383,-0.89955,-2.26272,0.28021,0.33651,-1.68164,2.27918,1.84819,-1.33855,-1.09358,-0.14519,-0.66092,-2.13093,-1.26001,0.37300,-1.60299,-1.85558,-0.92337,-1.70722,1.75055,2.15623,-0.60336,-2.02986,-0.29379,-0.54498,-2.29038,-1.29132,1.35784,-1.96621,-0.91238,-0.29468,-2.66855,1.70385,2.15069,-1.21364,-0.14348,-0.29302,-1.44962,-2.11584,-0.92337,1.35423,-1.88864,-0.17444,-0.38062,-2.57199,0.84070,1.99947,-0.25215,0.68305,0.36115,-2.33915,-1.47899,-0.46925,1.03805,-1.62528,-0.14016,0.75652,-2.58325,-0.61212,1.62421,0.96321,-1.26554,1.02670,-1.60292,-0.82780,0.03945,0.43544,-1.18179,0.27426,0.28886,-1.99285,-1.10753,1.32135,0.68357,-2.05388,0.36243,-1.84147,-0.41381,-0.57379,2.50801,0.61017,-0.04585,0.95391,-0.98333,-0.68998,0.31459,1.19039,-0.54162,-0.15172,-0.52446,-1.02017,0.15907,1.26590,0.45382,0.56161,-0.11681,-0.34506,1.53851,-1.15678,-1.32169,-0.36040,-0.72601,1.15570,-1.47035,-0.30123,0.11010,1.32772,1.96513,0.26784,0.14765,0.34741,-0.97698,1.21185,0.30054,-0.54878,0.85754,-1.28051,1.15706,-0.19796,1.43823,-0.03688,-1.54464,0.07975,1.69467,0.96230,1.22282,1.16689,-1.97190,-1.00704,-1.12375,-1.29284,-0.75925,0.71563,-1.09841,-1.46870,-1.27889,1.92220,0.85119,0.93507,1.14814,-2.34563,-0.98216,-0.78821,0.22511,-1.25518,0.70518,-1.99527,-2.13653,-0.64624,1.61397,0.94485,1.01906,1.12950,-2.06363,-1.42204,-0.89995,0.16327,-2.03488,1.56867,-0.83348,-2.24981,-0.09134,0.57827,1.26597,1.56071,1.76040,-1.21055,-1.35803,-0.86676,-0.88039,-1.72745,1.12044,0.10462,-2.83590,1.03777,-0.44542,1.63604,2.39074,-0.04092,-0.16178,-0.87522,-0.03855,-1.97833,-1.79669,0.25466,-0.70988,-1.08122,0.96426,-0.56940,1.64505,2.54110,0.20244,-0.39196,-1.03091,-0.95613,-1.14554,-1.21227,0.27719,-0.28817,-1.25811,-0.38926,-0.36321,0.90099,1.05729,1.75220,0.38449,-1.15814,-0.70607,0.13393,-0.35333,0.03726,-1.14559,-0.60108,-0.78796,1.00610,1.04588,0.93724,1.51443,-1.24942,-2.26533,-0.94537,0.06390,-1.75782,1.61422,-0.14726,-1.87252,0.77001,1.74479,1.05594,0.13501,1.13215,-2.00302,-1.23926,-0.81482,-0.10036,-2.01159,2.04134,-1.01078,-1.90288,-0.37317,1.65051,0.80940,0.34670,0.77137,-2.06614,-1.39230,-0.34459,0.52492,-0.80991,1.47865,-2.05346,-1.43344,0.16501,1.53467,0.67189,0.62401,0.77435,-2.17665,-0.90955,-0.27807,-1.14984,-0.10949,0.79366,-1.92636,-0.79166,0.34483,1.02030,0.70731,1.02824,1.61528,-2.51522,-0.83729,-0.31261,-1.57483,0.89522,-0.23683,0.82382,-0.73720,-0.18818,-0.41690,0.69651,1.60178,0.37226,-1.39440,-0.37936,0.39535,-1.80307,2.08178,0.28230,-0.31315,-0.38883,-1.32112,-1.14122,0.51059,1.71854,-0.12421,-1.06649,-0.68179,0.84672,-1.76199,0.86267,1.27772,1.18011,0.36694,0.45269,-1.53057,0.62759,1.53999,-1.18457,-0.54464,-0.97936,0.54061,0.14458,1.78937,0.69842,0.42724,0.55350,0.22876,-1.69025,0.43339,1.97519,0.22168,-0.15217,-0.86904,-0.07480,-1.25189,1.18898,0.37751,0.08549,0.79098,-0.17013,0.27979,-0.59058,-2.37977,2.19285,-0.54234,-0.35248,0.87129,0.90753,1.58626,0.15628,0.20191,-0.07966,-0.14429,-0.10752,-0.95595,-1.01237,3.04916,-0.31904,-0.50990,0.91698,1.92024,0.70557,0.44819,0.51595,-0.91202,0.01813,-0.77394,-1.52315,-0.02516,0.29859,0.17766,0.39509,1.81843,1.28821,0.26027,0.59449,-0.90683,0.54051,1.36688,-1.28908,-1.42015,-0.08581,-0.33632,0.73361,0.81753,1.07841,1.49591,-0.10218,0.51154,1.19424,0.93382,-0.47343,-1.26468,-1.74380,0.20612,0.96817,0.88966,0.93752,1.55708,1.56465,0.26018,0.57543,0.32081,-0.09784,1.52824,-1.10890,-1.56818,-0.27782,-0.51905,0.92131,1.01186,1.26883,2.37138,1.09143,1.61297,1.61671,0.46708,0.58464,-1.23491,-1.16941,-0.21401,-0.63828,1.15108,1.21729,0.79935,2.05361,0.30561,1.24021,1.12164,-0.06441,1.24720,-1.05059,-0.82502,-0.42053,-0.72047,0.42404,0.64668,1.69227,1.44019,-0.10988,1.00319,0.99717,-0.35083,1.44576,-1.05834,-0.98697,-0.51093,-0.59405,0.60389,0.96589,1.82138,1.91285,0.04321,0.75431,1.07249,-0.49504,1.29938
# [47/100] 'pokedex' OK
pokedex,-0.24026,-0.26811,-0.07522,-0.26514,0.50490,0.48493,0.71426,-0.55095,0.24159,-0.17569,-0.81701,0.21186,-0.18456,-0.72154,-0.98523,-0.41484,-0.34023,0.92681,0.82536,0.61097,0.49532,0.60822,-1.16548,1.08590,1.11829,-0.39440,-0.60728,-0.61659,-0.22967,0.45682,0.86079,0.70767,0.07909,-0.47601,0.04478,-0.47522,-0.06515,1.69093,0.98259,-0.45052,-0.86071,-0.59137,-1.67410,-0.04576,0.99860,1.09720,0.64984,-1.42842,-0.41566,1.55616,1.55451,2.33638,-0.53480,-0.94964,-0.53983,-0.32701,0.82118,0.77526,0.36589,0.09341,0.44698,0.06822,0.15391,0.35702,-1.28118,-0.31279,-0.48813,-0.95930,-0.90304,0.69749,0.68727,0.37435,0.40577,0.64750,0.18379,-0.42900,0.70918,0.38586,-0.38232,-0.80530,-0.73508,-0.73001,0.39523,0.75088,0.84888,0.31548,0.91841,0.59002,-0.26353,0.30162,0.76518,-0.58928,-1.10835,-0.45861,-0.05620,0.90252,1.59657,1.52407,0.20950,-0.24745,-0.23249,0.50681,-0.13016,0.08064,-0.39781,-0.80061,-0.78353,-0.14838,0.81967,0.78912,0.76908,0.35628,0.24175,-0.52953,-0.39241,0.53324,1.82188,-0.62741,-0.71255,-1.08024,-1.82111,1.08127,0.96573,0.30576,1.08142,0.45541,-0.60121,1.12803,1.37771,-0.89108,-0.61608,-0.92309,-0.38802,-0.08440,0.92511,1.12189,1.04108,0.29172,-0.05759,-0.61582,-0.88180,0.24082,0.75557,-0.62022,-0.66135,-0.46307,0.33441,0.73221,0.73790,0.27525,-0.77269,0.73132,0.08206,1.57960,0.90925,0.76883,-0.27583,-0.54497,-0.48718,-0.82209,0.56007,0.68207,-0.20898,-0.08534,0.45890,0.25358,0.86445,0.49226,-0.12656,-0.22639,-0.29059,-0.15483,-0.71694,0.99395,1.02011,-1.32739,0.99039,0.34249,-0.72829,-0.64303,0.31787,0.41336,-0.59614,-0.73285,-0.80925,0.62854,1.13136,0.43314,0.56992,0.52480,0.44392,-0.32587,-0.97628,-0.54835,-0.66703,-0.12009,0.25529,0.13403,0.66872,0.55698,-0.38545,-0.63672,-0.44133,-1.20684,-1.02139,-0.50927,0.05122,-0.88995,0.01995,0.49031,0.38542,0.97414,1.15230,0.77574,-0.82675,-3.05235,-1.91788,-1.50052,-0.32731,0.61895,-1.13027,-0.14972,0.04764,0.63658,1.31405,0.78800,0.37297,-0.68334,-0.61116,-0.66697,-0.96483,-1.11390,-0.55637,-0.53068,-0.04566,0.39057,0.33620,0.03603,0.51000,1.03775,-0.11925,-2.24304,-1.00525,-1.10444,-1.28933,0.35735,-0.43185,-0.19747,-0.15390,0.17186,0.84020,0.18808,0.22632,0.33026,-0.90951,0.10407,-1.61219,-0.75397,0.91448,0.98367,-0.29417,-0.26394,-0.08478,-0.28811,0.87147,1.15180,0.72895,-1.43010,-1.70183,-0.01736,-1.26374,-0.82074,0.34322,-0.29642,-0.29113,-0.06203,0.03732,0.49154,0.32265,0.84668,-0.43041,-0.47689,-0.49148,-0.69734,0.27443,0.54058,-0.37752,-0.57780,-0.15339,1.26746,0.31830,0.12929,0.80301,0.17977,-0.80894,-1.30304,-0.02639,0.89662,0.96134,-0.42263,-0.67502,-0.12968,0.83579,0.86985,0.43827,0.37244,0.58365,-0.26299,-1.05374,-0.37064,0.69751,0.78155,-0.76609,-0.80139,-0.23810,0.31855,0.59188,1.14303,1.33019,0.80967,0.35664,0.02023,-0.34165,-0.21784,-0.54071,-0.22818,-1.04254,-0.25835,0.46990,0.68490,1.84515,-0.61038,0.33007,-0.58754,-1.56605,-0.24986,0.48846,0.71490,-0.42545,-0.67803,-0.52516,-0.79312,0.57312,0.58178,0.28282,-0.48913,-0.38894,0.33715,0.83472,0.51552,0.16792,-0.39424,-0.60284,-0.75925,-1.34880,0.89911,1.18757,1.51511,1.40363,-0.03480,-1.21908,-1.77791,-0.33718,0.76614,0.04910,-0.49389,-0.86881,0.14993,0.59228,0.67744,-0.33287,-0.08013,0.44941,-0.57378,0.40066,0.90399,-0.02536,-0.51552,-0.67317,-0.49110,0.12068,0.59543,0.11287,0.66953,0.14615,1.19336,-0.13771,1.01135,1.10616,-0.72300,-0.34100,-0.51618,-0.35158,-0.62479,0.89934,0.53921,0.83642,0.33685,-0.08421,-0.12127,-0.42404,0.91297,1.44507,-0.13711,-0.40088,-0.73409,-0.89309,0.44879,0.51322,1.11988,0.75358,0.04367,0.11334,0.29407,1.23064,-0.66659,1.89024,0.53821,-1.98666,-1.47938,0.36320,-0.07246,-0.71110,1.90561,-1.00958,-0.09615,-1.83521,-0.26504,-1.37550,2.01924,2.21938,-1.46051,-0.95140,-0.06212,-0.97248,-2.25201,-1.34649,0.78210,-1.00213,-0.70502,-1.53147,-1.61662,1.80178,2.46433,-1.29920,-1.91775,0.12736,-1.48985,-2.52271,-0.69862,1.75466,-0.98670,-0.79716,-1.40768,-1.76078,1.77729,2.05617,-0.83309,-0.79118,-0.41137,-1.69919,-2.10953,-0.92217,1.37087,-0.85447,-0.65045,0.12854,-2.98136,0.66194,2.22428,-0.15919,0.72882,0.10724,-2.30570,-1.49927,-1.25301,1.75843,-1.17413,-1.01064,1.31767,-2.52782,-0.56374,1.70188,0.89112,-0.95168,0.49098,-0.88003,-1.09673,-0.41346,0.56326,-0.67152,-0.77896,1.35704,-1.42507,-1.22360,1.17656,1.12650,-2.74091,-0.00535,-1.11225,-1.02810,-1.46614,2.61936,1.19585,0.47558,1.27412,0.12166,1.01598,-1.22415,-0.77730,1.59482,-1.27103,0.66526,-0.91623,0.93748,-1.08567,-0.04098,2.27946,-0.87902,0.61063,1.88858,-1.97824,-0.72717,-0.13153,-1.40448,0.86516,-0.37373,2.86628,-0.66134,-0.17079,0.98833,-1.15478,0.05441,1.26523,-0.24478,1.33181,0.20377,-1.22640,0.20338,-2.09151,0.87865,-1.10441,0.66128,-0.66088,-0.55349,-0.32277,2.19361,0.60812,1.03818,0.63222,-2.16929,-0.95597,-1.48974,-0.60167,-1.24773,0.89591,-1.11911,-0.25072,-0.88197,1.76104,0.74832,1.29362,0.37747,-2.17065,-1.29081,-1.08690,-0.04244,-1.15998,1.28684,-1.31224,-1.47508,0.56759,0.74933,1.21666,1.18120,1.93976,-1.48368,-2.11914,-1.13514,-0.10367,-1.48757,1.18810,-0.22449,-1.10748,0.33663,-0.65129,1.38707,1.96466,0.49599,-0.42666,-0.47452,-0.14236,-0.44882,-1.46777,-0.62275,-0.05129,-1.03145,0.43268,-1.05998,1.18609,2.98839,-0.08859,-0.65810,-1.46436,0.28669,0.60884,-0.31831,-0.09842,-0.83590,-1.92458,-0.16929,-1.34941,1.54920,2.34093,-0.45372,0.28244,-1.02250,-0.21331,-0.47230,-0.39199,-0.85309,-1.20741,-0.73565,0.05651,-0.01604,0.91400,0.58529,-0.73666,-0.41553,-0.66882,0.37282,-0.20427,-0.98848,1.35848,1.16171,-0.48091,0.00282,1.60207,0.82568,0.29769,1.28008,-1.62874,-1.88735,-0.72676,0.56147,-1.37557,1.25381,0.66336,-2.44889,0.45779,1.95375,0.65957,0.01731,0.84861,-2.24355,-1.24905,-0.56436,0.35909,-0.97520,1.81023,-0.19140,-2.33988,0.62469,1.79815,0.54410,0.14027,0.77540,-2.32346,-1.14545,-0.09343,0.28263,-0.44980,1.15120,-0.72825,-1.79168,0.89313,1.37930,0.72835,0.34872,1.13734,-2.43690,-0.82112,0.07383,-1.10750,0.47982,0.58543,0.70348,-1.43492,0.08658,0.09138,0.67099,1.72306,0.38195,-1.98477,-0.94605,0.06666,-1.50630,2.00990,1.11798,0.87698,-0.45955,-1.25219,-1.22823,0.21599,1.49306,-0.11359,-1.02722,-0.76589,0.90082,-0.90042,1.41382,3.45814,0.73430,-1.00005,0.98810,-1.48392,0.53829,1.22578,-1.18877,-0.65871,-0.90717,0.53793,-0.57581,1.47446,1.51321,0.28053,0.94299,0.95784,-1.73589,0.41437,1.53389,-0.69381,0.10284,-0.96951,-0.16448,0.43304,1.59735,0.73601,1.60091,0.29086,-1.26811,-0.19924,-0.69111,-2.13781,2.12997,0.31236,-0.73762,0.91240,0.63307,0.82063,0.94414,1.79662,0.38917,0.54570,-0.30693,-0.92891,-1.28232,2.17521,-0.23268,-0.64877,1.65640,1.08122,0.21405,1.14793,1.14384,0.84747,0.32021,-0.88773,-1.54157,-0.19047,1.10520,-0.35338,0.89433,1.76505,2.13210,-0.07247,0.99877,2.64940,0.16158,0.51255,-1.30210,-1.24391,0.49450,-0.18360,0.46948,0.73180,0.97940,0.99844,0.08530,1.57159,0.95185,-0.60933,1.48050
# [48/100] 'pokedex' OK
pokedex,0.11185,0.44201,0.42943,0.54499,-0.95107,-0.00788,0.97699,-0.20588,-0.49975,-0.78308,-1.04855,0.40165,-0.51009,-0.58220,-0.47464,-0.41136,-0.32513,0.09229,0.49555,0.11557,0.64129,1.27414,-0.02329,1.18643,0.72140,0.97408,-0.10472,-0.22464,0.50445,-0.31749,-0.10308,-0.42049,0.68821,2.43079,-0.41983,0.31966,0.73431,0.23553,0.35222,-0.46507,-0.28843,-0.10503,-1.68476,1.40630,0.69489,-0.39696,-0.58317,0.30169,0.73252,0.61883,0.70758,0.51785,-0.34026,-0.59217,0.20393,0.10488,0.03720,0.39816,-0.03198,-0.29295,-1.06546,0.13414,1.45580,0.84627,1.66478,-0.33605,-0.16248,-0.47465,-0.36406,1.56005,0.05253,1.93809,-0.81985,-1.28162,1.42319,-0.39091,0.12361,-0.27045,-0.04017,-0.52449,-0.09634,0.09086,0.13360,0.01665,-0.06671,-2.03237,-1.10406,0.83695,-1.60856,0.04573,0.35041,-0.21955,-0.49954,0.32544,-0.20763,0.20571,1.18531,-0.09102,0.30292,-1.17519,-0.51954,-0.28423,0.05471,-0.40513,-0.36178,0.03606,0.61871,-0.53747,0.44206,0.51623,0.02989,-1.90109,-0.45618,0.19221,-0.60765,0.85053,-0.10191,-0.31457,-0.22504,0.73742,-0.43842,0.89695,0.24503,0.20007,-0.45440,-0.54765,-0.20496,-2.27674,-0.76565,-0.42208,-0.13173,-0.44187,0.43453,0.71748,0.49378,-0.06309,-0.49342,-1.21529,-0.36294,0.49742,0.20707,-0.14025,1.14041,-0.28061,-0.04565,-0.77758,0.33478,0.53752,-0.11332,-0.59283,1.29725,0.37615,1.23905,1.46006,0.08095,-0.43086,-0.59351,-0.71266,1.08237,1.14139,0.54523,0.05318,-0.03947,-0.79663,-0.23760,-0.20453,0.38534,1.66191,1.50298,-0.35718,-0.30903,-0.10617,0.01177,0.70660,0.85555,0.07613,0.73586,0.33709,-0.64159,-1.53358,0.48901,0.38390,-0.40272,-0.36614,-0.36416,0.13187,0.98442,1.03896,0.31418,-0.05384,1.06360,0.56627,-0.61204,0.77528,0.22339,-0.46724,-0.50850,-1.10121,-1.88989,-0.85008,-0.10648,1.04503,1.18051,-0.16580,0.18860,1.40318,-0.26428,1.39293,-0.43841,-0.62171,-0.71730,-0.17763,-0.07252,0.90421,1.63562,0.46723,0.16236,1.53399,0.27684,-2.05525,0.47167,-0.35670,-0.38833,0.10902,-0.28045,-0.03133,-0.72116,0.98330,-0.06520,-0.17701,0.56828,-0.52470,0.05454,0.08401,-0.43498,-0.40043,-0.51709,0.28153,0.14172,0.55151,0.20691,-0.49505,-0.72791,0.95179,1.15224,3.03778,0.94680,-0.59875,-0.43370,0.04277,-0.96892,-0.32733,0.87258,-0.37972,0.07617,-0.33612,0.65148,0.75983,1.41354,0.84704,-0.27210,-0.13719,-0.47605,0.05816,-0.01968,0.68204,0.82696,-0.48618,0.37246,-0.68429,-0.87197,-1.92722,-0.10178,-0.64047,-0.55695,0.10056,0.86794,1.58142,1.10287,0.72398,-1.09796,0.04237,-1.80450,-1.02318,0.75094,-0.66271,-0.32266,-0.51629,0.67091,0.68783,0.56631,-0.27776,0.03809,1.09269,0.13624,-0.32695,-0.00500,-0.72802,-0.34773,-0.26528,-0.12607,-0.33836,-1.09147,0.32162,0.26227,-0.94298,0.45865,-0.16120,0.78316,0.98147,-1.62278,-0.01879,-0.40092,-0.61522,0.60900,-0.65290,-0.16818,-0.17281,0.45674,1.08866,-0.05502,0.14971,0.39118,0.25058,-0.42184,-0.25014,-0.18815,-0.02671,0.68737,0.37687,-0.55057,-0.40216,-1.17783,0.23692,0.30885,0.45781,0.45130,-1.10354,-0.05252,0.17316,-0.13466,-1.03293,0.01665,-0.34518,0.62970,-0.48757,-1.10437,-0.13605,-0.42190,-0.53560,0.04359,-0.20962,-0.31918,0.34788,-1.46167,0.73113,0.81343,-0.39431,0.62458,1.17064,-0.57107,0.98092,1.64104,-0.17472,-0.42343,-0.28897,1.28167,3.42245,0.57509,-0.23931,-0.14054,-0.54133,-1.70921,-1.43023,-0.03877,0.67590,0.70438,-0.30084,-0.49340,-0.28921,-0.05654,-0.58338,0.92933,1.24357,-0.94089,-1.90000,1.31366,1.32891,1.25560,1.09264,-0.38910,-0.30196,0.54123,-0.98577,-0.16495,0.80571,0.98698,0.41435,-2.53766,-0.18906,1.71110,-0.16090,0.70855,-0.14547,-0.38209,-0.09310,0.74361,0.19250,0.23615,0.74803,-0.89515,-1.23583,-0.56549,1.05209,0.03188,0.36644,-0.15184,-0.16394,-0.17875,-0.05709,1.08528,-0.08461,-0.42110,0.94343,0.08845,-0.16690,0.29599,-0.55409,-0.62911,-0.14985,-0.48796,0.56473,0.27647,-0.45938,-0.63038,0.24313,0.14199,-0.10460,0.48816,0.93384,-0.34295,0.31111,-0.44278,-0.74255,-1.10118,-1.27112,0.85160,1.39812,1.57909,0.82861,0.16825,-0.25885,0.39458,-0.00209,0.05510,-0.16814,-0.32369,0.32551,1.54373,0.34116,0.53015,0.13623,-1.10416,-0.07156,0.09936,-1.17410,-0.69782,0.34330,-0.39963,-0.39961,0.95163,-0.47307,-0.34167,0.25467,0.49648,-0.45515,0.37987,1.49420,0.08011,0.93074,0.09921,-0.21714,-0.43745,0.39598,0.70140,-0.12264,0.12447,-0.43539,0.80408,-0.55663,0.50501,-0.96612,0.76489,0.35432,-0.15535,-0.09300,0.39687,1.16381,0.62216,0.09538,0.25388,-0.19579,-0.58946,0.91207,-0.56383,-0.23904,0.80573,-0.33431,-0.42757,0.21440,-0.53942,0.53583,0.43534,-0.65447,-0.68258,1.98448,1.54966,0.16410,-0.75463,-0.37530,-0.45263,-0.31193,0.98566,0.18855,-0.29127,0.09662,0.07375,1.22623,0.11291,0.09120,1.23104,-0.44383,0.27007,-0.39126,-0.38060,0.38585,0.92142,-0.10431,0.04525,1.50428,-0.48039,-0.23763,0.27543,0.05177,-0.34266,1.33959,-0.28616,-0.42789,-0.31198,-0.51177,0.62107,0.33520,0.39042,0.40766,0.51180,1.23213,0.84067,0.21086,0.93634,0.16496,-0.02627,0.37078,-1.00299,-0.97747,0.17964,-0.13828,-0.68771,-0.91201,0.10963,0.73066,0.90815,0.36411,-0.22640,-0.19337,0.71537,0.14148,0.19057,0.44331,0.81498,1.43081,-1.39005,0.03959,-0.76501,-0.04752,-0.22328,-0.40700,-0.05671,0.09940,0.24143,0.93619,0.33869,-0.04844,0.83070,-0.45236,0.67670,-2.24422,-0.02338,-0.01967,-0.47408,-0.02036,0.06384,-0.16605,0.32519,0.46197,-0.44118,2.04557,0.22842,1.74248,-1.14704,-0.10514,1.34744,-0.41590,-0.60516,0.45370,0.46424,-0.53105,1.19058,0.04989,-0.99960,-0.04732,-0.68191,-0.10871,0.08438,0.33770,-0.32518,-0.59795,0.41754,-0.17317,-0.42797,-0.15979,-0.74099,1.83988,1.05902,-0.00053,-0.10070,-1.80741,0.00824,-0.03802,-0.43911,-0.30366,1.03031,1.12265,0.14077,-0.89149,-0.97912,-0.70634,0.33370,-0.52452,-0.98837,0.44243,0.35713,-0.28347,-0.92099,1.29192,-0.51210,0.36018,0.82208,1.16814,0.34940,-0.54778,-0.95826,-0.50383,0.35325,0.32340,-0.29533,-0.65409,-0.07277,0.30128,0.53878,-0.43491,1.03226,-0.04499,-0.53298,1.83139,1.02630,-0.26650,-0.16378,-0.31166,-0.10131,-2.15073,-0.98995,-0.13202,0.44748,0.05966,-0.11895,0.46190,1.23101,1.61744,0.38366,-0.33196,0.16394,0.07615,-0.27976,1.25596,0.43710,0.70067,-0.34470,0.71941,-0.16077,-1.20840,-1.08296,-0.50698,0.69922,0.38466,-1.59498,-0.22965,-0.46132,-0.31455,0.25271,0.72738,0.66281,-0.85306,-1.11815,0.60495,-0.41825,4.07444,1.03628,-4.02641,0.42842,-1.02748,-1.97854,-1.28628,0.07589,0.40273,-1.46500,0.32565,-0.54424,-1.26383,3.12952,3.50882,-1.38478,-1.26810,-2.36721,-2.08983,-3.07858,-0.19414,1.32534,-2.28211,-1.02472,-2.04322,-1.90700,3.72819,3.24580,-1.27732,-0.06907,-3.16754,-2.48022,-3.46770,0.80510,2.43973,-3.14880,-1.79057,-2.31339,-2.94723,3.34581,3.36663,-2.01241,1.66755,-3.70213,-3.34264,-2.10003,-1.68414,2.48209,-2.83314,0.76146,-1.10570,-2.63160,1.18034,3.26263,1.32682,2.56940,-2.47029,-3.51792,-1.48866,-2.32841,1.94306,-1.54858,0.21170,0.31575,-3.53245,-1.08474,2.55049,4.11328,-1.71920,0.49146,-2.36984,-2.02951,-0.49983,2.16090,0.16290,-0.68531,-0.87851,-1.82683
# [49/100] 'pokedex' OK
pokedex,0.11597,-0.19228,-0.14034,-0.01859,0.58555,0.40288,-0.44822,-1.20536,-0.76296,-0.36349,0.80745,0.05265,-0.66631,-0.19541,-0.59449,-0.28042,0.54254,0.77946,0.74664,-0.11046,-1.02094,-0.18800,-0.70473,0.64041,0.57371,0.03703,-0.25222,-0.74140,-0.78711,0.30883,0.92892,0.82131,-0.07223,-0.33602,0.51906,0.33025,2.05398,0.37927,-0.69668,-0.06603,-0.23317,-0.18584,0.06905,0.57714,0.77970,-0.04856,-0.61509,-0.40578,-0.76576,0.04623,0.57698,-0.57642,-0.21621,-0.50616,-0.35688,-0.47828,0.65609,0.19115,0.47095,-0.60010,0.74615,-0.10872,0.37015,0.11607,0.55755,-0.26102,-0.37354,-0.28720,-0.58479,0.45601,0.35067,-0.02331,-1.08349,0.30380,0.02622,0.23686,1.11986,0.02010,-0.23848,-0.60305,-0.90009,-0.64353,0.54035,0.72126,-0.04395,-0.68002,-0.31554,0.33682,1.68138,-0.68087,1.35532,-0.23818,-0.66059,-0.66830,-1.04835,0.68364,1.21545,0.17171,-0.15903,0.54535,0.29700,1.17108,0.23171,0.41088,-0.26115,-0.74263,-1.01232,-0.87619,0.55388,0.94487,0.48632,0.08573,0.30597,0.21133,-0.45295,0.27393,0.14608,-0.23149,-0.60471,-0.23974,-0.79276,0.45490,0.82859,0.46795,0.26799,0.31833,-0.19730,-0.05486,1.64961,0.03908,0.07801,-0.31460,-0.62463,-1.15410,0.38393,0.74718,0.01721,0.60432,0.27522,-0.61254,-0.10924,0.96959,1.35955,-0.14095,-0.36857,-0.73986,-1.63971,0.68694,0.88391,0.47652,-0.09443,0.13591,-0.23247,-0.21463,-0.32892,-0.34832,-0.20048,-0.37663,-0.36175,-0.32029,0.79539,0.48867,0.73418,-0.25887,-0.04618,-0.36716,0.13258,-0.15049,-0.78568,-0.16039,-0.42660,-0.13921,-1.13045,0.49859,0.26799,-0.43824,-0.61725,-0.24138,-0.37966,-0.99833,0.79434,1.49197,-0.17872,-0.42088,-0.91699,-0.68651,0.63450,1.02563,0.42523,0.24352,0.14380,-0.47369,-0.24929,-0.02215,-0.18728,-0.09510,-0.27609,-0.00994,-0.92162,0.41213,0.86617,-0.22837,-0.17135,0.36620,-0.16642,0.29786,0.37935,-0.08800,1.48391,-0.59955,-2.12418,0.45162,0.16128,0.62330,0.08164,1.67824,-0.30532,-0.58066,0.89904,0.15846,-0.11981,2.03014,0.93252,-1.06935,0.87912,-0.13692,-1.11042,-1.52552,0.41739,-1.92731,-2.41129,-0.68349,-0.26615,-0.36625,1.47030,2.21074,-0.54989,-0.40759,-0.11435,-1.33465,-1.71729,-1.15874,-0.15736,-2.28740,-1.58015,-0.60703,-1.42241,1.26879,2.27291,-0.60623,-0.23809,0.28112,-1.90545,-2.23745,-0.17427,1.15238,-2.88850,-1.07354,-0.74013,-3.27296,0.91102,2.27938,-0.29477,0.16892,0.39276,-2.21593,-2.07890,-1.05169,0.77033,-2.22236,-0.59123,0.34465,-1.87809,-0.32859,1.77528,0.87346,-0.23196,1.05838,-1.67932,-1.23439,-0.11696,0.92993,-0.95548,-2.48692,0.35519,-1.57759,-0.85483,1.36394,1.17172,-1.31850,0.95238,-1.34482,-0.97583,-1.01966,1.15370,0.54500,0.03770,0.16530,-1.74945,-1.13808,1.03103,1.73614,-1.08903,0.72741,-0.98130,-0.29190,-0.62808,0.31296,-0.11611,-0.15971,0.95220,-0.30308,1.16438,-0.99360,-1.43096,2.37556,-1.13184,0.04777,-0.06607,0.56832,0.49005,-0.61889,0.31890,0.81905,2.01839,1.39910,-0.94082,-1.62463,-0.20229,-0.88593,0.95328,-0.13985,1.35208,0.20643,-0.58646,1.83341,-0.88498,-0.68811,1.13595,0.29526,1.30574,0.20537,-0.87466,-0.35255,-1.49796,-0.14371,-1.74959,-0.40926,0.15624,-1.09154,-0.49841,1.68005,0.99598,0.98170,1.00028,-1.97925,-1.00382,-1.34718,-1.06128,-1.30898,-0.61626,-0.12129,-1.60527,-0.10057,1.57820,1.08045,0.82789,0.91577,-1.80137,-1.23455,-0.72885,-0.00887,-1.32813,-0.43412,-1.81407,-1.92536,-0.06713,1.44264,1.02907,0.70231,1.51569,-1.86157,-1.29236,-0.84170,0.33557,-1.67666,0.15408,-1.71573,-1.72352,-0.32906,0.72675,1.36351,1.42540,1.75767,-1.34294,-1.85948,-0.79177,-0.84687,-1.81620,-0.56867,-0.13082,-1.82426,0.59740,-0.25779,1.50004,2.16283,0.08428,-0.25940,-0.67035,0.10574,-0.09737,-1.65773,-0.82878,-1.76109,-2.20076,-0.94008,-0.75491,1.15085,2.57896,0.85358,0.05493,-0.24398,0.28133,-1.75076,-1.03225,-0.72035,-1.57056,-0.93172,-1.69199,0.29538,0.72098,0.40457,0.98166,-0.06914,-0.12515,-0.93323,-2.18182,-2.29635,1.24614,-0.78551,-0.26609,0.64818,1.10110,0.98892,0.68277,1.19427,-1.27889,-1.56464,-1.49012,-0.52752,-1.86604,1.36146,-0.29491,-1.97357,0.44150,1.78548,0.88808,0.26699,0.60893,-1.81551,-1.12050,-1.05372,-0.28221,-2.22799,1.14855,-0.42108,-1.99382,-0.62208,1.73677,0.64984,0.15212,0.47124,-1.93381,-1.01332,-0.77392,-0.01232,-1.68414,1.58961,-1.21178,-1.02968,-0.88907,1.57190,0.62197,0.40391,0.26519,-1.93808,-1.02665,-0.63557,0.10407,-0.81714,0.48789,-0.77130,-0.63499,-0.32839,1.31134,0.73230,0.57380,1.02961,-2.08907,-0.92701,-0.93557,-1.42218,-0.03542,0.36689,0.17187,-0.23892,-0.25981,0.40288,0.89156,1.69148,0.88068,-1.99529,-0.54087,-1.27460,-2.27552,0.31960,0.21480,1.47533,-0.08148,-0.24144,-0.58922,0.89404,1.89995,-1.18032,-1.13587,-0.82449,-0.39981,-0.86478,1.39855,1.26508,-0.25135,-0.77806,-0.06450,-1.04575,0.56262,1.72860,-0.54143,-0.75688,-1.19046,0.41434,0.26918,2.10075,0.82503,0.10985,0.43775,-0.59765,-1.18505,0.36746,1.69185,-1.96713,-0.24712,-0.76064,0.05821,-0.12099,1.25848,1.41360,0.07393,0.86547,-0.59246,-0.36611,-0.39496,-0.46143,1.16326,-0.30326,-0.92487,0.76258,-0.74865,0.37778,-0.44802,-0.65122,2.01108,1.02837,0.62979,-0.73755,-2.32035,1.17197,-0.50383,0.66334,1.64995,1.34161,1.15368,-0.37985,-1.59670,0.73447,0.39340,0.07144,-1.70421,-0.82786,3.09712,-1.09630,0.64152,2.12096,0.63453,0.09189,1.79793,-0.42407,-1.46024,1.37907,-0.24374,-1.11672,-0.19527,0.66877,-0.17369,0.71142,0.95398,0.61764,0.17891,2.06393,0.21034,-0.39780,0.19774,-0.69662,-1.49093,-0.53291,0.51242,0.36919,0.95112,1.63963,1.22121,-0.38759,1.48047,0.31576,0.33631,2.07381,-0.90357,-1.34167,-0.10206,0.85213,0.59551,0.45184,1.11446,1.60542,0.81374,1.40401,-1.06045,-0.56873,1.19680,-0.88802,-1.11313,-0.57036,-0.94116,0.69136,0.92006,0.53378,1.96051,0.95826,1.46041,0.88880,0.56521,1.49504,-0.96648,-1.25620,-0.06934,0.37332,0.78144,0.90459,0.30704,1.18970,0.43977,0.63356,0.54267,-0.33762,1.86815,-1.08509,-1.27739,-0.39493,-0.14400,1.22484,1.49794,0.85348,2.81269,0.38941,-0.48095,0.27815,0.62401,0.31863,-1.14108,-1.16481,-0.83417,-0.82417,0.53867,1.45672,2.29267,1.38126,0.67973,0.89099,0.88720,0.74746,1.10942,-1.11888,-1.01045,-0.12650,-0.30100,1.41026,1.30647,0.77098,0.48007,0.46113,0.01178,-0.37994,0.65734,0.09986,-1.15856,-0.82565,-0.72112,-1.06315,0.80865,1.18148,1.35007,1.60182,0.48770,0.49074,1.23844,1.73391,0.64649,-0.91698,-0.37808,-0.52341,0.53340,0.79173,-0.15009,0.94936,0.57661,0.83322,-0.93049,0.73053,0.82260,1.21216,-1.15541,-0.46139,-0.14852,-1.11945,0.62490,0.83245,0.89635,1.05894,0.70180,0.60329,0.48277,0.11522,0.68508,-1.43864,-0.87107,0.02221,-0.30250,1.22327,0.83493,1.03290,0.66167,1.05501,0.35074,1.55222,1.31953,-0.26980,-1.57788,-0.47968,-0.08427,-1.77216,1.20245,0.88588,1.49327,-0.46140,0.24255,0.38417,0.40654,1.47905,-0.23903,-1.40378,-0.45064,0.25186,-0.72065,1.13305,0.68120,0.97993,0.72425,0.52647,-0.51030,2.00423,1.31512,0.14692,-1.44045,-0.55484,-0.27313,-0.27258,1.07398,0.57033,0.49182,0.00325,1.09004,-0.02559,1.56437,1.06767,-0.51612
# [50/100] 'pokedex' OK
pokedex,0.14189,-0.14812,-0.23237,0.07543,0.69187,0.16051,-0.30906,-0.94601,0.03950,-0.92729,-0.00083,0.65084,-0.34382,-0.14323,-0.54536,-0.20736,-0.82637,0.52652,0.50540,0.68552,-0.17246,0.39202,-0.46585,-1.17836,0.35795,0.33691,-0.11681,-0.54104,-0.60927,-1.02070,0.42746,0.21750,0.69622,-0.96176,0.23916,0.33821,0.15263,1.42964,0.35925,-0.17096,-0.65703,-0.30953,-1.28354,0.46153,1.07728,0.34979,-0.14091,-0.02927,0.15800,0.05505,1.36709,1.34663,-0.15893,-0.31085,-0.04462,-1.13837,0.61303,0.71949,0.25312,-0.53065,-0.26644,-0.87954,-0.26642,0.92163,-0.59384,-0.19478,-0.51616,-0.36871,-1.00109,0.89654,1.34148,0.17122,0.03822,-0.04463,-0.37247,-0.12603,0.02958,-0.64227,-0.06790,-0.49087,-0.87883,-0.54441,0.75840,0.73645,-0.07432,-0.80894,0.17662,-0.63420,-0.00699,0.92591,0.14478,-0.06081,-0.40480,-0.30564,-0.49372,0.57505,0.54107,0.10635,-0.33859,-0.25667,-0.66969,-0.29797,1.33574,0.52151,-0.21282,-0.24093,-0.07054,-0.09513,0.57906,0.04435,0.11186,-0.33418,0.20185,0.08906,-0.34179,0.23966,-0.98139,-0.15740,-0.27041,-0.34888,-0.46056,0.85491,0.64009,-0.19330,-0.68815,-0.29853,-0.91281,-0.55265,0.74759,0.18028,-0.13524,-0.43386,-0.38734,0.53860,0.70389,0.66803,0.28983,-0.01410,-1.10460,-1.39610,-0.09571,0.19512,0.40271,0.99446,-0.37359,-1.14341,1.18523,0.80700,0.38053,-1.32204,-0.94561,-0.96111,-1.05013,-0.25482,-0.04246,0.24775,2.41151,0.55950,-1.58933,0.47440,0.21885,-0.72834,-2.31347,-1.19440,-0.23199,-1.76634,-1.55626,-0.75654,-1.28932,1.76184,2.08048,-1.48754,-0.86574,-0.09908,-0.85901,-2.12035,-1.63929,1.38330,-1.81439,-1.91936,-0.84867,-2.35520,1.29480,2.25294,-0.92321,-1.14120,-0.05166,-1.31925,-1.75605,-0.81480,2.33311,-2.56460,-2.64914,-0.61755,-2.65278,0.99228,2.29308,-0.67458,-0.95808,0.16790,-1.52883,-1.72658,-1.52651,2.75208,-2.67479,-2.16302,0.55119,-3.11792,-0.07118,2.08903,0.95657,-1.20093,0.69813,-1.96541,-1.87675,-0.72282,1.71311,-0.35579,-1.84587,0.53611,-1.57370,-0.86296,1.52199,1.66247,-1.88365,0.72358,-0.85064,-0.85580,-0.40995,1.52180,-0.03028,-2.22046,-0.62588,-1.03708,-1.05558,1.11154,1.26937,-1.62193,0.79869,-1.31842,-0.81754,0.31764,1.65289,0.65596,-0.40378,0.06497,-0.72970,0.28108,-0.27101,-0.94354,1.37349,-0.12811,-0.26785,-0.11890,-0.83179,0.25451,-0.08845,-0.05754,0.92772,-0.21071,1.22901,-1.14452,-1.63122,1.36998,-0.71699,1.07163,-0.79351,1.18556,0.00642,-0.68875,0.31229,-0.39626,-0.61864,0.50576,-1.10208,0.06549,-0.00296,-0.13165,1.24568,-0.57282,1.54768,-0.39765,-0.32390,0.54799,-0.02427,-0.83747,0.93934,0.76115,2.04390,0.50390,-1.47806,-0.52455,-1.47825,-0.56268,-1.14031,0.45552,-1.18011,-0.86988,-0.26543,1.66679,1.00163,0.56245,1.67642,-1.96042,-1.34667,-0.63971,0.05530,-1.04176,-0.59130,-1.42067,-1.60283,0.18657,1.69312,0.84262,0.43188,1.33193,-1.70549,-1.38567,-0.83300,0.87154,-1.27814,-0.09196,-1.26353,-2.03874,-0.20602,1.41869,0.97493,0.86858,1.14245,-1.63372,-1.42518,-1.35375,0.25170,-1.58571,0.13064,-0.07920,-1.80723,0.53318,0.64662,1.32321,1.39571,1.57874,-1.31040,-1.53590,-0.90782,-0.01777,-1.59659,-0.25912,0.60451,-2.41175,0.05603,-0.19461,1.29574,2.02607,0.59324,-0.44919,-1.01313,-0.08988,-1.06942,-1.44165,-0.16097,-0.28950,-1.17044,-0.01401,-0.47176,1.44400,2.44360,0.20392,-0.55022,-0.65566,-0.40182,-1.53470,-1.12344,-0.48373,-0.40392,-1.45937,0.28690,-0.21350,1.25371,1.21719,-0.05959,-0.21548,-1.14289,-0.01301,-0.01688,-0.82525,-0.28007,-0.60900,-0.61776,-0.39216,1.10859,0.99183,0.60268,1.36960,-1.14397,-1.84664,-1.09747,-0.21748,-1.59438,0.88389,0.28028,-1.84860,0.87223,1.67708,0.88981,0.38146,0.43268,-1.71818,-1.13491,-0.62647,-0.36163,-1.81366,1.20011,-0.30492,-1.42807,-0.62122,1.74378,0.54342,0.18204,0.40788,-1.75317,-1.09985,-0.49006,0.54381,-1.36213,1.73833,-1.09417,-1.44687,0.45258,1.66864,0.52390,0.10347,0.55658,-1.80993,-1.07161,-0.51320,0.31902,-0.67312,1.02323,-1.06556,-0.98715,0.63751,1.49831,0.53451,0.36955,0.48445,-1.84508,-0.72877,-0.80124,-0.46541,0.11914,-0.07625,-0.03587,-0.84257,0.08719,0.92962,0.66056,0.90947,0.89140,-1.97542,-0.26794,-0.92309,-0.92816,0.41213,-0.89661,0.67499,-0.26541,-0.63075,-0.28952,0.51420,1.78146,0.31754,-1.58894,-0.69955,-0.42159,-0.98662,1.85134,0.07437,0.28619,-0.13680,-0.17639,-0.76465,0.48307,1.53641,-1.08912,-0.71387,-0.59715,0.00424,-0.53216,1.56202,1.42093,0.23434,-0.07427,-1.21036,-1.11864,0.42418,1.42432,-1.14906,-0.74950,-0.62117,0.83955,-0.00368,1.68865,0.45969,0.78479,0.60934,-0.28850,-1.18532,0.13159,1.74700,0.27561,-0.33086,-1.02109,0.21800,-1.38485,0.92911,0.79444,0.02271,0.29577,0.04964,0.38603,-1.13333,-1.87267,2.71451,-0.72788,0.02527,0.55927,-0.94078,0.48973,0.61943,1.01642,1.28084,0.37900,0.12516,-0.77799,-0.81181,1.90840,-0.68344,-0.43938,0.65800,-0.10167,-0.14739,1.42020,1.07005,0.94759,-0.56521,-0.45113,-1.50685,-0.50915,1.80715,-0.45275,0.79942,1.51410,0.25985,-0.60121,1.41882,1.49877,-0.12876,0.85947,-0.63370,-1.41093,-0.42636,1.21975,0.31955,0.73198,0.78740,0.79830,0.38355,1.96271,0.15760,0.37560,1.02703,-0.68779,-1.17336,-0.38486,-0.12750,0.40084,0.55279,0.92806,1.53050,-0.86925,1.24969,1.18941,0.78817,0.84475,-0.66743,-0.90468,-0.17847,-0.26080,0.49575,1.23702,1.06855,1.41482,-0.35933,1.09028,0.39188,-0.07506,0.75582,-0.78314,-1.08124,-0.42658,0.34505,0.60482,1.37181,1.03344,1.02680,0.19730,0.04645,0.72326,-0.30236,0.37608,-0.70673,-1.15211,-0.89170,-0.60892,0.37972,1.53727,1.15970,2.11993,-0.14477,1.33334,1.13292,-0.99395,0.83907,-0.67578,-1.09055,-0.99152,-0.72904,0.43168,1.39637,1.04918,2.58075,-0.11722,1.05757,1.85859,-0.07542,1.73220,-0.53773,-1.09990,-1.20247,0.28943,0.89478,0.51237,1.68661,1.29509,0.01972,2.05749,1.10679,0.21019,0.66669,-0.45295,-0.84291,-1.28679,-0.31069,0.49768,0.90884,0.36681,1.26732,0.41329,0.49615,1.36890,0.83666,0.84156,-0.80465,-1.17228,-0.57101,-0.33551,0.63735,0.96187,1.28335,2.64941,-0.30178,0.37779,0.48580,-0.60973,0.33439,-0.61491,-0.86150,-0.59782,-0.69644,0.70939,0.35589,0.87254,1.34660,-0.18604,0.16229,0.70189,0.31199,1.46360,-0.72557,-0.52265,-0.50789,-0.54440,0.85781,0.67432,0.46379,0.01799,-0.16000,-0.69460,0.72775,-0.34143,0.27806,-1.18984,-0.60191,-0.91961,-1.25642,1.10176,1.23114,1.22079,1.38094,0.32791,-0.61569,0.83423,0.72571,2.26245,-1.50770,-0.85907,-0.16714,-1.10101,0.86068,1.14279,1.47958,-0.46516,0.08477,0.36033,1.64216,1.47807,2.48281,-1.52469,-0.50387,0.25093,0.40002,1.70328,1.53403,0.97858,-0.98248,-0.54294,-1.35969,0.68033,1.33276,-0.53004,-1.31595,-0.46499,-0.19036,-0.74044,1.39692,0.89902,0.99809,0.19541,-0.53744,-0.35060,0.62692,1.93117,-0.24120,-1.32599,-0.47624,-0.18739,-0.53877,1.56883,0.32153,1.00380,0.26888,0.26523,-0.31321,0.25775,0.54862,0.43253,-1.36111,-0.64929,-0.18312,-1.08834,1.03263,0.82093,1.84064,0.93573,0.85472,0.40416,1.10154,1.57642,-0.43567,-1.50096,-0.76633,0.23055,-0.29334,1.52758,1.03132,0.76287,-0.62632,0.76943,0.31012,1.15475,1.31644,0.28362
# [51/100] 'pokedex' OK
pokedex,0.33516,-0.16763,-0.56676,-0.94432,0.72879,0.71831,0.30387,-0.82397,-0.97540,-0.41773,0.57030,0.10354,-1.34987,0.15794,-0.44523,-0.48820,-0.79062,0.45617,0.81323,0.37247,0.04461,-0.25129,-0.25543,-0.15932,-0.00197,0.23235,0.14274,-0.55132,-0.55137,-0.52816,0.90792,0.51092,-0.19174,-0.91152,-0.92295,-0.80553,-0.42209,1.07546,1.46565,0.07230,-0.35488,-0.55641,0.30712,0.39899,0.52580,-0.12130,1.29493,-0.80453,-2.42013,-0.79091,1.40746,2.33992,-0.04297,-0.29579,-0.70332,-0.61342,1.25375,0.73087,0.27237,0.51315,-0.10221,-1.71870,-0.24996,-0.86074,0.24119,0.11116,-0.32513,-0.18884,-0.26514,0.78293,0.65879,0.14738,-0.92841,-0.50098,-0.73782,0.93301,0.05228,-0.96902,0.13510,-0.40082,-1.10416,-1.10999,0.76926,0.83432,0.33436,-0.11683,-0.67013,-0.99929,-0.09720,1.39924,0.37973,-0.01054,-0.37682,-0.67237,-1.34443,0.47794,0.70870,0.56676,-0.60461,0.30440,-0.19287,0.11646,0.40563,-0.98933,0.01533,-0.40797,-0.49882,0.39877,0.49603,1.10388,-0.34812,-1.79605,0.07503,0.46438,-0.16166,-0.38204,0.42407,0.05124,-0.37232,-0.79716,-0.86003,0.74851,0.86564,0.17581,-0.71490,-0.19798,-0.42137,1.29323,1.07587,-0.01306,0.00573,-0.29964,-0.46568,-0.37803,0.47323,0.24437,-0.20807,0.13178,0.08317,0.06542,0.45738,0.97688,-0.43921,0.65798,-0.49138,-1.27492,-0.05797,0.34148,0.26241,0.47888,0.55760,0.19175,-1.21664,-0.66731,-0.28407,0.20319,2.46106,0.16945,-2.11068,0.60866,-0.59310,-0.06555,-1.13516,1.05813,-0.93336,-1.98453,-1.80664,-0.23031,-0.61732,2.19117,1.86936,-1.53969,-1.26458,-0.00848,-1.23086,-2.55948,-0.34756,0.19913,-1.35210,-2.03211,-1.45157,-1.06054,1.74411,2.07046,-1.44994,-1.04434,-0.06896,-1.49396,-2.27312,-0.19604,1.82811,-2.05671,-2.49331,-1.10629,-1.91874,1.58250,2.04049,-1.21397,-0.53212,-0.22575,-1.79754,-1.89802,-0.84605,1.74062,-2.26080,-1.87874,0.04613,-2.20762,0.40053,2.04016,0.32717,-0.58890,0.29651,-1.76092,-1.83959,-0.47787,1.23496,-1.65794,-1.16987,0.67326,-2.37172,-0.47474,1.47856,1.25268,-2.24469,0.37665,-0.92388,-0.73461,-0.82756,1.76749,-0.87050,-1.65932,0.45048,-1.55749,-1.01081,1.26136,1.30563,-2.13639,0.53018,-1.12739,-1.67528,-0.75430,2.62354,0.75634,-0.61693,0.34454,-0.26250,-0.65570,0.41814,0.88726,-0.22859,0.15134,-0.75257,-0.83677,-0.83358,1.61470,0.16655,-0.35354,0.32095,-1.14089,0.56780,-0.91812,-1.10696,1.27306,-0.97036,0.49861,-0.69892,-0.43708,0.74196,-0.90022,1.35630,0.68227,0.50018,-0.20681,-1.25949,0.15603,-0.75837,-0.14216,0.87254,-0.66902,1.50126,-0.23064,0.57708,2.24765,0.81098,1.78639,0.04918,0.19134,2.00014,0.49921,-0.59690,-0.34316,-1.54131,0.06127,-1.12488,0.48107,0.75381,-1.44474,-0.53127,1.04268,1.39787,0.85345,0.69852,-1.63753,-1.07982,-0.79835,-0.72275,-0.96237,-0.38321,-0.97776,-1.14152,0.15359,1.43303,1.09940,0.64970,1.21688,-1.70443,-1.44792,-0.40501,-0.02626,-1.16584,-0.11716,-1.76920,-2.14408,-0.03635,1.50906,0.90505,0.71029,1.03878,-1.78540,-1.38949,-0.76191,0.37895,-1.73081,0.62682,-1.59845,-1.35126,-0.12729,0.58977,1.19953,1.46988,1.27943,-1.19300,-1.59683,-0.63896,-0.93169,-2.18880,0.96503,0.35380,-1.57331,1.02014,-0.26215,1.18505,2.13432,0.37659,-0.09554,-0.95772,-0.11085,-1.17494,-1.17890,0.20547,-0.93860,-1.78552,-0.61194,-0.50287,1.50325,2.22762,0.04312,-0.43865,-1.06282,-0.25465,-2.12254,-0.86352,0.39821,-0.48240,-1.23920,-0.53144,-0.53975,0.99230,1.87727,-0.30974,0.36289,-0.65392,0.16954,-0.75407,-1.52694,-0.46319,0.35886,-0.60086,-1.79374,0.92475,1.08629,0.42882,0.98625,-1.12868,-1.92913,-0.73279,0.36226,-1.64873,0.79719,0.10936,-1.64978,0.65521,1.56294,1.08270,-0.20020,1.11878,-1.79803,-1.69256,-0.87812,0.80517,-1.41235,0.91732,-0.43466,-1.54388,-0.45720,1.78680,0.76400,-0.35828,0.49462,-1.88524,-1.31351,-0.41078,0.82874,-1.05787,0.83342,-1.03582,-1.65123,0.08665,1.75816,0.65860,-0.31746,0.49560,-2.01411,-0.71265,-0.52834,-0.27282,-0.56016,0.72187,-0.95842,-1.31748,0.43340,1.62182,0.55030,0.06241,1.11404,-2.29081,-0.57383,-0.45710,-0.66674,-0.19639,-0.21315,-0.64185,-0.67130,0.53784,0.91688,0.76753,0.87052,1.23579,-2.07623,-0.38782,-0.66704,-1.96383,0.73378,0.04959,0.58208,-0.44504,-1.36022,-0.32822,0.25912,1.04572,-0.31298,-1.18042,-0.69384,0.23076,-0.65592,1.49282,1.55862,0.90051,-0.20059,0.18216,-0.68256,0.41402,0.76405,-0.81210,-0.71214,-0.70353,0.35846,-0.90929,1.43249,0.77176,1.10437,-0.42375,1.10771,-0.90427,0.33748,1.34673,-0.72593,-0.43757,-1.11801,0.26688,-0.10544,1.01796,0.76582,0.47064,0.41750,-0.55142,-1.12922,0.18955,1.65889,0.40253,0.09268,-0.90042,-0.18586,-0.73789,0.58637,0.90318,0.46496,-0.59314,-1.40513,0.43230,-0.92381,-1.97083,2.40380,-0.56453,0.00451,0.59337,0.02046,1.22305,0.86739,-0.38506,-0.30275,0.24451,0.36285,-0.76468,-1.65157,0.94962,-1.11836,0.56019,1.40236,1.05155,0.61282,1.67505,-0.32517,-0.34110,-0.50874,0.10513,-1.60612,-1.32839,2.57238,-0.92331,1.27801,2.78656,0.68049,-0.29358,0.81510,0.02620,0.89657,0.15071,-0.34529,-1.46964,-0.38212,1.78028,-0.04963,0.76711,1.25914,-0.14049,0.13179,2.11136,0.23965,0.65304,0.89130,-0.75391,-1.57447,-0.16741,0.67651,0.46728,1.01860,1.19336,1.05867,-0.04563,0.85884,0.63350,0.34919,1.92462,-0.89218,-1.18888,-0.36420,-0.42988,1.04265,0.65426,0.72002,0.49750,0.26636,1.65746,1.18167,1.30911,0.91806,-0.76953,-1.11120,-0.75938,-0.16082,1.16346,1.07998,0.95637,0.78789,0.04455,0.78324,0.32043,0.57667,0.27312,-0.88477,-1.44235,-0.36087,0.41516,1.16256,1.54343,0.86739,2.99182,0.94334,-0.40407,-0.84790,-0.03841,0.12205,-0.73289,-1.54998,-0.64129,0.31192,0.76221,0.65704,1.73133,1.90241,-0.37932,1.09913,1.41239,1.11027,0.46398,-0.83223,-1.09864,-0.10680,0.30816,0.51856,0.55589,1.08069,2.00138,-0.52720,0.99291,1.19248,0.66976,0.86964,-0.78187,-1.29986,-0.35399,0.63153,0.67543,1.00268,0.86825,1.80378,-0.60189,-0.05310,0.72505,-0.30001,0.81131,-0.86757,-0.87693,0.21203,1.50411,0.72003,1.18840,-0.13916,0.08346,0.45013,-0.83771,0.37528,-0.06477,0.04222,-0.99591,-0.60051,0.46373,0.35233,0.75941,1.18599,-0.14580,-0.44865,0.70904,-0.12905,1.26584,0.61353,0.67473,-1.50066,-0.93878,0.00001,-1.14972,0.84907,1.03390,1.34168,1.65618,1.17160,-0.34181,0.57145,1.20586,0.92880,-1.25424,-0.67180,0.22466,-1.09949,1.14243,1.26125,1.17532,1.24101,0.86506,0.03422,-0.14553,0.34953,-0.62449,-1.15612,-0.41846,0.14564,-0.84117,1.16976,0.86653,1.30951,0.48750,-0.36182,-0.50410,0.50031,0.12705,0.90679,-1.32354,-0.39219,0.09575,-0.97225,1.27419,1.18647,1.02744,-0.63369,-0.62375,1.14209,0.93406,0.78525,0.39984,-1.21636,-0.43768,-0.02270,-1.12365,1.09143,0.64640,1.21989,0.22713,-0.43975,-0.09940,0.74974,2.30949,-0.76073,-1.17342,-0.33596,0.28504,-0.63733,1.01111,0.69435,0.26471,0.41390,0.32737,0.27881,1.13099,0.81881,0.15262,-1.21050,-0.28879,0.59319,-0.46762,0.86359,0.73291,0.15441,-0.80091,0.09755,0.19829,1.32993,1.37344,1.44218,-1.28552,-0.27410,0.22608,-0.76088,1.32096,0.44334,0.21591,-0.75871,-0.03099,-0.72478,0.43801,1.75069,1.23144
# [52/100] 'pokedex' OK
pokedex,0.35249,-0.29256,-1.13735,-0.28388,0.57027,0.80280,0.09748,0.54670,-0.00129,-0.66121,-1.12311,-0.27137,0.85053,1.35291,-0.61409,-2.16426,0.83964,0.10516,0.84372,0.43986,1.73629,-0.56101,-1.35804,-1.57167,-0.80826,-0.08464,2.34847,0.69557,-1.91830,0.32741,-0.40273,-0.69916,-1.48136,-0.13029,-1.00553,-1.10900,-1.98447,-1.14686,-0.69871,2.09126,1.66750,-1.68490,-0.97809,-0.32231,-0.70986,-2.38807,-0.89633,0.67318,-1.72439,-1.22604,-1.54123,-1.54776,1.68567,1.84500,-1.41000,-1.12181,-0.21797,-0.80157,-2.37418,-0.08448,2.11931,-2.90060,-1.71429,-1.52521,-1.96738,1.49007,1.84891,-1.39956,-0.77087,-0.03008,-1.63011,-1.94159,-0.21934,1.99085,-2.88624,-1.31723,-0.57680,-2.14790,0.71558,1.86500,0.06924,-0.66680,0.56748,-2.02327,-1.81722,-1.06872,0.72000,-1.74996,-0.96396,0.25077,-1.89306,-0.42361,1.46456,1.28415,-1.16969,0.84454,-1.03385,-1.03246,0.00012,1.08081,-0.79226,-1.11498,-1.14164,-2.74417,-0.61276,1.05605,0.73220,-1.27667,1.00826,-2.04651,-1.20424,0.55243,1.61863,-0.27483,0.13487,0.13613,-1.88987,-0.99591,0.92139,1.13081,-1.29246,1.05475,-0.61140,-1.17132,-0.79292,1.29051,0.26947,0.43921,-0.48067,-0.60418,0.29842,-1.08270,-0.80155,2.67342,-0.80634,0.45749,-0.97163,-1.29814,1.73812,0.05443,0.45780,-0.71163,0.68250,0.93333,-1.73890,-1.37857,1.23330,-0.67374,1.42775,-1.09756,0.33518,0.92191,0.37799,0.81459,-0.15851,0.93233,0.15791,-1.55137,-0.07560,-0.49862,-0.25167,1.45170,-0.37856,2.40242,-0.42595,1.20600,0.01895,-0.05009,2.01644,0.74505,0.90168,1.93820,-0.33879,-1.25387,-0.21144,-1.11670,-1.18620,-0.74492,-0.12154,-1.44796,-0.84087,-0.51986,1.41004,1.03809,1.08496,0.98380,-1.69076,-1.50647,-0.88476,0.13000,-1.37400,-0.13375,-2.89901,-1.11933,0.55079,1.60392,0.98194,0.49170,1.33608,-1.96131,-1.44551,-0.73946,0.03938,-1.58576,-0.00203,-1.31484,-1.86759,0.46479,1.27700,1.01721,0.87900,1.65822,-1.90152,-1.22944,-1.17355,-0.84466,-2.24759,0.32084,0.25060,-1.57158,1.02959,0.15950,1.09627,2.10972,1.08452,-0.73928,-1.11955,-0.26783,-0.98467,-1.79915,0.24538,0.39080,-1.54720,-0.49049,-0.14841,1.23433,2.05000,0.24199,-0.02592,-0.98635,-0.12086,-2.25747,-1.53244,0.45667,-1.27171,-0.51078,0.52955,-0.38550,1.39817,2.11074,-0.12186,-0.06291,-1.19013,-0.49769,-1.69097,-1.42306,-0.16603,0.02316,0.50621,-0.71908,-0.16421,0.80516,0.58959,-0.50790,0.93722,-0.12384,-0.29990,-1.54881,0.02566,-0.33420,-0.73403,-0.10012,-1.23109,1.26211,0.91555,-0.54003,0.64829,-0.64257,-1.21654,-0.91242,-0.53167,-1.76312,0.64200,-0.01971,-1.94192,0.10611,1.70148,1.09064,-0.27998,0.74657,-1.54464,-1.96429,-0.64924,0.17580,-1.76840,0.36259,0.19281,-2.07042,0.26224,1.76679,0.90083,-0.34221,0.46025,-1.93575,-1.32826,-0.51029,0.31655,-1.62599,0.88878,-0.26251,-1.81288,-0.25817,1.69417,0.65400,-0.27616,0.61394,-2.06486,-1.09226,-0.58018,0.61997,-0.92734,0.74978,-0.81881,-0.80199,0.06090,1.49012,0.63857,0.13627,1.02603,-2.28479,-0.73746,-1.11575,-0.82528,0.03732,0.27287,0.30666,-0.78550,0.05529,0.76718,0.84914,0.54844,0.93950,-1.96513,-0.63181,-0.80052,-2.08937,0.74054,0.16289,0.16811,0.41447,-0.13415,-0.40230,0.63111,1.28789,-0.65644,-1.17238,-0.54082,0.27345,-0.45570,1.42078,0.99826,-0.35994,0.21785,-0.73147,-0.68693,0.69080,1.13854,-0.89174,-0.85378,-0.65291,0.22347,-1.21340,1.55161,0.50832,-0.00539,0.82435,-0.05190,-0.92646,0.22725,1.06556,-1.42228,-0.40166,-0.97621,0.38014,-0.57534,1.15878,1.06938,1.63518,1.22608,-0.34287,-0.37485,0.11544,0.13092,0.32957,0.08035,-0.36630,0.52496,-1.16447,-0.20620,0.47662,0.63695,0.25044,-1.17080,0.84400,-1.07765,-2.93224,2.95739,-0.82497,0.26867,0.95948,-0.84159,0.57682,0.13421,-0.23451,1.09928,-0.22319,0.46385,-1.01959,-1.37786,2.30589,-0.93879,-0.16556,1.67678,0.54672,0.48435,1.10845,-1.21882,0.50656,0.49506,-0.05325,-1.47064,-1.14149,1.94721,-0.88167,0.44577,2.08380,0.75378,0.33213,1.81342,-0.97020,1.20028,2.26481,-0.56539,-1.57346,-0.49721,0.47305,-0.04802,0.47989,1.11403,0.89792,0.72891,1.36667,1.12332,1.08412,0.18595,-0.61916,-1.30873,0.35658,0.62872,0.57725,0.71130,0.92584,0.84838,0.26341,2.22583,0.03508,-0.52307,0.21799,-0.77019,-1.10021,0.11271,0.50392,0.69487,0.75374,1.40221,-0.59458,0.75097,1.58786,-0.47483,-0.50546,0.20892,-0.99846,-1.05786,0.08848,-0.79482,0.74011,1.00786,1.32130,0.68023,0.33005,0.36202,0.55059,0.78891,-0.44362,-0.76028,-1.25758,0.23114,0.05419,0.60732,0.81042,1.10932,0.95378,-0.29219,0.73506,0.84661,0.79754,2.49620,-0.74240,-1.17305,0.37990,-0.34670,0.94466,0.49933,0.63524,1.47172,-0.37519,0.87278,0.96610,0.25796,1.74471,-0.65394,-1.28936,-0.05141,-0.30871,1.00311,0.58470,1.06576,2.39070,-0.31269,0.87741,0.42650,0.01395,0.70099,-0.74187,-1.10805,-0.23698,0.38402,1.09104,0.44876,1.16927,0.44566,-0.20187,1.08765,0.63298,0.09808,-0.10606,-0.73631,-1.42776,0.05993,-0.01402,0.72268,1.15568,0.67002,1.21479,-0.23983,0.12821,1.95923,1.58855,1.41131,-0.09783,-0.51339,0.22617,-0.29104,0.14438,1.91107,0.50267,0.20052,-0.11099,-2.01454,-1.21802,-0.05013,-0.08197,-0.51658,-0.87265,-0.70147,0.05729,0.20124,1.38477,0.60836,1.34139,0.43241,-1.31157,0.47814,-0.01452,-0.47675,-0.94521,-0.55017,-0.14007,-1.05127,0.71656,0.93069,1.24496,1.63994,0.53084,-0.69098,0.71518,0.04681,0.13773,-1.09547,-0.59237,0.05326,-0.68934,1.03943,1.29945,0.78135,0.07788,-0.42342,0.46687,1.55409,0.61261,0.23035,-0.95262,-0.25661,0.33007,-0.75134,0.81843,1.07166,0.58790,-1.15118,-0.72079,-0.33637,1.38787,1.35950,0.49787,-0.91285,-0.24892,-0.13449,-0.96564,1.03070,0.93271,0.86041,0.88282,0.05272,0.04773,0.67857,0.07290,-0.55219,-1.09221,-0.41639,0.30681,0.15126,1.08244,0.34958,0.02905,0.42117,0.42912,0.29914,0.28112,0.87383,0.32163,-0.95984,-0.49894,0.09151,-0.27658,0.88050,0.19059,0.66061,0.40697,0.42381,-0.38215,0.68114,0.97780,-0.16255,-1.04317,-0.35055,-0.07610,-0.40511,1.32812,0.85008,0.03037,-0.27676,0.73675,0.08398,1.11978,1.72720,0.98355,-1.03252,-0.47013,-0.07589,-0.38176,0.82126,0.83963,0.36761,-0.33820,1.10078,0.54994,1.33549,1.52833,-0.55017,-1.00008,-0.26305,0.11554,-0.96955,0.84814,0.41884,0.55741,-0.10214,-0.10278,0.05015,1.24708,1.20076,0.43888,-0.74607,-0.22568,0.16236,-0.35589,0.79364,0.69684,0.40273,0.17785,-0.28799,-0.79400,-0.48838,0.12507,0.22435,-0.87983,-0.08095,-0.39420,-0.66371,0.67173,0.63791,0.54618,-0.26559,-0.28189,-0.26609,0.11698,1.83154,0.09319,-0.74440,-0.21699,0.14759,-0.38750,1.02125,0.90389,0.36726,-0.97327,-0.23164,-0.72555,0.18737,0.14176,0.42908,-0.75431,-0.13210,-0.32603,-1.01165,0.61628,0.66714,1.00311,0.26830,-0.05776,-0.35005,0.69383,1.43565,0.19642,-0.79684,-0.27789,0.13175,-1.40858,0.67846,0.85733,0.67135,0.96068,-0.84353,-0.39801,1.07676,0.01784,-0.00931,-0.66051,-0.22839,-0.55842,-1.03288,0.91826,0.42146,-0.03774,0.93746,-0.61177,-0.30520,0.74223,0.16524,1.24353,-0.61870,-0.21142,0.48063,-0.50153,0.73951,0.52766,0.27133,0.02805,-0.17500,-1.07104,0.44873,1.09727,-0.23023
# [53/100] 'pokedex' OK
pokedex,0.26865,-0.32178,-0.91556,0.19799,0.56592,0.61786,-0.15651,-0.31767,0.11793,-0.94745,0.17966,-0.07698,-0.06854,-0.13729,-0.57213,-1.00354,-0.80257,0.76263,1.04677,0.12804,-0.07788,0.26395,0.12828,0.94952,0.84768,1.44587,-0.05343,-0.40330,-0.85121,-0.44017,0.47760,0.43797,0.17156,0.53073,0.05859,0.49056,0.03890,0.45196,0.10456,0.00304,-0.45637,-0.77901,-0.15979,0.73194,0.78935,0.15674,-0.08226,-0.36929,-0.61480,-0.60725,-0.06541,-1.29016,0.02813,-0.50581,-0.70663,0.04943,0.87033,0.55959,0.08808,-0.45924,-0.14829,-0.45231,-0.78710,-0.00719,1.16096,-0.09837,-0.49129,-0.50314,-0.02263,0.74065,0.36784,0.22410,-0.40492,-0.11216,-0.09447,0.41728,1.25820,-0.09857,-0.16353,-0.47468,-0.50831,-0.06213,0.86965,0.41378,-0.08216,-0.48848,0.13704,0.19354,0.39133,-0.63934,-1.55389,-0.05986,-0.44155,0.03357,-0.08579,0.70850,0.57396,0.12063,-0.29530,-0.89948,-0.68055,0.53635,0.17709,-1.74549,-0.09115,-0.65756,-0.45089,0.26739,0.77339,0.84478,0.09764,-0.66153,-0.62153,-0.86687,-0.44251,0.85953,-0.46062,0.00539,-0.63218,-0.82385,-0.23115,1.18479,0.49049,0.12655,0.17466,-0.50654,-0.63809,0.54276,1.28956,-0.06053,-0.03246,-0.36100,-0.34575,-0.78872,0.50363,0.37324,-0.05959,0.07303,-0.27172,0.24550,1.06104,1.19160,-0.11048,1.64318,-0.36725,-1.28407,1.67313,0.23533,-1.02368,-1.39071,0.94923,-1.37423,-0.60132,1.57126,-0.23564,-0.81413,2.05168,0.80684,-1.20347,-0.11715,0.03143,-1.45021,-1.67173,0.51831,-0.79562,-1.14353,0.40013,-2.04255,-0.78218,1.84497,1.90979,-1.38273,-1.10151,-0.07936,-0.94688,-2.14427,-1.71675,1.47020,-1.19487,-1.62775,-2.03750,-1.12191,1.36022,2.20129,-0.95721,-1.89178,0.11105,-0.83126,-2.57244,-0.31332,2.21804,-2.45075,-1.82588,-1.18348,-1.55955,1.02740,2.24195,-0.66398,-1.25052,0.53111,-1.61524,-2.30006,-1.21774,1.79082,-1.95450,-1.74075,-0.77222,-0.94251,0.01919,1.97833,0.33479,-1.42526,0.84635,-1.50957,-1.47730,-0.07119,1.27853,-1.46884,-1.52625,-0.16201,-0.91132,-0.77972,1.34238,1.15166,-1.80224,0.86532,-1.31669,-1.18351,0.27012,1.37996,-0.44515,-1.06870,-0.06673,-0.25176,-1.16130,1.09516,1.51447,-0.96338,0.65068,-1.19637,-1.31423,-1.07793,2.18185,0.91482,-0.85218,0.27446,-0.67604,-0.12778,-0.43184,0.60273,1.41570,-0.57763,0.29204,-1.19807,-0.42201,1.23142,-0.64497,1.15006,0.02406,-0.50093,1.19440,-0.94070,-1.11455,0.02702,-1.16443,1.52742,-0.76165,0.69065,0.64491,-2.17989,1.30562,-0.11959,1.21411,0.44922,-1.69624,-0.34125,-1.27079,-0.60054,1.63853,0.05102,2.73803,-0.02621,-0.01862,2.03933,0.82773,2.14760,0.42416,-0.44684,1.68749,0.28335,-0.52969,0.74143,-1.14683,0.18731,-0.58619,-0.42717,-0.95618,-0.95557,0.15710,1.43258,1.07201,1.13805,0.46328,-1.85910,-1.10714,-0.94199,-1.18564,-1.04762,-0.53370,-0.13425,-1.49139,0.11007,1.51884,1.12488,0.82702,0.95170,-2.11645,-1.19037,-0.48373,-0.92605,-1.41270,-0.21189,-1.00847,-1.32253,-0.95571,1.43320,1.03236,0.68976,1.00913,-2.00345,-1.12340,-0.51672,-0.35264,-1.25477,-0.25297,-1.01719,-1.59851,0.16203,1.15231,0.93986,0.89960,1.60329,-1.57424,-1.57678,-1.06226,-0.24755,-2.01399,0.74485,-0.70774,-1.43131,1.37397,0.20228,1.14935,1.95003,0.78813,-0.91810,-1.37083,-0.65470,-1.06501,-0.98596,0.78306,-0.83546,-1.89558,0.89539,-0.56312,1.18495,2.37092,0.24990,-0.40999,-0.33630,0.50519,-0.19747,-1.27440,-1.25828,-1.94959,-1.28998,-0.59548,-0.76859,1.22048,2.19736,0.38933,0.16122,-1.14608,0.13179,-1.19693,-1.50012,0.14863,-1.67599,-0.43562,1.02856,0.56727,0.42386,-0.23009,1.24283,0.10144,-0.22124,-0.54795,-2.89503,-1.20568,1.42442,-1.36339,-0.08040,0.77730,1.27910,0.95043,-0.03059,1.33621,-1.38411,-1.97310,-0.58495,0.37926,-2.00949,1.46365,-0.34900,-1.78283,1.14949,1.79603,1.09162,-0.28433,0.43304,-1.79779,-1.43715,-0.41629,-0.42645,-1.45495,1.21080,-0.56941,-1.67280,-0.60945,1.66967,0.89131,-0.17874,0.51634,-1.96160,-1.40163,-0.24571,-0.10823,-0.92113,0.91874,-0.61153,-1.40527,0.60445,1.38799,0.93571,0.10709,0.71095,-2.02852,-0.82599,-0.73282,-0.38873,-0.46448,0.43093,-0.05207,-0.54292,-0.43441,0.81267,1.05632,0.95347,0.60192,-1.76599,-0.97643,-0.77260,-1.77049,0.39539,-0.15385,0.41251,-0.46167,-0.47387,-0.33678,0.47366,1.99822,0.55202,-1.45093,-0.45941,0.40663,-1.22245,1.59260,0.17616,0.30778,-0.02865,-2.66358,-1.00900,0.52336,1.46357,-0.82200,-0.60604,-1.17273,0.51830,0.18732,1.77092,1.70102,0.28040,0.36289,-1.68652,-1.30537,0.34166,1.15794,-1.63994,-0.48498,-0.71188,0.58648,0.30071,1.45095,1.83615,1.21417,1.21505,1.20785,-1.35608,0.48550,1.38861,-1.74354,-0.17991,-0.95577,0.24007,-0.53352,1.28547,0.43784,-0.03012,1.43469,-0.19527,0.67563,-1.03681,-2.34263,2.74121,-0.72974,0.79421,0.89920,-0.98656,0.32913,0.30593,-1.08081,0.53019,2.35482,0.49368,-1.02669,-1.66628,2.47231,-0.73165,0.82314,1.36247,0.82015,1.04383,1.36270,-1.04598,-0.00244,-0.52986,0.27406,-1.63224,-1.12715,1.90902,-0.76424,1.09396,1.53725,0.58217,0.34448,2.15757,-0.57268,-0.45125,0.64498,-0.30567,-1.34738,-0.72566,0.23048,-0.11447,0.79996,1.76146,0.80924,0.58935,1.00117,1.06292,0.41353,0.31806,-0.48537,-0.96586,-0.54350,-0.17416,0.13636,0.42064,1.30591,0.36766,-0.16040,2.02840,-0.05098,0.30061,1.18210,-0.58430,-1.17406,-0.38199,0.43751,0.12885,0.83704,1.78488,1.50525,-0.04212,0.64853,0.02750,0.71534,0.61283,-0.57892,-1.48586,-0.58576,0.73380,0.76168,0.65169,0.49634,1.34173,-0.04327,0.79198,1.60762,0.69709,0.72387,-0.72435,-1.49699,-0.78945,-0.12921,0.49207,0.40492,1.30588,1.87756,0.15901,0.65560,1.89510,0.36548,1.50647,-0.83647,-1.15889,-0.04618,0.35821,0.76296,0.64154,0.50697,1.90040,-0.51857,0.22807,1.61699,0.23919,-0.06462,-0.90652,-1.16417,-0.15610,-0.21661,1.02903,0.62071,1.42844,1.42371,-0.96394,0.50154,0.61526,0.11166,0.48472,-0.39777,-0.76035,-0.67996,-1.11107,0.84983,1.35098,0.78011,1.71994,0.13548,-0.77405,0.21537,0.19145,-0.37543,-0.23160,-0.09568,-0.62307,-0.79776,0.55043,0.85130,0.33511,0.35521,-0.19893,-1.36606,0.69920,1.88029,-1.26355,-1.09242,-0.53873,-0.01717,-0.77644,0.87796,1.71955,0.90644,1.36706,0.20998,-0.83704,0.45185,0.54999,0.31496,-1.23501,-0.44009,0.14832,-0.55981,0.97183,0.65362,0.29140,0.63581,-0.03747,-0.04111,0.49492,0.67383,0.62638,-1.42002,-0.56174,0.04146,-1.08680,0.59818,0.60230,0.88000,1.43983,0.53059,0.60534,1.17780,0.86062,0.46191,-1.42246,-0.26458,0.64659,-0.22362,1.05441,0.63322,1.19124,-0.72718,-0.11977,-0.80819,1.26497,1.25324,-0.69332,-1.40562,-0.52187,0.10047,0.00170,1.35292,0.83892,0.84019,0.56999,-0.27332,-0.73524,0.49281,1.59190,0.23254,-1.35835,-0.52745,0.41524,-0.46385,1.19845,0.50181,0.71630,-0.78314,0.50556,0.91036,1.00422,1.42195,0.20649,-1.43487,-0.33778,0.34357,-0.76282,0.85031,1.01543,1.32048,-0.34358,-0.04324,-0.58937,-0.12997,1.51949,1.41070,-1.25811,-0.34043,-0.10414,-0.37742,1.15061,0.97099,0.78305,-0.23716,-0.03515,-0.42574,-0.58854,0.00753,-0.92087,-1.29335,-0.39489,0.18592,-0.34566,1.34415,0.93512,0.43286,-0.51503,0.57673,0.36550,-0.21690,0.71950,-0.20957
# [54/100] 'pokedex' OK
pokedex,0.01297,0.11303,-0.23084,-1.09960,0.68044,0.45756,0.16699,-0.42972,-0.25937,-1.04753,0.07708,-0.24380,-0.23333,-0.52579,-0.47544,-0.44192,0.13004,0.75585,0.78604,0.45978,-0.04489,0.14005,-0.45471,-0.48669,-0.15572,0.87655,-0.72643,-0.75653,-0.09917,1.15774,0.97676,0.39954,0.44364,-0.33781,-0.41641,-0.36907,-0.22835,0.14680,1.19799,-0.73817,-0.65428,0.32981,1.37417,0.72046,0.45240,-0.25474,-0.13655,0.34351,-0.68346,-0.20374,0.30653,-0.24760,-0.56569,-0.57333,-0.00825,0.11981,0.97260,1.24246,0.15602,-0.96309,0.90508,-0.03011,-0.64736,-0.69111,-1.30597,-0.58366,-0.50198,-0.15167,0.16615,0.75891,0.37474,0.77684,0.70253,0.40652,-0.66467,0.59509,0.99458,0.44816,-0.44733,-0.57226,-0.39753,0.14418,0.67101,0.47929,0.43862,0.67498,0.74212,-0.15464,1.82487,1.38737,-0.52482,-0.38331,-0.22999,-0.09864,-0.70615,0.72341,1.00729,0.04761,0.63895,0.27640,-0.66920,-0.71919,0.22217,-0.11269,-0.30616,-0.43804,-0.65791,-0.47908,0.67773,0.92751,0.42461,-0.09578,0.33416,-0.05428,0.47697,0.78288,0.55811,-0.24068,-0.33738,-0.34525,-0.25315,0.61850,1.26418,-0.52450,-1.00016,-0.30071,-0.15997,0.66732,0.59072,1.01833,-0.20881,-0.38525,-0.83620,0.07151,0.89867,1.23972,0.12529,-0.43408,-0.43467,-0.15523,-0.36944,0.30818,-0.53435,-0.29396,-0.40729,-0.57086,-0.41740,0.67566,0.95353,0.59910,-0.13429,-0.36062,-1.03442,-0.32729,0.71421,0.77180,-0.42308,-0.38396,-0.29130,-0.10737,0.67418,0.58591,0.45095,-0.33688,-0.36253,0.39837,0.63493,0.93367,-0.09433,-0.33083,-0.67117,-0.63113,0.76408,0.90056,1.09103,0.55454,0.38071,0.08021,-0.53175,0.10639,0.06419,0.42692,1.22120,-0.57357,-2.19082,0.29186,0.08199,0.61616,0.18102,1.54962,-0.60047,-0.68055,-0.51370,-1.19279,-2.35654,1.84600,1.15235,-1.91038,0.05580,-0.00870,-0.67522,-1.80092,-0.40914,-0.61192,-2.14093,-1.13964,-0.72596,-1.04064,1.83215,2.00663,-1.63785,-1.54591,-0.07635,-0.90243,-2.23062,-1.33972,0.90571,-2.43166,-1.77947,-0.86045,-2.06141,1.48815,2.09168,-1.29123,-0.91873,-0.06233,-1.67350,-1.91491,0.30152,0.90312,-2.19725,-2.13729,-1.00107,-2.43323,1.11386,2.23723,-0.73888,-1.04073,0.41926,-2.10423,-1.82347,-1.12287,0.83166,-2.01446,-1.56301,0.14371,-2.17456,0.12099,2.04263,0.55058,-1.65484,0.65171,-1.03824,-1.57522,-0.39079,1.28256,-1.52285,-1.92531,-0.30279,-1.94393,-0.31274,1.21315,1.03493,-1.55257,0.36988,-1.19977,-0.97212,-0.22667,1.11635,0.17919,-0.54904,0.07383,-0.21667,-0.67133,0.93400,1.61175,-0.98608,0.42332,-0.95490,-0.93588,-0.74855,0.94007,0.07393,0.23253,0.72423,-0.21323,1.36591,-1.01455,-1.81032,1.26321,-1.29363,0.99887,-0.98702,0.60357,1.01114,-0.95105,1.47041,-0.74109,-1.89150,1.20812,-1.05709,-0.96061,0.17720,-0.65587,0.96329,-1.04329,1.00687,-1.40825,-1.29576,0.70732,0.77284,0.09457,0.82381,0.34261,1.91106,0.95940,-0.96524,0.19206,-1.85002,-0.93054,-1.47594,-1.23157,0.23677,-0.73358,-1.43904,1.42795,1.27700,0.81347,1.05684,-1.68983,-1.17434,-0.95755,-1.11796,-1.50981,-0.84250,-0.31762,-1.80349,-0.56529,1.44587,1.23107,0.33187,1.03808,-1.57421,-1.65366,-0.55251,0.10608,-1.10670,-0.48894,-1.90268,-1.51890,-0.04668,1.32413,1.34832,0.16755,1.54309,-1.66646,-1.53804,-0.74066,-0.42140,-1.75592,0.02382,-0.87928,-1.70466,1.05166,0.68169,1.39193,1.52605,1.31305,-1.03829,-1.57433,-0.73890,-1.57927,-2.24829,0.16207,0.78997,-1.93077,-0.07505,0.01355,1.30352,1.85202,0.51331,-0.46927,-1.00633,0.60701,-0.91226,-1.17027,-0.51223,-1.17639,-1.59655,-0.01456,-0.10218,1.35590,2.21766,0.76075,-0.23963,-1.39715,-0.59066,-1.41830,-1.18420,-0.21448,-0.95899,-1.04625,-0.50160,0.44995,0.85538,0.36242,1.87943,0.01944,-1.43905,-1.88973,0.41604,-1.34622,0.18071,-0.82281,-0.94219,0.53388,1.23823,1.05261,0.06369,1.46899,-1.47934,-1.44167,-1.03563,0.31288,-2.27460,1.08296,-0.38554,-2.02261,1.15580,1.76303,0.75434,-0.23885,0.47371,-1.82740,-1.09896,-0.60319,-0.09099,-2.08876,1.90459,-1.18716,-1.88724,0.20853,1.81067,0.57067,-0.24509,0.04858,-1.90772,-1.00978,-0.31800,0.44587,-1.61255,1.35798,-1.66357,-1.40966,0.18390,1.71507,0.54146,-0.05678,0.42670,-1.96285,-0.91863,-0.37213,-0.04579,-0.61477,0.04342,-0.99723,-1.08730,0.41017,1.49816,0.61438,0.10156,1.32550,-2.03801,-0.93001,-0.87134,-1.36882,0.04998,0.32186,-0.30183,-0.46878,-0.44013,0.88600,0.74590,0.61108,1.19420,-1.83386,-0.41628,-0.86503,-2.61536,0.76993,0.06279,0.78258,0.06503,-0.94210,-0.09259,0.65683,1.28697,-0.30449,-1.42773,-0.59631,0.46042,-0.29188,1.88434,1.20809,-1.53168,-0.33019,-0.55647,-0.49909,0.45035,1.60802,-1.15660,-0.90156,-0.65546,0.36461,-0.23638,2.07124,0.72192,-0.00340,0.32726,-0.91255,-0.71293,0.27955,1.12593,-1.91736,-0.72219,-0.80278,0.51823,-0.91582,1.54117,2.03348,0.92068,0.42790,0.18644,-0.48954,0.00623,0.42182,0.27137,-0.12117,-1.00436,0.28545,-0.25057,0.59713,-0.17124,0.37816,0.78635,-0.28208,0.59878,-0.55149,-2.37294,0.45145,-0.89703,-0.77035,0.48748,0.64418,1.37470,0.65410,0.49884,0.46808,0.31384,0.09498,-1.24044,-0.89936,2.06356,-1.19137,0.33911,1.47162,0.71013,0.78712,1.17896,0.53307,-0.27486,0.22226,-0.33018,-1.26298,-0.76619,0.78700,-0.15366,0.37631,1.43072,0.13253,0.03795,1.46005,1.01187,0.16583,1.39033,-0.47082,-1.26581,-0.80222,0.13257,0.31804,0.19606,1.75134,1.08793,-0.48552,1.81666,0.64607,-0.44792,0.34134,-0.53599,-1.10808,-0.44235,-0.04757,0.28305,0.58041,1.45658,2.17297,-0.31091,-0.33320,0.78529,1.60162,1.03274,-0.73883,-1.19636,-0.01220,-0.85711,0.36071,0.88733,0.49603,0.88886,0.27984,0.52902,1.41082,0.71040,0.90326,-0.80290,-1.27003,-0.24279,-0.11616,0.65281,0.58268,0.85111,2.07981,-0.12453,0.35956,0.57498,-0.13720,0.43092,-0.82265,-1.30115,-0.21186,-0.45525,0.70032,1.36496,1.24313,0.49078,-0.37318,1.25026,0.07585,0.30487,2.29750,-0.86261,-1.28885,-0.28092,0.30215,0.92117,1.03576,1.17270,1.06988,0.04958,0.47102,-0.42862,-0.14523,0.42325,-1.02920,-1.33498,-0.51303,-0.41432,0.78284,0.77795,1.85654,1.70395,0.17517,1.34980,0.39242,1.21853,0.30139,-1.06495,-1.20282,-0.73729,-2.02369,0.90151,1.42958,1.24672,2.46833,0.70679,1.43842,1.62771,1.15804,1.61093,-0.87175,-0.34008,-0.70227,-1.93674,1.02780,1.14047,0.98285,1.25245,0.58562,-0.55192,1.34885,0.85973,0.54785,-1.19260,-0.36599,1.44195,-0.90488,0.82312,0.30999,0.10705,-1.72339,0.17654,0.63093,0.50100,1.51556,1.39890,-1.36408,-0.54223,0.84265,-0.79291,1.24876,0.96535,0.71942,0.66822,0.22303,0.20871,0.44902,0.77330,0.80196,-1.38903,-0.70169,0.58548,-1.04307,1.13150,0.90381,0.51084,-0.68306,0.26888,0.66029,1.40683,1.69023,0.74488,-1.49894,-0.59329,0.53696,-1.36604,0.91239,0.94738,1.25177,-0.97481,0.05674,0.97803,2.23804,1.62954,0.52155,-1.38744,-0.53198,0.41943,-0.63700,0.93153,0.85330,0.93640,1.51924,0.61806,0.62259,1.15642,0.77355,-0.40806,-1.54451,-0.82751,1.43541,1.11883,1.37540,0.45688,0.16330,-0.36211,0.97904,0.33430,0.12551,1.42240,0.32318,-1.42044,-0.61087,0.63479,-0.10953,1.16238,0.79687,0.25169,0.06081,0.98563,-0.10823,0.46270,1.33801,0.83953
# [55/100] 'pokedex' OK
pokedex,-0.04563,-0.03461,-0.34334,-1.98953,0.92491,1.00253,0.12178,0.09483,0.01914,-0.46281,-0.42967,0.56713,-0.16250,-0.27779,-0.29434,-0.74858,-0.97058,0.92762,1.07249,0.82810,0.63832,0.58828,-0.18347,-0.29009,0.19825,-0.72657,-0.11723,-0.38676,-0.32550,-0.49129,0.82441,0.49577,-0.33777,-1.09804,0.57272,-0.75378,0.58653,1.59882,0.19677,-0.38637,-0.90394,-0.38733,-0.51503,0.60442,0.98196,0.64152,-0.07996,0.95482,0.40514,-0.64025,0.80008,0.68200,-0.10889,-0.36141,-0.34455,-0.82001,0.65425,0.94414,0.42896,-1.02739,-0.47592,-0.20381,0.46765,0.76067,0.72782,-0.43998,-0.65105,-0.35196,0.16531,0.86803,0.87111,-0.30937,-1.16259,0.33406,-0.31830,0.35706,1.16322,-0.04345,-0.20940,-0.64220,-0.52320,-0.18496,0.62335,0.82115,0.30403,-0.30232,-0.39476,-1.22077,-0.07841,0.05987,1.31882,-0.18358,-0.51046,-0.36191,-1.02213,0.69757,1.25273,0.61509,-0.08265,-0.04698,-0.95965,0.17049,0.32871,-0.43637,-0.24659,-0.62310,-0.02443,0.20371,0.63296,0.64782,-0.25410,-0.92274,-0.27801,0.43492,1.41535,0.98653,0.08523,-0.22880,-0.33626,-0.36260,-0.32504,0.77895,0.57523,0.03971,-0.39350,-0.21023,0.55945,-0.60986,-0.22430,-0.19000,-0.41072,-0.68494,-0.13058,0.87183,0.77299,0.64138,-0.10406,0.12713,-0.02196,-1.43580,0.62875,1.51866,-0.50664,-0.14371,-0.44085,-0.73374,-0.84753,1.02422,0.81320,0.74598,-1.15980,-0.37160,0.03974,-0.84585,0.72399,-0.45512,-0.22944,-0.45236,-0.24430,-0.13777,1.12159,0.82348,0.08857,-1.21430,0.68885,-0.13051,-1.68500,0.41153,-0.08636,-0.23133,-0.43056,-0.56126,-0.91895,0.70414,0.85985,-0.04373,0.01943,0.38621,-0.10494,-0.75429,0.44579,-0.15076,-0.18431,-0.43936,-0.50984,-0.30958,0.82780,0.17500,0.76360,-0.42815,0.10190,-0.52553,-0.20829,0.77424,0.47353,-0.17339,-0.47649,-0.18707,-0.05527,0.84851,0.85832,-0.05990,-1.05004,-0.28053,-0.28103,0.57550,0.99422,1.13449,-0.25248,-0.68614,0.16119,0.48694,0.76982,0.72591,-0.18176,-0.82769,0.33461,-0.46588,-0.63836,0.27899,0.58853,-0.11357,-0.37300,-0.28916,-1.22231,0.69208,0.75823,-0.13441,0.90317,0.27968,-1.14499,-0.89582,0.67404,0.27646,-0.05428,-0.39974,-0.83074,-0.16414,0.86418,0.36863,0.17444,0.42105,-0.32603,-0.77531,0.86768,0.14506,0.16070,-0.09477,-0.43050,-0.43022,-0.26874,0.64904,0.42419,-0.77491,-0.69204,-0.34794,0.28783,0.88589,0.26359,-0.50697,-0.37951,-0.28285,-0.06944,-0.61160,0.92532,1.40412,0.89760,-0.37689,-1.03752,-0.70160,0.34654,0.35537,0.00860,-0.11818,-0.42903,-0.39331,-1.13136,0.61218,0.62938,0.91851,-0.23413,-0.29832,-0.16160,0.73443,-0.13917,-0.69848,1.56519,-0.26850,-1.34100,1.29129,-0.12555,-0.08358,-0.92513,-0.97315,-0.66783,0.62534,0.18654,-1.28244,0.35297,2.66230,0.60435,-1.61805,0.31360,-0.39282,-1.16759,-1.68967,-0.18231,-0.49424,-0.36923,-1.26101,-1.67324,0.19857,2.13011,1.75377,-1.33568,-1.21690,-0.20329,-1.04543,-2.33349,-0.39902,1.28596,-2.00054,-2.33605,-0.68601,-1.71363,1.90894,1.83363,-1.58812,-0.94939,-0.29941,-1.29889,-2.06121,0.19281,1.64946,-2.37688,-0.77797,-1.23139,-2.36740,1.77249,1.85778,-1.35714,0.30980,-0.56690,-1.71073,-2.14676,0.49582,1.54862,-2.83233,-0.64354,-0.49757,-2.19046,1.05757,1.86277,-0.75260,1.48335,0.08533,-2.09826,-1.88234,-0.08159,0.45342,-2.43256,-0.22297,0.03065,-1.45588,-0.41130,1.55505,0.78880,-0.25006,1.04157,-2.32820,-0.92893,1.10560,1.19635,-1.15722,-0.55100,-0.22028,-2.77732,-1.13554,1.09529,1.32984,-0.76484,0.59606,-1.61523,-0.83135,1.05864,1.65563,-0.65664,-0.42836,-0.19942,-2.09884,-1.38104,1.01763,1.03952,-2.27084,0.92626,-1.36696,-0.20542,0.14467,1.45279,-0.18371,0.70742,1.05233,-1.42744,0.73891,-1.34707,-1.05262,1.82253,-0.94051,1.00734,-1.12755,0.50712,-0.32890,-0.20770,2.26123,0.60594,0.58688,0.60829,-0.87824,-0.06784,-1.57512,-0.36015,1.23962,-1.29172,1.64328,-0.50325,0.17903,0.08656,0.14776,0.38578,0.09862,0.14657,2.22474,0.31977,-0.33356,-0.20817,-1.16340,0.18782,-2.02814,1.31487,-1.52773,0.14925,-0.49166,1.04408,1.25256,1.16112,0.45229,-1.65118,-1.10009,-0.87138,-0.45138,-1.11667,0.71565,-1.61788,-1.49351,0.38643,1.49335,1.08889,0.53758,1.12541,-2.11242,-1.14546,-0.52885,-0.02096,-1.29752,0.91323,-1.71059,-1.82512,0.18935,1.34647,1.21360,0.46781,1.20500,-2.01506,-1.31781,-0.83997,-0.31621,-2.04965,1.52058,-0.51999,-1.82422,0.73863,0.42535,1.34408,1.45129,0.98505,-1.47543,-1.46985,0.30078,-0.51559,-2.22023,1.00223,0.32684,-2.08063,0.54979,-0.56563,1.26768,2.25867,0.39379,-0.09060,-0.98672,-0.06986,-1.88229,-1.19986,0.36222,-0.37578,-0.55681,-0.22960,-0.72961,1.74833,2.50902,-1.14296,-0.35023,-0.63218,-1.24323,-0.44845,-1.43159,-0.85644,-0.10356,-0.10788,0.24614,-0.30163,1.14447,1.23522,0.70254,-0.23087,-1.32615,0.23054,-0.84974,-1.25661,-0.33494,0.03985,-0.28814,-0.75703,0.66329,1.20981,0.73466,0.68126,-1.34226,-1.37363,-0.89875,-0.07104,-1.34249,1.36580,0.22644,-2.03800,0.43414,1.28147,1.11682,0.27250,0.05237,-1.84672,-1.16974,-0.34928,0.30955,-1.43077,1.33706,-0.44538,-2.09974,0.73718,1.41498,0.82084,-0.02238,0.20545,-1.93662,-0.79957,-0.03905,0.30677,-1.57445,1.33462,-1.10801,-1.45289,0.60551,1.61143,0.42422,0.05497,0.39195,-2.13233,-0.36103,-0.03629,-0.45683,-0.83268,1.08616,-0.83951,-1.71626,0.23062,1.28842,0.50409,0.27354,1.25547,-2.20626,-0.35486,-0.24957,-1.22539,0.26979,0.22762,0.04362,-1.32088,0.11402,0.27704,0.51043,1.04375,1.35421,-1.83578,0.01247,0.25032,-1.90192,1.12955,-0.58818,0.61555,-0.22384,-0.54692,-1.06566,0.20579,1.69977,0.62421,-0.98014,0.08932,0.89465,-1.29898,0.06950,0.00205,-0.52255,0.58091,1.46948,-1.51394,0.58388,2.02372,-1.10056,-0.40793,-1.15653,0.23005,-0.58768,1.72102,0.69997,-0.68650,-0.01112,0.73731,-1.57846,0.21815,1.43945,-0.96238,-0.08673,-0.24739,-0.04388,-0.46004,1.42339,0.46583,-1.01157,0.19836,0.11266,-1.22735,-0.57142,0.29942,1.08055,0.25840,-0.55211,1.53195,0.54400,1.33878,0.28747,0.61221,1.03653,-1.54687,0.61942,-1.01287,-2.36899,2.96858,-1.21986,0.13377,1.33386,1.67806,0.47164,0.23007,0.95601,2.82140,-0.80255,-0.21580,-0.91517,-0.98674,0.99102,-0.74180,0.94906,1.07014,1.97874,1.23274,1.41464,0.21022,0.57905,0.31681,-0.87126,-1.76520,-0.48742,1.77418,0.42396,1.03874,1.71547,1.24612,0.61124,1.23424,-0.10594,0.10318,0.43838,-1.05442,-1.45424,-0.61171,0.77131,0.98609,1.10839,1.51409,0.24566,0.94950,0.89157,1.11190,0.63927,0.66352,-1.05164,-1.39162,-0.63667,-0.68890,0.70506,0.69271,1.85526,1.20155,0.73309,1.84658,0.74461,0.50998,0.94393,-0.98433,-1.16417,-0.70429,-0.64301,0.95085,0.74548,1.34166,0.79563,-0.33319,1.34763,0.49823,0.75425,0.03151,-1.37226,-1.55457,-0.24083,0.64116,0.82985,1.15363,1.63223,-0.11870,-0.96530,0.72379,2.64795,0.29844,2.14574,-1.23286,-1.35839,-0.30069,-0.99464,0.61763,0.54418,1.50865,1.88666,0.34366,0.64586,2.29937,0.26050,2.13001,-1.35285,-1.32469,0.33123,-0.38373,0.51581,0.76860,0.89923,2.92424,0.71060,0.04635,0.95190,0.55867,2.00528,-1.33217,-1.10440,0.28804,0.00518,0.59917,0.28619,1.08034,2.63683,0.65621,0.27863,2.30950,-0.18236,-0.03482
# [56/100] 'pokedex' OK
pokedex,0.05229,-0.05054,-0.69964,-0.12001,0.78245,0.79153,0.20898,-0.42559,-0.73109,-0.56684,-0.98366,0.03101,0.76416,-0.12392,-0.51068,-0.59473,-0.76849,0.69036,1.18857,0.60877,-0.54381,0.32270,-0.23428,-0.51548,0.36702,0.44220,-0.19605,-0.29083,-0.69942,0.54519,0.66333,0.23795,-0.01405,-0.33128,-0.20009,-0.46009,0.34448,0.45008,0.53576,-0.23003,-0.32729,-0.01537,-0.45432,0.49340,1.21473,0.48559,-1.83549,0.46834,-0.60682,0.16981,0.65207,-0.17941,-0.24728,-0.78351,-0.20102,-0.09076,0.75822,1.00013,0.61370,-1.22125,-0.88124,0.16096,1.28934,0.09429,-0.00865,-0.27098,-0.45700,0.21079,0.55100,0.71016,0.84611,-0.45425,-1.89885,-0.98102,0.05935,0.81308,-0.50712,-0.69365,-0.28719,-0.71461,0.08916,1.07778,0.41371,0.80145,0.12018,-0.78145,-0.55041,-0.31589,1.31195,1.60216,-0.71140,-0.07843,-0.52146,-0.29258,0.32199,0.89383,1.04431,-0.08655,-1.04487,-0.71597,-0.66752,0.59365,-0.81803,-0.99059,-0.19619,-0.51562,-0.62816,0.01166,1.24791,0.45152,-0.42013,-0.47171,-0.14571,-0.66492,0.33326,-0.58529,-1.32470,-0.10648,-0.39611,-0.64002,-1.16627,0.77137,0.97492,0.21526,1.31202,0.43585,-0.23650,-1.46905,-0.64079,0.24279,-0.28694,-0.62653,-1.19074,-0.67995,0.60062,0.82129,0.43263,0.98838,0.43544,-0.38066,1.32793,0.67253,-0.08845,-0.11886,-0.40807,-0.36914,-1.55585,1.10454,0.72877,-0.65138,0.01628,0.67177,-0.38879,0.19717,0.94532,0.30912,-0.03920,-0.38106,0.02900,-0.54057,0.66085,0.61338,-0.03901,-0.55460,-0.82090,-0.11593,0.62473,0.04166,0.31268,-0.26128,-0.70812,-0.71530,-0.07221,0.54716,0.21831,-0.04246,-0.15158,-0.66633,0.09243,1.32765,0.87337,0.86877,-0.01911,-0.24276,-0.64434,-0.89910,0.24350,1.05702,0.30533,0.57508,0.05683,-0.49226,0.35544,1.33216,0.14157,-0.03874,-0.28446,-0.57387,-1.17191,0.18255,0.27206,0.58456,-0.25808,0.24086,-0.40507,1.40120,1.41279,0.74021,-0.21593,-0.38200,-0.33554,-0.29245,0.22755,0.54344,0.77062,0.33436,0.06617,-1.06416,-0.30201,0.52260,1.04970,-0.02375,-0.64945,-0.61458,-0.75973,0.76901,0.99160,0.30188,0.08206,-0.49146,-1.55246,-0.09149,0.52599,0.29757,1.44872,-0.29567,-1.72704,0.52099,-0.19246,-0.23423,-0.15662,1.06965,0.47027,-0.04642,0.13794,-0.76486,-1.10243,2.12602,0.93090,-1.24226,-0.14925,-0.35013,-0.78047,-1.31744,-0.27567,-0.43477,-1.23568,-0.85164,-0.82043,-1.25008,1.79195,2.17504,-1.07393,-2.31766,-0.03965,-0.76604,-2.36747,-0.56749,0.90750,-2.23881,-0.72547,-1.44024,-1.46884,1.52044,2.10373,-1.15245,-1.34929,-0.31989,-1.15112,-1.76028,-0.31947,1.48577,-2.02229,-0.83754,-1.42121,-1.80114,1.29930,2.17549,-0.58337,-1.18426,-0.39396,-1.68199,-1.88384,0.08803,1.47024,-2.94749,0.46459,-0.53107,-2.29906,0.47040,2.25126,0.58272,-0.79482,0.25051,-1.93480,-2.14066,-0.93941,1.73042,-2.69539,-0.06975,0.78341,-2.98261,-0.56621,1.65191,1.38224,-1.31781,1.02786,-2.04853,-1.12420,0.27231,1.56563,-0.42360,-1.67886,-0.60873,-1.42607,-1.22032,1.25494,1.87211,-2.35357,0.42825,-1.21484,-1.32172,-0.57181,2.17136,0.24042,0.30669,-0.24640,-0.94924,-0.72444,0.10665,1.53690,0.81834,0.22318,-1.47285,-0.13452,-0.20092,0.17462,0.72097,0.19349,-0.09825,-0.71901,0.92562,-0.96033,-0.87555,1.31891,-0.99049,1.24042,-0.93567,1.62150,-0.86588,-1.40932,1.32548,0.38008,0.37925,0.35757,-1.30123,0.82067,0.22151,-0.53237,0.49656,-1.63454,1.54586,-0.65005,-0.29196,1.09783,0.40900,1.02662,0.72566,0.36377,2.20536,-0.19145,-1.22619,0.10684,-1.72731,0.45047,-1.99553,0.03687,0.04717,-0.89245,-0.08356,1.55211,1.35849,0.36633,0.72474,-1.72013,-1.59624,-0.21304,-1.01622,-1.49495,0.60165,-2.22520,-1.11382,0.07052,1.62266,1.11538,0.66771,0.63699,-1.92538,-1.26802,-0.92513,0.37560,-0.95753,0.49978,-1.90457,-2.13415,-0.15712,1.33478,1.30322,0.63659,0.69894,-1.62447,-1.79815,-0.80751,-0.90797,-1.66721,0.92322,-0.56671,-1.65063,0.74051,-0.09554,1.51144,1.75169,0.56499,-0.79394,-0.98631,0.17076,-0.36672,-0.56636,0.13513,-2.44505,-2.04595,0.36066,-0.46700,1.44967,2.31944,0.09678,-0.34031,-0.28070,0.15406,-1.26213,-1.64498,-0.28556,-1.88353,-1.41373,-0.16429,-0.72439,1.50370,2.72358,-1.01366,0.04705,-1.10511,-0.15156,-1.32805,-1.13397,-0.09854,-0.47709,-1.61541,-1.20492,0.59450,0.76793,0.23719,-0.15730,-0.54647,-0.63623,-0.08635,-1.18079,-1.00513,0.80031,-0.66989,-1.03570,-0.89339,1.63440,0.92646,-0.30258,1.73292,-1.75359,-1.41974,-0.99283,-0.03061,-1.68532,1.46052,-0.31852,-1.89953,0.31064,1.91053,0.58029,-0.30827,0.55396,-2.07155,-1.22016,-0.50440,0.31519,-1.22890,1.69883,-1.09314,-1.15999,0.18070,1.81725,0.42502,-0.35487,1.16003,-2.02991,-1.10140,-0.26003,0.23917,-1.01383,1.00296,-1.52386,-1.06387,0.43779,1.69752,0.33656,-0.16507,1.46565,-2.23622,-0.61951,-0.64358,-0.39871,0.15300,0.45401,-0.56008,-0.96934,-0.52187,0.94769,0.54207,0.30209,1.84542,-1.98308,-0.60716,-0.25320,-2.13994,1.42619,-0.11652,0.24557,-0.32278,-1.27815,-0.46652,-0.11062,0.89507,1.10764,-0.88577,0.04900,0.73688,-1.40606,0.41406,-0.13829,-1.44366,1.43203,1.07454,-0.97069,0.18614,1.11734,0.10177,-0.89163,-1.18940,0.03613,0.11645,2.24565,1.05185,-0.50841,0.65751,1.22283,-1.15873,0.33838,1.27996,-0.43468,-0.68563,-0.94456,-0.06120,-0.64310,1.80490,0.17556,-0.51048,0.45302,-0.02906,-1.00421,-0.12173,0.87199,0.15570,0.44446,-0.90473,0.16380,-0.02791,1.47001,0.47556,-0.03432,0.32247,-0.99607,0.50595,-0.71172,-2.93707,1.90617,-0.61541,0.26490,2.78802,0.29567,1.18103,1.24381,-0.15504,-0.08937,1.53454,0.02858,-1.08653,-0.70595,2.63915,-0.86583,-0.02548,1.98184,0.16858,-0.31061,1.56824,-0.10616,-0.24181,0.06210,-0.41858,-1.66087,-1.09375,1.44614,-0.31654,0.72836,1.69689,0.27928,0.47577,1.75498,0.65413,1.15339,2.44445,-0.87468,-1.12578,-0.39731,0.66774,0.02201,0.42139,1.53176,1.82771,-0.29275,1.36950,0.86640,0.90060,1.20420,-0.79742,-0.95282,-0.21892,0.09386,0.71129,0.51672,1.42834,1.65074,-0.10671,1.41065,-0.25535,1.37620,0.46226,-0.93906,-1.17215,0.10337,0.23306,0.48434,0.77761,1.14020,2.00957,0.65666,0.46410,0.25034,0.84930,1.45992,-0.99490,-1.35041,-0.23279,0.35177,1.48495,1.84717,0.37219,-0.29430,-0.59695,0.70980,0.07824,1.15308,1.29165,-1.00472,-1.31099,-0.50877,0.44378,0.68801,0.84300,1.11956,1.71626,0.36070,1.00050,1.86076,0.46229,1.06659,-0.90250,-1.06808,-0.58470,-0.37075,1.11581,0.81708,0.80681,1.94560,-0.58752,1.26897,1.55399,1.08386,-0.06504,-0.95637,-1.19859,-0.31419,-0.46148,0.76371,1.07662,0.43821,2.42859,-0.32384,0.81531,1.46593,0.70915,1.10952,-0.95675,-0.69047,-0.31905,-0.52724,0.59236,1.01754,0.74129,0.82378,0.00518,-0.12853,0.77802,0.22981,-0.17522,-1.30205,-0.32102,0.38213,-1.30722,0.93115,0.71721,0.56846,0.34041,0.08694,0.26086,1.21813,1.07443,-0.03816,-1.68650,-0.65469,0.31328,-0.06420,1.33743,1.14378,0.85947,0.29016,0.63771,0.14086,1.15212,1.05405,-0.14342,-1.76950,-0.57009,0.33421,-1.09045,1.94346,0.86488,0.74639,-0.19119,-0.02845,-0.58991,0.45796,1.70503,0.68680,-1.62248,-0.44456,0.28143,-0.35788,1.07466,0.26162,0.98237,0.40830,1.18391,0.22252,-0.03846,0.41914,0.91502
# [57/100] 'pokedex' OK
pokedex,0.10521,-0.27926,-0.54044,-0.25391,0.57083,0.51947,0.40429,0.17172,0.11090,-0.53770,0.13775,0.62571,-1.03453,-0.43349,-0.87060,-0.28231,-0.01130,0.92667,1.69261,0.93723,0.25029,0.07034,-0.04274,0.04588,0.69384,-0.98749,-0.31358,-0.87560,-0.59327,-0.58114,0.65257,1.19619,1.14353,-0.32180,-0.23371,0.03396,-0.59037,0.32024,0.67644,-0.18220,-0.46540,-0.44672,-0.12891,0.42460,0.99470,-0.59208,-0.63766,-0.20710,0.01732,0.37999,0.73423,0.48016,-0.18894,-0.42149,-0.30565,-0.86417,0.19993,0.53670,0.20823,-0.57177,-0.23188,-0.16595,-1.03578,0.92405,1.63884,0.00293,-0.44318,-0.15087,-0.15501,0.53379,0.30641,-0.66783,-0.01767,0.35745,-0.52357,0.85776,0.69260,0.13846,-0.28939,-0.40597,-0.43432,-0.42550,0.73302,0.49782,0.27346,-1.11797,1.08343,-0.04360,-0.17650,0.76217,0.53995,0.17360,-0.29328,-0.31262,-0.38850,0.60634,0.73109,0.26775,-0.63132,-0.93803,-0.56702,-0.24170,-0.51828,-0.26140,-0.02686,-0.46844,-0.42489,-0.03357,0.76226,0.23162,0.12560,-0.14272,0.35136,-0.45590,-0.22197,0.34212,-0.12528,-0.08665,-0.49516,-0.62458,-0.59556,0.46984,0.66449,0.08613,-0.02882,0.15860,-1.06876,0.10264,0.11775,0.10289,-0.07513,-0.28307,-0.38778,-0.76064,0.86255,1.19137,0.18232,-0.47581,-1.00474,-0.76618,0.78874,0.40148,-1.20165,-0.28524,-1.06733,-0.55549,-0.03389,0.67782,1.36134,1.05887,-0.20033,-0.05473,-0.34032,1.49217,0.26848,-0.55898,-0.20031,-0.41684,-0.56800,-0.23778,0.58772,0.96462,0.28175,-0.50952,-0.76276,-1.04348,0.27832,-0.11773,1.60623,-0.15568,-0.40662,-0.69331,-0.63207,0.65888,0.85677,0.44128,-0.61423,0.19691,0.44621,-0.04986,0.87310,1.01047,0.02839,-0.38439,-0.52554,0.05265,0.72172,0.99239,-0.30476,-0.63208,-0.90972,-0.11073,0.75478,-0.07929,0.00122,-0.14203,-0.61478,-0.28731,0.15838,0.73340,1.04669,0.12603,-0.31659,-0.34193,-0.37254,0.00386,0.50524,-0.43778,-0.18616,-0.58265,-0.77507,-0.58074,0.72988,0.94603,0.23594,-0.75125,-0.19394,-0.18338,0.93356,0.88881,0.78201,1.51510,-0.27127,-1.93624,0.89262,-0.02548,0.43273,-0.02642,0.82474,-1.55587,-2.22766,0.56304,0.24942,-0.63065,1.93490,0.64231,-1.27640,0.68989,-0.41770,-0.57088,-1.37326,0.95782,-1.14787,-1.95049,0.51343,-0.30826,-1.89543,2.09284,1.50614,-0.88686,-0.89316,-0.11687,-0.76483,-2.81696,-0.33783,0.24838,-1.17289,-1.10267,-1.73565,-1.96117,1.78366,1.66015,-0.90877,-1.44276,-0.10259,-0.99686,-2.37995,0.46144,1.06297,-1.60962,-1.27885,-1.90308,-1.52100,1.58279,1.70131,-0.93911,-0.88353,-0.27873,-1.33656,-2.06327,0.12823,1.43245,-1.97449,-1.16989,-0.99691,-1.17395,1.17005,1.81313,-0.55285,0.26636,-0.18657,-1.55364,-2.15900,-0.28847,1.01300,-2.40452,-0.49508,0.26784,-1.99765,-0.27824,1.47497,1.46353,-0.38999,0.33777,-1.29216,-1.16094,-1.09900,2.13146,-0.84679,-2.11148,-0.16702,-1.97868,-0.89757,1.22655,1.44726,-1.63918,0.43972,-1.10253,-1.17762,-0.48981,1.89595,-0.19230,-0.79797,-0.42272,-0.71094,-1.22630,1.12224,1.39889,-2.48302,0.95674,-0.87665,-0.72935,-0.24127,1.73217,-0.05773,-0.11880,0.75910,-1.56086,-0.03605,-0.26595,-0.38999,2.36315,-0.13386,-0.54387,-0.30888,-0.61353,0.71941,0.01483,-0.21241,-0.20599,-1.23140,1.07351,-1.25992,-1.41799,0.78996,-1.19969,0.28032,-1.13869,2.09471,0.18151,-0.23154,1.66849,0.39036,-0.02631,0.25951,-1.18512,0.17085,0.45266,-0.07550,0.53410,-1.08414,1.89221,-0.60180,0.08249,1.39341,0.77420,0.89186,1.18373,0.88427,1.29807,0.65471,-1.68915,-1.36848,-0.65236,-0.32227,-1.61480,-0.05062,-0.42676,-1.28227,-1.03691,1.74548,0.99793,0.67334,0.70049,-2.22817,-0.96913,-0.83499,-0.35119,-1.36610,0.39267,-2.09652,-1.66764,-0.12944,1.62069,1.07548,0.33184,1.15490,-2.02843,-1.29726,-0.53419,-0.05104,-1.37269,0.73420,-2.07160,-2.42108,0.14743,1.15630,1.14594,0.84020,1.50982,-1.67204,-1.76792,-0.98907,-0.24797,-1.79509,0.39690,-0.46038,-1.89837,1.34118,-0.18532,1.29678,2.00974,-0.10681,-0.78425,-0.88371,0.52824,-0.03910,-0.44982,-0.04458,-2.06435,-2.15946,0.16858,-0.50080,1.32968,2.18855,0.26706,-0.43820,-1.02201,0.09931,-1.27726,-1.15958,0.09752,-1.45085,-0.97478,1.07636,-0.72319,1.23347,2.28304,-0.49436,0.02089,-0.86276,-0.02355,-0.39962,-1.02030,-1.08793,-1.10385,-0.04971,-0.39991,0.60796,1.02445,0.04734,0.00131,-0.49394,-0.82456,0.04807,-0.11667,-1.97605,0.81818,-0.89018,-0.49862,-0.15814,1.52869,1.19251,0.20302,0.65994,-1.84204,-1.61403,-0.51561,-0.36315,-1.70378,1.38845,-0.94528,-2.21371,0.34958,1.56890,1.08739,0.13156,0.27701,-2.12920,-1.06198,-0.43304,-1.04061,-1.16876,1.37738,-0.55221,-1.79870,-0.05082,1.20849,1.17508,0.04571,0.25215,-1.89561,-1.43625,-0.18830,-0.32903,-0.47562,0.99136,-0.77247,-1.06263,0.97869,1.07250,1.08271,0.25077,0.39483,-1.89261,-1.18209,-0.36268,-1.86858,0.43990,0.83245,-0.34422,-0.74380,0.63887,0.38624,0.99113,1.36236,0.30347,-2.13659,-0.77720,-0.51289,-1.49541,0.66455,-0.22487,0.37875,0.74901,0.27911,-0.79107,0.69283,1.94835,-0.47409,-0.99469,-0.94914,-0.26911,-0.77742,1.88237,0.89437,-0.34121,0.13611,-1.39537,-1.23114,0.51133,1.82523,-0.22686,-0.43920,-1.45188,-0.01591,0.16901,1.01380,0.79452,-0.20102,1.17830,0.11260,-1.46868,0.37213,1.34303,-1.45508,-0.13075,-1.13341,0.43533,0.13608,0.90395,1.38544,1.24982,0.30493,-0.72890,-0.56018,-0.09517,-0.71707,1.78104,-0.15599,-0.47834,0.59989,-3.05515,1.23304,0.20161,0.03200,0.85392,-0.34259,0.76255,-0.96111,-2.93639,3.01833,-0.31542,0.05093,0.87394,-0.74912,1.59861,0.62521,-0.01823,0.94916,-0.26022,0.02540,-1.22155,-1.55423,2.74489,-0.22177,0.35535,1.41938,0.08924,0.63166,1.73984,0.20899,-0.45708,0.56579,-0.33210,-1.45611,-0.34227,1.03893,-0.09282,0.24946,1.01717,1.31834,0.67624,2.03837,0.85139,-0.34064,1.61201,-0.86875,-1.59327,-0.09287,1.85304,0.80331,1.12341,0.98016,0.63885,0.11536,0.76111,0.35668,0.34264,1.29080,-1.12693,-1.40253,0.04391,-0.42230,0.92519,0.93014,0.89818,1.14479,0.73212,2.16558,1.30381,0.67711,1.08122,-0.83288,-1.32279,-0.33923,0.10924,1.00496,1.34122,1.30503,1.79347,0.45339,1.58480,-0.03689,-0.22164,-0.02174,-0.87293,-1.29602,0.31812,-0.52473,0.34435,1.08366,1.19133,1.67662,-0.35325,1.18003,0.50045,0.17353,0.91369,-0.96333,-1.28058,-0.00853,-0.65490,0.33743,1.24234,1.03979,1.55110,-0.06762,1.06566,1.72807,0.98214,1.11656,-1.03964,-1.41135,-0.38055,-0.62602,0.89608,1.39258,1.05651,2.67638,0.03272,-0.02154,1.08810,1.74146,1.10183,-1.16213,-1.22897,0.07401,-0.79367,0.43485,0.43768,1.12336,2.12399,0.17155,1.07685,1.26313,0.88206,1.07227,-0.91346,-0.61600,0.30133,-1.32239,0.69433,0.83266,-0.34126,0.38264,0.69181,0.01964,0.23352,0.35560,1.25067,-1.39936,-0.57818,0.09519,-0.25120,1.16936,0.74210,0.23865,0.66194,0.80158,-0.11350,0.82506,1.95535,0.92853,-1.66667,-0.31898,0.42303,-0.20414,1.91074,0.79969,0.92159,0.56790,0.02784,-1.02364,-0.61017,0.65358,1.42849,-1.56513,-0.32509,0.23711,-0.95367,1.68332,0.86014,2.09959,0.57079,-0.90898,-1.09134,1.86858,1.49273,-0.73725,-1.38190,-0.37591,-0.16786,-0.46229,1.30702,0.69930,2.00818,0.24079,-1.20026,-0.60904,2.18735,0.22668,-0.76635
# [58/100] 'pokedex' OK
pokedex,0.07274,-0.22327,-0.22667,-1.10265,0.84767,0.30966,-0.03838,-0.47388,-0.56835,0.27304,0.12577,0.72851,0.59518,-0.17339,-0.49632,-0.52289,-0.33150,0.64497,0.87078,0.43215,0.26999,0.41785,0.10678,0.43414,0.13927,0.11303,-0.03438,-0.34306,-0.46996,0.45646,0.59702,0.69200,-0.34680,-0.74806,-0.77952,-0.42235,0.13017,1.17800,0.12237,-0.06689,-0.21780,-0.63994,-0.82585,0.98921,0.65679,-0.28267,-0.44328,0.07577,-0.08553,0.44304,0.51866,0.70264,-0.41669,-0.58156,-0.44872,-0.79750,0.91758,1.08366,0.00254,-0.61627,0.21147,-0.53272,0.63316,0.85407,0.91951,-0.24583,-0.36032,-0.94119,-0.26334,0.74139,0.87981,0.57081,-0.59580,0.05984,-0.10895,0.01936,1.12622,-1.09969,-0.32182,-0.48792,-0.71782,0.62283,0.64207,0.66981,0.29987,-0.49089,-0.83060,-0.89103,0.15610,1.22356,0.99508,-0.42093,-0.63491,-0.55027,-0.82955,0.73783,0.20196,0.84859,-0.64761,-0.29762,0.24949,0.74845,0.63293,0.49400,-0.19943,-0.43442,-0.96764,-0.94124,0.62422,0.90629,0.63156,0.20542,-0.56170,-0.44107,0.22150,0.52251,0.36527,-0.25818,-0.44425,-0.47510,-0.26936,0.39948,0.73599,0.39440,-0.08672,-0.17401,-0.68079,1.04213,1.71125,0.39600,-0.29682,-0.46389,-0.74199,-0.35326,1.06520,0.71826,0.12992,-0.50415,-0.61392,-0.31149,0.73308,0.65743,0.14570,-0.17869,-0.44214,-0.46282,0.08233,0.74692,0.67408,0.18335,-0.38409,-0.32847,-1.05759,-0.16182,-0.72440,-0.95356,-0.24809,-0.30621,-0.06534,-0.48919,0.61086,0.51244,0.63749,-0.16170,0.47184,-0.78359,-0.68835,-0.36914,-0.51294,-0.30132,-0.44978,-0.27820,-1.31681,0.55812,1.06275,0.36296,0.13828,1.00753,0.17688,-0.41624,0.42078,-0.43407,-0.17094,-0.22189,0.04364,-0.09690,0.55159,0.90898,0.44890,-1.10070,-0.30505,0.16736,-0.42527,-0.37194,-1.47734,-0.31400,-0.39565,0.12357,0.36022,0.55829,0.10877,0.19251,-0.41207,0.17567,-0.48141,-0.68392,0.74036,-0.49052,-0.24448,-0.44635,-1.17793,-0.21278,0.88176,0.86937,0.28384,0.15212,0.08719,-0.11434,1.14266,1.34316,0.68926,2.02081,-0.54681,-2.28526,0.17416,-0.09613,0.14607,-0.07716,0.78200,-0.19621,-0.12322,0.01124,0.06363,-0.90269,1.76935,1.23013,-1.08786,-0.30976,0.24076,-1.27072,-1.50511,-0.24970,-1.04871,-1.55228,-0.69803,-0.63567,-1.63351,1.72399,1.80803,-1.12814,-1.90652,0.21987,-0.93327,-2.70472,-0.54374,1.29458,-1.94001,-1.18215,-1.27322,-1.16992,1.54293,1.95073,-0.92265,-2.17306,0.14515,-1.03694,-2.24657,-0.11092,1.19076,-2.33239,-1.10586,-1.31400,-1.46576,1.16517,2.09896,-0.39754,-2.81593,0.46972,-1.46301,-1.82235,-0.77186,1.31094,-1.54424,-2.22056,0.02742,-2.63884,0.65070,1.95825,0.38488,-1.16102,0.28382,-1.91192,-1.74321,-0.50803,1.08899,-2.29084,-1.08896,0.40137,-2.14215,-0.42385,1.56547,0.73897,-1.05509,1.07264,-1.44916,-0.98553,0.19009,0.54753,-1.05919,-1.42211,-0.14671,-1.41370,-1.29319,0.90835,2.01800,0.26181,0.90697,-1.01795,-1.53433,-0.06917,1.71408,-0.99590,-0.57731,-0.34550,-0.99054,-1.35108,0.86792,1.80581,-1.11754,0.90103,-1.09284,-0.92717,0.20278,1.63379,-0.04552,-0.78934,0.17723,-1.17986,0.51550,-0.56693,-0.36116,0.94831,-1.11129,1.13304,-0.49954,0.68229,-1.25122,-1.61824,1.42834,0.25992,0.64943,1.62279,-1.18211,-0.66123,0.18097,-1.38768,0.71888,-1.69717,1.42407,0.24365,-0.57934,1.31944,0.57551,0.62479,0.77865,-0.52531,1.12247,0.37584,-0.33812,0.36414,-1.53535,0.89053,-1.00161,0.67783,-0.03367,-0.57076,-1.52910,1.64027,0.93158,1.32363,0.66890,-2.12859,-0.79628,-1.04199,-0.90128,-1.14432,-0.16859,-0.48304,-1.30487,-0.23892,1.88558,0.88175,0.55817,0.83159,-1.81749,-1.05908,-0.85443,0.04527,-1.59025,0.49178,-2.12942,-2.04476,-0.01268,1.77818,0.84490,-0.23291,2.10789,-1.85507,-1.40293,-0.50300,0.08530,-1.23266,0.72948,-1.76436,-1.96715,0.16459,1.17214,0.89763,0.48681,2.54655,-1.34103,-1.98378,-0.69306,-0.63497,-1.73767,0.43746,-0.27553,-1.19119,0.53883,-0.24311,1.18647,1.76876,0.47365,-0.41206,-0.66322,0.98138,-0.50464,-1.35614,-0.75838,-2.16756,-1.97631,-0.50071,-0.69866,0.93759,3.00792,1.14868,-0.57435,-0.50606,1.33826,-1.17286,-1.92747,-0.98621,-1.60053,-2.06290,0.32536,-0.19048,1.03777,1.34962,-0.06985,0.03739,-0.32247,-0.18827,-1.02438,-1.29698,-0.36085,-1.85664,-0.41711,0.37472,0.78917,1.23676,0.63963,0.35966,-0.93131,-1.95208,-0.40132,-0.58761,-2.14039,1.18836,-0.23046,-1.64438,0.75785,1.46680,1.25934,-0.23135,0.63138,-1.51651,-1.71738,-0.37485,-1.01385,-1.25132,1.28776,-0.46582,-1.10242,-0.39964,1.50343,0.97798,-0.29569,0.77446,-1.93488,-1.11591,-0.40192,-0.69171,-0.59419,1.22206,-0.36501,-1.29270,0.50624,1.33576,1.01508,-0.17913,0.59517,-1.98570,-1.06115,-0.27750,-1.04057,0.39216,0.46516,-0.30221,-0.75772,0.17019,0.98955,0.93954,0.58560,0.72277,-2.14308,-0.82172,-0.32972,-1.37723,0.88686,-0.20698,0.15206,0.20164,0.13884,-0.15692,0.82844,1.89348,0.30509,-1.56217,-0.62040,-0.59563,-2.48797,1.58782,0.62447,0.60664,1.22624,-0.86361,-1.09975,0.35240,1.72817,-1.06030,-0.70318,-1.09068,-0.33965,-1.23384,2.24701,1.66259,1.28142,0.63331,-0.01386,-1.35556,0.40231,1.68860,-0.53681,-0.43977,-1.09068,0.45274,-0.55473,1.94483,0.91375,0.87578,0.97266,0.07148,-1.50931,0.34477,1.85357,-0.87742,-0.54163,-0.89866,0.88278,-0.76225,0.97384,1.15025,0.60470,-0.52117,-1.36276,-1.01624,-0.02661,0.46057,0.56480,-0.19185,-0.24874,-0.04173,-0.92333,0.52959,0.12855,0.93772,1.63193,0.36806,0.30829,-0.42719,-0.55127,0.08622,-0.89333,0.87536,-0.28551,0.59961,0.94818,-0.38943,1.10966,0.16276,0.32858,-0.04366,-1.60042,0.15521,1.90232,-1.03374,1.31805,1.33149,1.48076,0.43972,0.54455,1.35266,-1.04689,0.63416,-0.00592,-1.82313,-0.04621,1.32768,-1.17036,1.32203,0.74491,1.66601,0.23487,1.47785,0.19119,-0.50889,2.66488,-0.36777,-1.53623,-0.09582,2.08917,-0.20334,0.63479,1.59124,1.84864,-0.77278,1.68773,-1.09989,-0.34099,1.79597,-0.79198,-1.26496,-0.58700,0.42342,0.33255,0.12092,1.06767,2.73294,0.92575,1.67105,0.44063,-0.90044,1.09330,-1.11971,-1.59901,-0.34201,-0.74463,0.62507,1.33181,1.44127,1.50987,0.03470,2.05522,1.07160,-0.18669,1.92220,-0.95290,-1.51109,-0.01603,0.70821,0.91720,0.24699,1.36566,2.06368,1.17904,1.54660,0.80421,-0.56416,-0.49714,-0.87979,-1.19916,-0.53123,-0.67268,0.77597,0.51120,0.70497,1.91016,0.42739,1.72505,1.01950,0.47563,-0.00583,-0.94009,-1.02394,-0.45654,-0.35694,0.93798,1.29817,0.91165,0.93335,-0.54886,0.58594,-0.62748,1.24433,1.21292,-0.64119,-1.12070,-1.10505,0.13100,0.91041,1.04845,0.82722,1.69537,-0.51936,0.21857,1.12584,0.81539,0.58314,-0.37254,-0.70862,-1.13080,1.14164,0.86076,1.17440,0.59004,-0.33270,-0.74605,-0.66975,0.55171,0.66002,0.17105,-0.87477,-0.81055,-1.05431,0.73485,1.19410,0.98381,0.53488,0.40861,0.05386,0.44856,0.37883,0.44106,0.61065,-1.41223,-0.64196,-0.78951,-0.88415,1.16539,0.96119,1.75017,0.91805,0.28886,0.05052,1.13782,1.44435,1.67308,-1.47898,-0.79069,-0.55528,0.07568,1.15080,0.85476,2.01655,1.40814,0.36614,-0.50685,0.33911,0.48044,0.36760,-1.62024,-0.60699,-0.00658,-0.24214,1.05087,0.62159,0.32282,-0.08076,-0.17666,0.07437,2.29192,1.89055,0.64335
# [59/100] 'pokedex' OK
pokedex,0.14595,-0.41330,-0.52206,-1.11817,0.55637,1.05353,0.37789,-0.13647,0.38141,-0.62455,0.34291,-0.73193,-0.58411,-0.09923,-0.32904,-0.78531,-0.77377,0.92197,0.51325,0.18887,-0.72578,-0.57734,0.07590,0.16584,0.96609,-1.05987,0.01681,-0.42857,-0.56654,-0.23851,0.80833,0.42517,0.43638,-0.56091,-0.44451,-0.69150,-0.16519,1.12385,-0.20851,-0.18789,-0.42071,-0.22995,0.40349,0.55254,1.07012,0.49800,-1.12845,-0.39355,-0.81132,-0.93942,0.94512,-0.29873,-0.16280,-0.69936,-0.32405,-0.13225,0.23542,0.11109,0.60195,1.14797,0.19751,-0.04266,0.02482,0.32424,1.04939,-0.12208,-0.65016,-0.58234,-0.04106,0.85135,0.91143,-0.17761,-0.82661,-0.32159,-1.06164,0.34491,0.51498,0.11175,-0.11920,-0.72073,-0.39547,-0.33978,0.68329,1.01356,-0.17333,-0.49332,0.08008,-0.08431,0.31592,0.05441,0.02081,-0.05210,-0.75426,-0.91761,-0.04148,0.88910,0.91687,0.15177,0.56532,0.03453,0.16132,-0.75589,-0.69560,1.71566,-0.17247,-0.51192,-0.45925,0.16965,0.56514,0.60479,0.67716,0.28547,-0.21790,-0.47926,0.18192,-0.04633,-1.33768,-0.24665,-0.49034,-0.42677,0.55271,1.27713,0.18184,-0.32038,-1.23142,-0.85874,-1.15817,0.21554,0.20338,0.58148,-0.11521,-0.60911,-0.47350,0.24761,0.94191,0.11147,-0.07468,-0.95254,0.08455,-1.31657,0.45930,0.55037,-0.08956,0.06453,-0.34455,-0.50600,-0.22070,0.91419,1.09842,0.81593,0.39242,-0.71863,-1.14070,-1.91210,-0.40622,-0.55823,-0.17946,-0.55711,-0.41975,0.71364,0.50472,1.07431,0.03988,-0.04263,0.62946,-0.89808,-0.25987,0.14865,-0.64663,0.00194,-0.43860,-0.44440,-0.13544,0.53135,0.94409,-0.97831,-0.41315,-0.18151,-0.57957,0.31449,-0.01999,0.11367,0.04845,-0.41032,-0.82681,-1.65183,1.09517,1.13894,0.29356,-0.57726,-0.17130,-0.74965,-0.12531,1.03322,0.54151,0.06886,-0.31760,-0.43247,-1.15763,0.39385,0.33036,0.03575,-0.50583,0.84280,-0.78115,-0.16951,1.35230,0.60553,-0.02914,-0.61391,-1.11296,-0.51763,0.65259,0.76375,1.00336,1.04712,0.80890,-0.68503,-0.59818,0.79341,0.69625,-0.10913,-0.54212,-0.82280,-0.39553,0.95493,0.92538,0.10308,-0.13551,0.30458,-1.05076,-0.55584,1.34858,2.07936,2.17092,-0.39124,-2.60445,0.93885,0.31996,0.73988,-1.30317,-0.97641,-2.53714,0.17688,0.14037,-0.37714,1.23489,1.95688,1.19091,-1.07726,0.46339,-0.50580,-1.15861,-1.47925,-0.08452,-0.87177,-1.18578,-1.03436,-1.41129,-0.36740,1.93205,1.77017,-1.06591,-0.91553,-0.57906,-0.87847,-2.59899,-0.28738,0.99169,-1.53243,-1.49130,-1.52312,-1.66934,1.86445,1.68674,-1.01987,-0.63892,-0.81345,-1.11498,-1.82831,-0.30609,1.08295,-1.72836,-0.85797,-1.10168,-2.71550,1.44880,1.78760,-0.67784,0.23111,-0.77176,-1.75142,-1.81599,-0.29221,1.51132,-2.33083,-0.95766,0.68498,-2.59774,0.16087,1.82542,1.06112,0.02018,0.46148,-2.29080,-1.48191,-0.07857,1.30284,-2.60116,-1.03187,1.25994,-1.39187,-0.74187,1.48643,1.96303,-0.45759,0.10322,-1.48467,-1.02453,0.50393,1.47856,-1.01860,-1.35823,0.48285,-1.81465,-1.13097,1.02706,2.00063,-0.80111,0.23048,-1.33414,-0.54659,-0.04382,1.75743,0.54074,-0.01409,0.27431,-1.60303,-0.40767,0.03541,0.99464,0.40830,-0.78638,-0.06978,-0.44082,1.23764,-0.35726,-0.91718,1.54612,0.43997,0.36229,1.10585,-0.85142,-0.58014,-1.23518,-0.99720,0.84285,-1.05526,2.04653,-0.78062,0.24928,1.73567,0.31540,0.40799,0.08158,-1.28742,1.83498,-0.25479,-0.42806,1.37072,-2.00285,1.50645,-0.92994,1.27704,0.60449,-0.68435,0.61987,1.51711,0.87032,1.13473,0.00002,-1.95720,-0.99251,-0.94277,-0.41884,-1.36515,0.67284,-0.66561,-1.30276,-0.36976,1.71465,1.13413,0.55400,0.74538,-2.09917,-1.27009,-0.69472,-0.41260,-0.90058,0.78126,-2.41214,-2.11637,-0.33624,1.64508,1.08585,0.45498,0.99030,-1.86848,-1.75428,-0.92679,0.16001,-1.81271,1.14698,-1.01047,-1.91897,0.28676,0.65789,1.45762,1.44690,0.85141,-1.26557,-2.12116,0.01886,-1.67376,-1.95114,1.40408,0.17730,-1.34490,-0.04989,-0.35167,1.38487,2.14450,0.19300,-0.25572,-0.58165,0.76616,-1.64487,-0.73540,-0.36517,-2.83647,-1.08911,-0.04375,-0.53223,1.68777,2.32326,-1.04906,0.01695,-1.25686,-0.41676,-1.28191,-0.70207,0.01683,-1.05162,-0.97194,-0.34284,-0.27699,0.92252,0.84268,-0.49194,0.37203,-0.36295,-0.33969,-0.55900,-1.20614,0.12217,-0.38236,0.17196,0.15590,1.24248,0.86601,0.06429,0.96854,-1.24338,-1.17084,-1.20397,0.00267,-1.93897,1.01052,0.17481,-1.94347,0.90071,1.86411,1.16739,-0.64721,1.05056,-2.00340,-1.24632,-0.91680,-0.93500,-1.53990,1.43252,0.34178,-2.09660,-0.61269,1.54240,1.17572,-0.47469,0.00758,-1.71345,-1.32685,-0.45374,-0.89565,-0.67806,1.64314,-0.13294,-2.01437,0.57441,1.28925,1.10269,-0.29127,0.68258,-2.28542,-0.89988,-0.73462,-0.57899,-0.05719,0.99249,-0.03206,-1.11602,0.73031,0.80477,1.12181,0.42495,0.71547,-2.19751,-0.99265,-0.16527,-1.86979,0.47050,0.43376,0.54943,0.28235,-0.34746,-0.44101,0.79128,1.52407,-0.91104,-0.77924,-0.78457,0.42577,-0.80564,1.49056,1.32415,-0.84222,-0.24764,-1.33698,-0.98989,0.53293,1.79385,-0.92093,-0.57234,-0.84961,0.68240,-1.09261,1.18873,1.16790,0.95169,0.74212,0.74555,-1.42675,0.50116,1.43715,-1.51098,-0.75257,-0.63201,0.25227,0.37374,1.88604,1.08502,0.89537,0.48306,0.69514,-1.26203,0.43397,1.35603,-0.71712,0.02647,-0.41790,0.11677,-0.46666,1.18865,0.19556,-0.35054,1.04033,-1.05069,0.03734,-0.59721,-1.42858,2.72349,-0.05504,-0.25923,0.18985,-0.90301,1.36319,0.80193,1.84275,0.87876,0.07644,0.09867,-1.47377,-0.91973,3.95582,-1.15198,0.11630,1.92310,0.92786,1.25002,1.34784,0.76942,-1.08941,-0.22674,-0.47146,-1.56163,0.04494,2.44474,-0.19756,0.33072,1.57310,0.27026,-1.28981,0.91412,-0.23600,0.87921,1.99721,-1.06659,-1.50036,0.21799,1.75822,0.45711,0.76454,2.10384,0.25153,-0.20567,1.76958,0.98495,0.68598,0.17777,-0.93077,-1.60620,-0.72663,0.00073,0.38192,1.50816,1.22744,1.51157,0.17212,1.05251,0.95858,-0.71192,1.52750,-0.88108,-1.24303,-0.03910,-0.36381,0.26842,0.92447,1.38038,2.22742,0.53689,0.28285,-0.32135,0.14869,1.40587,-0.84071,-1.16139,-0.26117,-0.79459,0.32573,1.16145,0.30790,2.29035,0.83915,0.52887,2.25781,0.86237,0.24450,-0.91986,-1.34483,-0.49708,-0.36058,1.17383,0.96415,1.44216,2.34633,0.35642,0.50570,1.45826,0.17678,0.72776,-0.85133,-1.19159,-0.72988,-0.18735,0.63340,0.84002,1.46103,1.99014,0.93657,1.59789,1.86431,0.23685,-0.67009,-0.49532,-0.73523,-0.53161,-0.33121,0.26544,0.53788,0.73078,1.25771,-0.11375,0.04910,1.07567,0.04264,0.72994,-0.77851,-0.58242,-0.40449,0.26487,0.55863,0.34209,0.03934,0.46921,0.95053,0.07730,-0.65401,0.42897,0.37716,-1.28920,-0.66556,-0.12873,-0.04005,0.99449,0.60513,1.53005,0.68789,0.52725,-0.23007,0.93291,-0.27132,-0.12273,-1.49655,-0.41714,0.02608,-1.01158,1.52336,0.68914,1.07113,0.57726,-0.49277,-0.02874,-0.14424,1.55415,-0.52014,-1.32794,-0.25836,0.01825,-0.81615,1.27092,0.76096,0.97763,0.02751,0.31806,-0.50551,-0.03077,0.70348,-0.50576,-1.44911,-0.42258,0.22220,-1.41928,1.12208,0.86576,0.16728,-0.58003,-0.18776,-0.39241,1.30096,1.52965,0.37801,-1.52679,-0.50268,0.46843,0.49099,1.44449,0.44963,0.48630,-0.18704,-0.42443,0.15310,0.40125,1.56905,1.60721
# [60/100] 'pokedex' OK
pokedex,0.09146,-0.19959,-0.43541,-1.00824,0.76490,0.50541,-0.10074,-0.70159,-0.58343,-0.43126,0.15599,0.66806,0.62718,-0.26301,-0.28040,-0.57669,-0.45276,0.79382,0.12138,0.19937,-0.62774,-0.71515,0.01443,1.30160,2.07741,1.12997,-0.15028,-0.32624,-0.28272,-0.39901,0.58217,0.63955,0.49860,0.42990,0.67035,-0.58217,0.73505,0.87733,0.05998,-0.07846,-0.38241,-0.29177,-0.94924,0.66261,0.54438,0.35541,0.39597,-0.19454,-0.29339,0.37512,0.06923,0.06235,-0.25508,-0.56860,-0.53174,-0.19541,0.83194,0.77601,0.34038,0.39481,-0.12045,-0.85618,-0.22157,-0.35472,0.74758,-0.18906,-0.48049,-0.37105,-0.42132,0.36976,0.47461,-0.17788,0.06932,-0.17824,-0.12250,0.45412,0.56767,0.35911,-0.24576,-0.65900,-0.36912,0.47659,0.65081,0.69402,-0.05785,0.06177,1.04742,-0.59523,-0.87050,0.15930,0.16925,-0.26229,-0.36395,-0.60462,-0.57145,0.84277,0.69854,0.58795,0.44584,-0.47408,-0.02894,1.17902,0.35471,-0.38236,-0.09038,-0.26374,-0.43708,-0.65378,0.68613,0.50652,-0.02958,0.15883,-0.59864,0.05968,-0.94150,-0.43052,0.54606,-0.17448,-0.58601,-0.03065,0.52071,0.96723,1.05204,1.11304,0.11273,-1.03734,-1.65849,-0.80387,1.26400,-0.55593,-0.45037,-0.85713,-0.49350,0.09926,1.20142,0.90862,0.32327,-0.20967,-0.23893,-1.15708,-0.63726,0.95220,0.85465,-0.18488,-0.41280,-0.16892,0.15434,0.49563,0.38092,0.42135,-0.74889,0.49878,-0.64518,-1.01599,0.23815,-1.05276,-0.35848,-0.59265,-0.78710,-1.02815,0.59578,0.44156,0.49073,0.37770,0.97968,0.00555,-0.69740,0.95395,-0.56735,-0.32309,-0.67853,-0.83635,-0.98090,0.62306,1.22428,0.48655,0.55966,0.61012,-0.24818,0.72881,0.06251,0.22618,-0.28549,-0.50726,-0.89387,-1.83307,0.71596,0.22302,0.49816,0.46415,0.79682,-0.04046,0.42789,0.96535,1.83051,-0.29868,-0.64584,-0.57614,-0.10754,0.60701,0.62622,0.01094,-0.00274,-0.13051,-1.03758,-1.41205,0.46577,1.19980,-0.22257,-0.83390,-0.56175,0.08052,0.42840,0.54799,0.25297,1.42553,-0.03121,-0.53741,0.68538,0.86480,0.50917,-0.05198,-0.53562,-0.69175,-0.12063,0.49558,0.74027,0.53036,-0.03311,0.27322,0.03500,0.32617,0.40592,-0.43955,0.23848,-0.89746,-0.88819,-0.10974,0.34636,1.47783,0.04080,-0.39360,-0.16053,-0.44330,1.11202,0.08070,-0.14159,0.03440,-0.27325,-0.17308,0.06714,0.07061,0.91940,0.32818,-0.41321,0.13974,-0.91467,1.22403,0.78161,-0.03848,-0.09729,-0.60505,-0.63636,-0.06871,0.47721,0.61550,0.10229,0.72867,-0.37055,-0.74507,0.62054,0.43397,-0.51564,1.58375,-0.36660,-1.92216,-1.38587,0.55417,0.51492,-0.16445,3.24803,-2.19146,-1.55462,0.96923,-1.12716,-0.45679,2.07918,0.09507,-1.58409,0.04650,0.22028,-0.30774,-0.91201,2.51991,-2.13164,-1.56315,-0.30104,-1.11081,-0.70891,2.16110,1.75694,-1.44418,-1.49909,-0.22255,-0.62785,-3.04729,-0.33326,-0.00110,-1.59069,-0.46831,-1.20137,-1.41509,1.73814,1.87177,-1.00629,-1.15455,-0.33676,-1.00468,-2.63533,-0.38326,1.06599,-1.57282,-1.23663,-1.60896,-2.03474,1.27196,2.14837,-0.87110,-0.89393,-0.25704,-1.66012,-1.48087,-0.41827,1.65842,-1.81203,-1.46498,-1.42732,-1.60677,0.78580,1.84147,-0.03128,-0.48261,-0.02882,-1.69312,-1.67505,-0.70099,1.50859,-1.88319,-0.84472,0.70479,-2.84557,-0.55853,1.67496,1.44117,-1.66074,0.64801,-1.53764,-1.37411,0.50337,0.91817,-0.63036,-1.33290,0.53786,-1.64566,-0.97838,1.13953,1.32480,-1.37665,0.92156,-0.62743,-0.42737,0.37546,0.66590,-0.76628,-0.75430,0.66793,-1.30850,-0.46408,-0.11791,1.67742,0.79924,-0.62013,0.77076,-1.15313,-1.78364,1.86551,-0.08350,0.63521,-0.34242,-1.22264,1.22716,-1.41201,-0.31333,0.13541,-1.76853,1.79312,-0.79766,-1.83767,2.12346,1.08864,0.90156,-1.08091,-0.25759,0.13870,-1.23446,1.41597,0.56040,-0.49672,1.67121,-1.24240,0.06728,-0.22718,0.21085,0.12234,-0.53794,0.93065,1.49014,0.69902,1.10361,1.29176,-1.98636,-0.63313,-1.68119,-1.27361,-0.70618,0.34955,-0.69733,-0.94576,-0.97302,1.72079,0.98539,0.98215,0.34805,-2.24766,-1.05635,-0.90917,-0.57937,-0.92575,0.70752,-2.02997,-1.47429,0.17133,1.72818,0.93646,0.44795,0.76708,-1.99002,-1.16036,-0.77613,0.00371,-1.25015,1.11462,-2.26024,-2.05079,0.06822,1.19030,1.22846,0.74875,1.16327,-1.62554,-1.83803,-0.95713,-0.12450,-1.56274,0.60779,-0.39164,-2.01234,1.25849,-0.04262,1.41513,2.05722,0.66079,-0.97854,-1.19466,-0.04599,-0.26739,-2.01664,-0.36130,0.29618,-1.34337,-0.25034,-0.73805,1.33666,2.04167,-0.23916,0.21283,-0.64788,0.92260,-0.61015,-0.71506,-0.37438,-2.67757,-1.74102,-0.52045,-0.77228,1.13067,1.93750,-0.42686,0.32766,-0.84306,-0.12430,-1.34057,-0.51886,0.37316,-0.48343,-0.26458,-0.64970,0.58334,0.89310,-0.34779,0.35932,-0.29889,-0.97098,-0.71073,-0.32934,-0.70745,0.28349,-0.74096,-0.50295,-0.03959,1.37351,1.29023,-0.13152,0.82286,-1.54491,-1.77202,-0.32794,-0.57655,-1.25204,1.17610,-0.51659,-2.04033,0.24276,1.61448,1.29385,-0.32516,0.01694,-1.91501,-1.19775,-0.62128,-0.54546,-1.11154,1.46032,-0.31760,-1.67694,-0.47316,1.33774,1.16600,-0.10980,-0.01801,-1.85860,-1.40514,-0.29944,0.14130,-0.55218,0.84178,-0.61506,-0.48203,0.17100,0.98902,1.22270,0.50625,0.15266,-1.82209,-1.40893,-0.66015,-0.70316,-0.10472,0.52200,0.35511,0.19163,-0.25148,0.12451,1.16922,1.37215,0.70000,-1.93303,-1.12936,-0.62203,-2.36214,1.27786,0.66017,0.74166,1.08083,-0.99522,-0.82181,0.91760,1.53777,-1.69018,-0.98981,-0.94785,0.39437,-0.62810,1.85994,1.06117,-0.80785,0.30309,0.10538,-1.13548,0.24304,1.27178,0.49305,-0.93619,-1.68921,1.67708,0.48348,2.20736,1.67141,-0.43639,0.39931,-0.38190,-1.27190,0.07810,0.32427,0.28477,-0.78298,-1.11577,1.87118,-1.59933,1.69218,1.42875,0.65499,1.66891,0.46878,0.06683,-0.41617,-2.29204,3.11245,-0.06976,-0.42429,0.62106,-2.18475,-0.14362,0.54725,2.09113,1.13189,0.21343,0.46200,-0.61843,-2.24560,2.27815,-0.23932,0.09720,1.36551,-0.49019,-0.75416,0.57654,0.74921,1.72367,0.69782,-0.24184,-1.40635,-0.54756,3.27283,-0.41234,0.11216,1.66100,0.51054,-0.06716,2.07027,-0.21259,-0.61882,0.42116,-0.88529,-1.39541,0.25423,1.22956,0.24795,0.41243,1.09733,0.75829,-0.96677,1.40720,1.16864,0.79148,3.33817,-1.19520,-1.22650,0.42627,0.62091,0.75174,0.53239,-0.39204,0.87809,0.29978,2.19638,1.17760,0.64359,0.58881,-1.25792,-1.30540,0.74836,0.78605,1.07420,0.57637,0.45416,1.14708,0.36052,1.44841,0.75415,-0.51123,0.22205,-1.29018,-0.91507,0.65870,-0.03282,0.68375,0.41262,0.36813,1.51277,0.18407,1.32148,0.99566,-0.62441,1.37150,-1.40004,-1.16792,0.37820,-0.52724,0.72110,1.23131,0.90532,1.06850,0.61087,1.10165,1.70533,0.11421,1.04224,-1.36128,-1.37287,0.58581,0.77511,0.96928,0.90860,1.05072,1.43022,-0.67043,0.35930,1.52653,0.47890,1.41632,-1.41783,-0.95105,0.17245,-0.22746,1.54691,1.29380,1.03730,0.05781,-0.23025,0.36850,-0.22108,0.75578,0.48125,-0.73009,-0.86170,-0.79826,-0.20233,0.83176,1.35613,1.86322,1.40884,-0.12212,-0.95590,1.27811,0.30044,-1.38933,-1.74569,-0.69602,0.16956,-0.08059,1.43393,1.09256,1.44515,0.81618,0.37421,-0.86842,0.37128,1.21900,0.69681,-1.74083,-0.11995,1.02406,-1.27766,1.00726,-0.00032,0.08877,-0.35346,0.07385,-0.71520,-0.40837,0.55504,0.89213
# [61/100] 'pokedex' OK
pokedex,0.01072,-0.21052,-0.15826,-0.20733,0.81713,0.46092,-0.06600,0.33879,-0.70877,-0.64683,0.68432,0.18423,-0.64336,-0.21266,-0.35262,-0.80156,-0.67853,0.39819,0.65046,1.25980,0.79480,-0.03915,-0.40981,-0.11497,0.54579,0.62251,-0.05577,-0.56914,-0.72656,0.82138,0.82225,0.53289,-0.14459,-0.82540,0.33695,0.00494,-0.17801,1.32018,-0.28503,-0.15534,-0.53611,-0.48474,-0.51849,0.71123,0.68865,-0.08485,-0.48504,-0.28458,0.08638,1.33877,1.69114,0.34702,-0.31945,-0.71355,-0.89076,-0.38096,0.83413,0.29701,0.48874,0.83151,-0.23066,-1.09230,1.43142,0.89648,1.53711,-0.16275,-0.57615,-0.45386,0.40196,0.87035,0.80782,0.37103,0.38811,-0.41281,-1.64757,-0.61331,0.30737,0.07689,-0.27937,-0.59641,-0.57594,0.13069,0.73015,0.63239,0.43416,-0.64460,-0.50426,0.28170,0.87896,1.60168,-0.02933,-0.36835,-0.60139,-0.14531,-0.01267,0.41852,0.37960,0.16757,-0.09490,0.62089,-0.14129,0.80202,1.05344,0.70117,-0.44261,-0.33985,-0.19611,0.05041,0.68384,0.66643,-0.04901,-0.01992,-0.26379,-1.03881,0.37684,0.01372,-0.23178,-0.29921,-0.51196,-0.28165,-0.04947,1.14682,0.86411,-0.08834,-0.47687,-0.34042,0.01982,-0.62663,0.59017,0.99681,-0.08578,-0.43618,-0.01136,-0.16287,0.63416,0.74571,0.59495,-0.12262,-0.30168,-0.30677,0.18990,0.05888,0.16633,-0.11967,-0.55819,-1.00165,0.17949,0.94309,0.74022,0.63099,-0.01353,0.49575,-0.12018,-0.31726,-0.09137,-0.79446,-0.29594,-0.42348,-0.79088,-0.56923,0.64585,0.71880,-0.89608,0.00824,-0.28864,-0.63014,0.57737,1.12575,1.28354,-0.21955,-0.49490,0.29220,0.22394,0.77136,0.71598,-0.32712,0.09343,-0.86275,-1.42375,0.40535,0.31832,-0.50463,-0.06234,-0.60850,-0.44496,0.04415,0.88387,0.68365,-0.34056,0.62859,0.17050,-0.90912,0.51335,1.06207,0.39819,-0.17242,-0.58329,-0.84744,-0.52969,0.57468,0.97025,1.74595,0.20128,0.61681,-0.54306,-0.37255,0.23514,-0.72774,-0.16196,-0.41804,-0.06108,0.22521,0.74278,-0.22500,0.13579,-0.63108,-0.55948,0.09584,1.00098,0.09397,-1.10440,-0.26782,-0.65630,-0.50331,0.05456,0.78931,0.68111,-0.04543,-0.31203,0.04359,-0.13644,0.52750,1.91512,-0.33377,-0.15003,-0.67648,-1.00846,0.10658,0.80747,0.66476,1.01556,-0.26775,-0.21369,0.27318,0.29963,0.59836,0.01013,-0.18954,-0.38392,-0.56346,0.55387,0.55407,1.07349,0.28652,-1.19020,-1.10529,-1.71616,-0.23510,0.27710,0.54230,0.73606,-0.50906,-1.41228,0.06471,0.14879,0.31375,-0.23492,0.46305,0.52461,-0.05645,0.87128,-0.02100,-0.27796,2.34635,-0.32395,-1.64335,0.66986,-0.13954,0.00962,-1.26644,0.72820,-0.26733,-0.34443,0.08457,-0.75415,-1.74934,2.00511,1.51013,-0.88905,-0.37064,0.01349,-1.17862,-1.89235,-1.13308,-1.04485,-0.02581,-1.13677,-1.88214,-1.46356,1.66341,2.14465,-0.96825,-2.03929,0.12866,-0.78622,-2.15030,-1.59533,0.55073,-0.74719,-1.55629,-2.48502,-0.72609,1.77830,1.86629,-0.78139,-2.64301,0.33346,-0.56568,-2.38884,-1.36870,1.88560,-2.14106,-1.48801,-2.33587,-0.52942,1.33713,1.72356,-0.55822,-1.56668,0.46654,-1.26884,-2.02902,-0.32244,2.09888,-2.20801,-1.88462,-1.01824,-2.24366,0.19220,1.68063,0.14343,-0.80732,0.84946,-1.12085,-1.73627,-1.94000,1.28443,-0.89211,-0.39090,-0.08435,-2.12840,-0.95522,1.46362,1.59670,-2.10173,0.97547,-1.27890,-1.08459,-0.27966,1.86405,-0.51574,-1.10237,-0.64898,-1.06483,-1.52435,0.96962,1.39437,-1.76427,1.36679,-0.07222,-0.12706,-0.27777,1.69396,-0.50195,-1.23147,-0.31242,-0.54816,-1.04581,0.24955,1.26083,-0.18452,0.56631,0.08561,-0.83495,-0.91205,1.39987,-0.03569,-0.41985,-0.37941,0.04765,1.12758,-0.95157,-1.11432,0.50246,-1.66392,1.15701,-0.67659,2.01316,0.44903,-0.01934,2.17307,-0.30408,-0.07765,0.08192,-1.01863,0.90823,-0.79913,-0.74136,1.33109,-0.84543,1.80163,-0.91883,0.35759,0.35298,0.55471,1.41917,0.89384,0.85621,1.73369,0.14984,-1.78132,-0.67926,-1.49390,-0.62620,-1.24490,0.63422,-0.32388,-0.35580,-0.64713,1.70595,1.04474,1.20164,-0.35079,-2.00834,-1.01674,-1.15486,-0.24515,-0.91751,0.37870,-1.72357,-0.82328,-0.44971,1.81407,0.93627,0.57651,0.57913,-1.98967,-1.36586,-0.38798,0.14901,-0.94899,0.67922,-2.40996,-1.52563,0.00753,1.42890,1.11450,0.24960,1.77853,-1.81066,-1.98043,-0.88197,-0.12407,-1.06902,0.55835,-1.32381,-1.38880,0.75593,0.32787,1.08379,1.34019,1.85476,-0.52801,-2.46593,-0.74708,0.54810,-1.73899,-0.53670,0.22691,-0.85643,-0.10060,-0.71211,1.08939,2.07794,1.25327,-0.14306,-0.90119,0.90780,0.51771,-2.13554,-2.05905,-1.89610,-1.77433,-1.16824,-0.94004,0.95623,2.23967,0.77504,0.22233,-0.98327,0.46325,-1.02027,-0.52541,-1.07254,-1.07748,-1.36526,-0.80121,-0.36015,0.91931,1.21917,0.01010,0.17316,-0.90677,-0.37347,-1.13302,-1.28939,-0.65923,0.29825,0.12934,-0.17092,0.95904,1.00176,0.49038,0.86449,-1.27138,-1.66830,-0.62301,-0.39972,-1.45048,0.96961,0.55730,-1.70129,0.36942,1.57050,1.36217,-0.12527,0.47233,-1.86646,-1.47786,-0.23108,-0.83890,-1.48307,1.97471,-0.89134,-1.69824,-0.83197,1.55516,1.16929,0.04419,0.11814,-2.03336,-1.29172,0.12648,-1.22783,-0.93278,2.24708,-1.21101,-1.06083,-0.75108,1.31041,1.11577,0.23805,0.47699,-2.13564,-1.09309,-0.26276,-0.60862,-0.41276,0.69021,-0.48191,-0.76184,0.41055,0.55515,1.16111,1.18420,1.04256,-2.07976,-1.03844,-0.77921,-2.03478,0.30063,0.21074,0.75169,0.49345,-0.40530,-0.53187,0.72695,1.73641,-0.20539,-1.41130,-0.66411,0.64772,-1.18552,1.21634,0.96241,-1.11812,0.99112,-0.61053,-1.38749,0.61347,1.73213,-1.54044,-0.68627,-1.04572,0.38287,-0.00322,2.97240,1.74381,0.07515,0.57565,-0.90870,-1.64809,0.44189,1.53527,-0.93004,-0.28288,-1.23629,0.18343,0.15564,1.72531,0.91495,0.76272,0.88241,-0.87705,-1.94102,0.27021,1.64897,-0.83214,0.22411,-0.68159,0.13609,-0.87864,0.60002,1.14207,0.25599,1.46508,-0.91928,0.56768,-1.07893,-2.16539,2.27951,-0.71428,0.58088,1.01432,0.09477,-0.53833,-0.84374,-0.15064,1.02519,1.21035,0.12566,-1.32947,-1.08443,2.63572,-1.24688,0.03416,2.05029,1.25201,0.34925,1.30539,-0.49193,0.30486,0.85727,-0.31096,-1.38556,-0.33913,1.94399,-0.68288,0.77653,1.72986,0.84240,-0.41871,1.15536,0.42391,-0.48427,0.08590,-0.70010,-1.24187,-0.42711,1.00816,-0.07625,0.45164,1.52885,1.29962,0.36023,2.17337,0.05035,0.40026,1.78586,-0.92523,-1.16762,-0.05658,0.03052,0.28412,0.33832,1.28825,0.45136,-0.07841,1.25732,1.17265,0.47310,1.61454,-1.05380,-1.13829,-0.07839,0.00881,0.25741,1.22351,0.98242,0.87400,0.29686,0.71794,-0.13166,0.43520,0.89433,-1.14167,-1.34222,-0.34299,-0.93707,0.64453,0.86465,1.34626,2.84060,1.14512,0.51481,1.66174,0.60079,1.93162,-1.05209,-1.36091,-0.75773,-0.75284,0.62979,1.18502,0.64148,2.69706,0.23161,0.70797,1.30897,-0.28348,2.48586,-0.76143,-1.41503,-0.34637,-0.02481,0.59070,1.43548,0.84685,1.63567,0.02400,1.00385,1.20793,0.12793,0.71354,-0.93225,-1.19744,-0.64851,-0.57431,0.61510,1.35861,0.71148,0.80820,0.23412,0.68423,1.84322,0.79791,2.19699,-0.70589,-0.69105,-0.48330,-0.42463,0.76338,1.22928,0.76458,-0.06290,-0.22362,0.16880,1.13958,0.64375,0.51460,-1.44288,-1.07250,-0.67436,0.64710,1.26038,1.64351,1.36070,0.84484,0.26338,-0.49330,0.65485,0.60683,0.12218
# [62/100] 'pokedex' OK
pokedex,0.19898,-0.32283,-0.77143,-0.49595,0.78342,0.93102,-0.12311,-0.09043,0.07020,-0.45645,-0.07735,-0.46865,-0.28729,-0.18235,-0.48863,-0.45737,1.02319,0.68078,0.63918,0.47660,-1.97896,-0.79137,0.10769,0.82811,0.99701,0.91864,-0.19994,-0.55693,-0.69426,-0.32311,1.05243,0.69999,0.64691,-0.08050,0.33039,-0.08362,-0.95755,0.19403,-0.53438,-0.11651,-0.52726,-0.62219,-0.49918,0.78252,0.76398,0.02330,-1.06133,-0.62408,0.13474,0.17797,0.11070,0.42291,-0.15912,-0.63677,-0.55643,0.74826,1.17231,1.00637,0.09135,0.87045,-0.62433,-1.07664,-0.22804,-1.12942,-0.84426,0.00021,-0.59600,-0.84351,-0.80226,0.68691,0.89516,0.61345,0.99742,0.53463,-0.49022,-0.52383,-0.20366,0.08257,0.00583,-0.34894,-0.92357,-1.07647,0.12315,0.74708,0.41087,0.69261,0.44535,0.44599,-0.04873,1.46223,1.39183,-0.26888,-0.78709,-0.97265,-0.24610,1.19938,0.66395,-0.26253,-0.70112,0.43870,0.65837,1.33449,0.52511,-0.42253,-0.33424,-0.53372,-0.06886,-0.33903,0.58176,1.30639,0.85593,-0.45019,-1.34349,-0.86852,1.01231,0.01312,-0.73952,-0.07535,-0.36175,-0.81792,-0.56575,0.32145,0.02557,0.54493,0.22665,0.00653,-0.30844,1.15944,1.54792,0.05576,-0.09546,-0.73252,-0.93368,-0.61068,0.62447,0.64535,0.22048,0.98725,0.19439,0.05395,0.25146,1.13811,1.18976,-0.15679,-0.71583,-1.11245,-0.08540,0.97411,0.72366,0.40445,-0.52442,0.19925,0.31949,1.78819,1.34663,0.70287,-0.10441,-0.39398,-0.67620,-0.24294,0.92806,0.73751,0.20864,-0.56562,0.20015,-0.28278,0.52979,0.93125,0.00517,-0.15246,-0.37377,-0.67590,-1.08646,0.55756,0.59907,-0.37506,0.42699,0.29493,-0.48312,0.56590,1.01420,1.00972,0.09409,-0.33828,-0.32092,-0.66498,0.38316,0.72435,0.68569,-0.05861,0.01886,-0.79305,-0.48015,0.07257,-0.07871,-0.19916,-0.54842,-0.13323,0.49805,0.49525,0.67401,0.43155,-0.27511,-1.40176,-0.61887,0.60821,0.94409,0.83623,-0.07903,-0.39138,-0.63923,-0.44125,0.10976,0.72187,0.54532,1.13090,-0.08080,-0.47045,-0.02289,1.18291,1.34182,0.04369,-0.45078,-0.54240,-0.37972,0.55573,1.07923,0.07105,-0.70630,-0.19796,-0.96439,0.20693,1.02837,-0.24042,1.55242,-0.77904,-1.61854,0.02875,-0.15551,0.44158,0.47043,1.57567,-0.26449,-1.16030,-0.89039,-0.43253,0.32264,2.14451,-0.22564,-1.53714,0.68141,-0.31366,-0.31156,-0.44532,2.30109,-0.56989,-1.42286,-1.51643,-0.16752,-0.30180,2.48763,1.48456,-1.65330,-0.96516,0.06339,-0.82252,-2.05424,-0.72052,-0.51891,-0.77891,-1.52295,-0.93387,-1.32628,1.61066,1.88519,-0.78759,-1.30304,0.01826,-1.59936,-2.17512,0.70693,1.26695,-2.29887,-1.17865,-1.46313,-1.43815,1.21594,1.99824,-0.28515,-2.38615,0.25999,-1.41768,-2.43892,0.87192,1.25427,-2.19160,-0.88044,-1.27639,-0.92859,0.49498,1.88248,0.74959,-0.97969,0.39636,-1.79564,-2.42142,-0.60517,1.37685,-2.21383,-0.49391,0.53382,-2.15028,-0.77183,1.50023,1.58807,-1.39282,0.96480,-1.35078,-1.16087,0.41481,0.90535,-0.71466,-0.52709,-0.84935,-2.76254,-1.17293,1.10607,1.59245,-2.07123,0.82194,-1.12062,-1.58470,0.03238,1.95513,-0.05843,-0.24837,0.17587,-0.64793,-0.92877,0.45559,1.03238,0.26152,0.14096,-0.31883,-0.69016,-1.14509,0.74361,-0.10638,0.71406,0.39415,-0.71037,1.32449,-1.45298,-0.62889,0.96163,-1.25132,1.01508,-1.40221,0.57956,-0.75472,0.84966,1.97331,-0.22574,2.23477,0.12995,-1.18153,1.14429,0.36720,-0.19139,0.80582,-1.44128,1.15025,-0.82761,0.53270,0.81326,0.27771,1.06767,0.55908,-0.41881,1.99775,1.11273,-0.95726,0.50752,-1.44525,-0.08326,-1.01407,0.43776,-0.69633,-0.37715,-1.85996,1.36922,1.06695,1.84458,-1.11076,-2.02286,-0.43517,-1.49181,-0.59748,-1.04711,-0.96057,0.35654,-1.17830,-1.36064,1.61379,1.04966,1.07043,0.10503,-1.89452,-1.10327,-1.15286,0.62160,-1.50431,0.59679,-1.93700,-2.82255,0.31577,1.50848,1.18491,0.18854,1.19631,-1.81590,-1.78900,-0.55864,0.08497,-1.39131,0.90675,-1.73523,-1.82326,0.41288,0.55770,1.42602,1.28718,0.25958,-1.06337,-1.79012,-0.40376,-0.82614,-2.45244,0.38036,0.25665,-1.46111,1.21082,-0.55088,1.39871,2.07645,-0.48290,-0.32931,-0.44925,0.50446,-0.49111,-1.39198,-1.10576,-2.04523,-1.66687,-1.47262,-0.81430,1.30196,2.16492,-0.72596,0.30087,-0.46611,0.42443,-1.32035,-1.63405,-0.15017,-2.48411,-1.53876,-0.16498,-0.89365,1.32829,1.94825,-1.21037,0.32496,-0.78391,-0.46673,-1.14314,-0.30873,-0.71606,-1.44157,0.64402,-0.93777,0.50689,0.88580,0.20806,-0.00107,-0.52828,-1.13361,-0.29575,0.42009,-1.26648,0.48383,-0.52130,-0.88996,0.30567,1.38611,1.32031,-0.19152,0.79279,-1.58641,-1.75024,-0.38323,-0.72784,-1.80462,1.95978,-0.99898,-1.38117,-0.55717,1.58850,1.28188,-0.28695,-0.33259,-1.74273,-1.50531,-0.05620,-1.58593,-0.82292,1.85732,-1.05593,-1.15413,-0.22774,1.40221,1.17240,-0.01789,-0.54183,-1.56920,-1.68665,-0.08784,-0.85466,-0.45717,1.73812,-1.22324,-0.68451,0.16172,1.30367,1.00111,0.34692,-0.21448,-2.09966,-0.95399,-0.73109,-1.65920,0.83808,0.43619,0.00854,-0.45728,0.09131,0.27542,1.19088,1.39722,-0.47182,-1.92137,-0.53057,-0.64693,-2.28047,0.45166,0.41113,-0.15528,0.49129,0.06890,-0.81012,0.78513,1.77985,-0.83223,-1.16435,-1.21150,-0.12481,-0.92562,1.64518,0.44960,-0.12889,0.63692,-1.08233,-0.97816,0.26422,0.78800,1.44474,-1.05871,-1.47284,0.83713,-1.17997,1.78114,1.05531,0.87554,0.29971,-0.64094,-1.36379,0.27409,0.84926,-0.42621,-0.52911,-0.95898,0.50224,-0.06585,2.27453,1.11207,1.30704,0.44467,-0.63938,-0.37120,-0.66229,-0.84766,2.57303,-1.10661,-1.09282,0.41245,-1.26059,1.25780,-0.66821,0.36100,1.66566,1.27486,0.50756,-0.61201,-1.38614,2.12056,-1.30328,0.11963,1.37382,0.53760,1.56728,-0.28150,0.18608,-0.06430,-0.26374,0.18020,-1.56262,-0.70082,2.95206,-1.20875,1.10280,1.46692,0.00645,0.67365,2.56394,0.44253,-1.17852,-0.54854,-0.31908,-1.28027,-0.32371,1.03661,0.04022,0.78951,0.77081,0.65794,-0.01626,1.51984,0.10729,0.53723,2.30104,-0.83996,-1.32719,-0.41508,1.47812,0.31989,0.51168,1.03738,0.24288,0.45773,1.14185,-0.30129,0.41263,1.64107,-1.01030,-1.27060,-0.19449,0.54191,0.96563,1.37903,1.22487,1.28067,0.32735,1.02871,0.85430,-0.60060,0.02458,-1.09651,-1.05719,-0.16880,-0.13411,0.88426,0.82188,0.58753,0.81363,-0.45338,0.03914,1.56410,1.05836,0.85543,-1.02439,-1.12238,-0.61662,0.77291,1.03792,0.93461,1.19353,1.83306,-0.65948,0.06196,0.36958,-0.62211,1.11023,-0.89394,-1.14674,-0.71226,0.19495,0.95074,0.77855,1.15659,1.93071,-0.13292,1.13905,1.53293,0.17573,1.14529,-0.88668,-0.90281,-0.39370,0.44498,0.99720,0.79240,1.23935,1.11673,-0.36152,1.35284,-0.24479,0.08686,0.75532,-0.75129,-0.85872,-0.63271,1.00648,0.80365,0.74356,0.88580,1.29095,0.49772,0.01110,1.47513,1.36959,0.05087,-1.18829,-0.64219,0.24755,0.83276,1.16387,1.01639,-0.04325,-0.14579,1.01261,-1.37893,1.15346,1.48553,-0.11065,-1.78552,-0.48709,0.10893,0.37780,1.42325,0.86766,1.79013,-0.93492,0.46063,-0.55548,0.54784,1.43722,0.18489,-1.64988,-0.38409,0.11589,0.05566,0.71560,0.90266,1.02542,-0.10527,0.61595,-0.16083,0.88840,-0.06128,-0.21021,-1.83704,-0.76561,0.63465,-0.42737,1.20758,0.73623,1.32923,1.34887,0.62130,0.03387,0.31555,0.47690,-0.00325
# [63/100] 'pokedex' OK
pokedex,0.30364,-0.21721,-0.31572,-0.14640,0.43734,0.51130,0.32416,-0.88400,-0.65826,-1.04262,0.28535,0.36946,-0.79747,-0.06079,-0.66236,-0.74977,-0.87414,0.73358,0.75184,0.66182,0.22635,-0.38032,0.47317,0.85986,0.49040,-1.02438,-0.03609,-0.71128,-0.77128,-0.08501,0.98857,1.47242,0.29931,0.07006,-0.24112,-0.17926,0.74729,0.82921,0.81110,0.02798,-0.67678,-0.52160,-0.66014,0.02981,0.58192,0.56447,0.81448,1.22443,-0.28637,0.75063,1.19472,0.03131,0.02469,-0.57220,-0.67184,-0.41762,1.05941,0.72222,0.51432,0.19891,0.03551,-1.53569,-0.19460,0.00439,0.05453,0.01636,-0.52951,-0.70243,-0.27923,0.73497,0.72709,-0.33782,-0.81548,1.30136,0.52492,-0.11426,-0.62059,-0.26908,-0.06592,-0.62351,-0.52054,0.20806,0.63144,0.62493,0.34226,0.78290,-0.52126,-0.84967,0.04547,0.69259,0.16404,0.05256,-0.63075,-0.25629,0.35794,0.65870,0.79601,0.19600,0.17315,-0.09982,0.07355,0.23250,-1.07261,-2.34358,0.18771,-0.54375,-0.63330,-0.25042,0.67354,0.75227,0.35607,-0.03071,-1.49970,-1.16432,-1.11630,0.61276,1.05479,-0.03544,-0.51576,-0.79633,0.06463,0.72805,1.01634,-0.38739,-1.05337,-0.91466,-0.05298,0.71407,1.32270,0.65879,-0.01483,-0.46350,-0.72965,-1.00152,0.19081,0.82627,0.65339,0.10591,-0.21690,-0.28631,0.72254,1.25057,0.56795,0.05361,-0.65978,-0.78584,0.68523,0.92215,1.43919,0.45766,0.38799,-0.53666,-0.46882,0.33806,0.00262,-0.30381,-0.01195,-0.81331,-0.53186,0.20023,0.68371,0.86649,-0.23506,0.25723,0.33172,0.70546,-0.68306,0.85798,1.29160,2.10496,-0.70279,-2.17251,2.34160,0.00354,0.58398,-1.85695,0.46441,0.36317,-1.08390,-1.16073,-0.01709,1.08838,2.64227,0.68382,-1.59124,0.62796,-0.37827,-0.59283,-2.44339,-0.43420,-0.13935,-1.45459,-1.26414,-1.33025,-0.63065,1.84071,1.81112,-0.99764,-1.37748,-0.05362,-1.24903,-2.26372,-0.66236,0.84629,-1.86102,-1.67182,-1.79293,-0.68270,1.32080,2.18211,-0.62681,-2.59821,0.22447,-1.44637,-2.00677,-0.26745,0.90901,-1.63668,-1.69592,-1.42544,-1.60700,0.47818,1.94548,0.35026,-0.93832,0.57010,-1.90522,-2.46086,-0.97011,1.92404,-0.76279,-2.82945,0.03295,-1.07754,-0.38889,1.62809,0.75697,-1.75629,0.66683,-1.26498,-1.19515,-0.73851,1.76198,-0.06071,-1.57066,-1.20374,-0.31884,-0.94667,1.07184,1.42231,-1.36602,0.74176,-0.77350,-0.90998,-0.16416,1.51362,0.56191,-1.43079,-0.30563,-0.84230,-0.38163,0.14417,0.90138,0.48988,0.07502,-0.37158,0.23922,-1.69284,0.52509,0.26905,-0.75115,-0.00099,-0.06336,1.38543,-1.32347,-1.68189,1.96068,-1.44829,0.99785,-0.71607,-0.09411,-0.54788,-0.48200,0.61758,0.27961,2.16468,0.88443,-1.45674,-0.62113,-0.48867,-0.49812,1.41759,-0.11952,0.80172,0.32717,-0.64841,1.74743,0.60926,0.16653,1.03776,0.34479,1.89416,0.06461,-1.56174,-0.00622,-1.37784,-0.65179,-1.54259,0.17553,-0.63418,-1.02471,-0.93408,1.52158,1.04786,1.36627,0.51031,-2.14319,-0.93208,-1.08059,-1.15546,-1.38104,0.67266,-1.71088,-1.36366,-0.80267,1.53970,1.10140,1.04801,0.09473,-1.96902,-0.90141,-0.72205,-0.48348,-1.46735,0.34609,-1.18910,-2.54602,-0.58176,1.11381,1.53009,0.81456,0.38309,-1.53409,-1.81731,-0.94686,-1.11090,-1.53995,0.57065,-0.69788,-1.63514,0.29446,0.04813,1.50317,2.18213,0.43337,-1.43258,-1.24760,-0.27411,-0.87083,-1.06288,-0.44579,-0.54037,-1.39851,-0.81792,-0.38218,1.20109,2.20730,0.34269,-0.21590,-0.42845,-0.30691,-1.39025,-0.88351,-1.57812,-0.31535,-1.00937,-0.71450,-0.55577,1.42950,2.39581,-0.88564,-0.09731,-0.66115,-1.12739,-1.71041,-0.50727,0.30090,-0.20522,-1.77800,-2.04261,0.42431,0.59541,0.06427,1.74734,-0.46956,-0.36298,-0.21352,-0.55715,-0.93801,-0.82098,-0.43744,-0.26802,0.10053,1.11515,1.08426,0.14524,1.03074,-1.25349,-1.72727,-0.41046,0.30606,-1.76736,0.69121,-0.44989,-1.32922,-0.22713,1.58569,1.43759,-0.06490,0.34974,-1.73431,-1.75862,-0.37415,-0.69619,-1.70946,1.34464,-0.60032,-2.24563,-0.81488,1.49175,1.28442,-0.24849,-0.35068,-1.68972,-1.63268,-0.08460,-0.68636,-0.70536,1.18931,-0.85749,-1.16815,-0.14214,1.44976,0.98166,0.18745,0.09779,-2.08574,-1.01382,-0.63938,0.10829,-0.60837,0.64183,-0.80238,0.06351,-0.93163,0.83420,1.22459,0.69835,0.63223,-1.88905,-1.32240,-0.87340,-1.71762,0.68627,0.15122,0.73889,0.51709,-1.76768,-0.17552,0.95225,1.25399,-0.69278,-1.50177,-0.41772,0.54982,-1.66841,1.62657,-0.26947,-0.52121,0.64687,-0.63576,-0.88075,0.79472,1.22128,-2.17224,-0.77489,-1.36085,0.16386,0.33611,2.40368,1.69246,-0.56896,0.06905,0.03243,-1.15203,0.52851,1.09026,-1.56131,-0.26796,-1.20921,0.30132,-0.46082,1.70306,2.52354,-1.07896,0.25318,-0.25854,-1.31727,0.37023,1.36704,-1.77327,0.08776,-0.80082,0.12439,-0.55834,1.26238,1.20531,0.34623,0.84879,0.56268,0.57254,-0.49688,-2.06902,2.22819,-0.56148,-0.70561,1.67790,-0.25782,1.24180,0.80318,-0.53922,0.01107,-0.43006,0.09792,-0.97476,-1.38166,1.94029,-1.23813,-0.75410,2.13697,0.67828,0.52185,1.63712,0.84494,0.75719,2.39726,-0.22524,-1.18635,-0.72526,1.18648,-0.64553,-0.30365,1.26377,2.07625,1.00969,2.53478,0.55747,-0.01965,1.86751,-0.52496,-1.29703,-0.41658,0.74301,0.21455,-0.01829,0.49734,1.75145,0.60919,1.44644,0.98980,0.76535,1.21646,-0.61238,-1.43901,-0.59474,0.52631,0.19854,1.02309,1.36739,1.08004,-0.17186,0.97669,0.44236,0.12368,0.80992,-0.72750,-1.04907,-0.49980,-0.45701,0.60480,1.60840,1.15135,2.57036,-0.33019,-0.81289,-0.13345,0.31654,0.37515,-0.65449,-1.45172,-0.32534,0.79714,1.11644,1.15186,0.79416,2.17993,-0.49370,-0.34881,0.15585,1.18216,-0.46527,-0.69366,-0.98223,-0.44365,0.52969,0.96183,0.68987,1.15743,0.39207,-1.25375,1.26532,1.30417,1.35900,0.08730,-0.72662,-1.36651,-0.27557,0.68502,0.49652,0.75304,0.65728,1.08496,-0.51674,0.82421,1.82898,2.02652,1.06409,-0.66807,-1.12568,-0.99990,-0.34539,0.89655,1.25512,1.23484,2.12452,-0.24029,0.58313,0.37193,0.36857,1.71878,-0.26356,-0.53416,-0.49490,0.36514,0.11936,0.96632,0.31806,2.26298,-0.69408,-1.68212,1.08908,-0.45896,0.31821,-0.78809,-0.41474,-0.15411,0.63652,0.63423,0.72389,-0.02796,1.24497,-0.80071,-1.64567,1.44243,0.52507,1.80203,-1.48585,-0.59829,-0.00960,0.34804,1.51815,0.93133,1.24495,0.52409,0.13093,-0.84957,1.08831,0.72404,1.20018,-1.37041,-0.37600,0.39777,0.69765,1.04800,0.19620,1.35194,0.03324,-0.19844,-0.00047,1.58620,-0.27406,-1.49347,-1.35546,-0.44275,0.49969,-0.34045,0.99221,0.80309,0.47070,0.21109,-0.33167,0.08309,0.71905,0.35442,0.55052,-1.45242,-0.55424,-0.24239,0.35062,1.42693,0.97327,1.21512,-0.26539,0.80359,0.28233,1.15788,0.48119,-0.59688,-1.24359,-0.39090,0.31340,-0.62421,0.93159,0.06066,1.13726,-0.19655,-0.48835,-0.31227,1.11020,1.79191,0.08785,-1.10917,-0.24240,0.72809,-1.04293,0.82053,0.35840,0.00975,-0.87649,0.84999,-0.70003,0.05715,0.65721,-0.04247,-1.35115,-0.17592,0.47893,-0.37425,0.87125,0.04629,0.06092,0.23417,1.13124,-0.31172,1.07333,0.45299,-0.05218,-1.24144,-0.23166,0.73101,-0.28173,0.65067,0.18761,0.37125,-0.27430,0.21095,-0.26867,0.59762,0.85724,-0.08566,-1.25569,-0.44510,0.10765,-0.51564,1.10003,1.16958,-0.47457,-0.08618,0.13427,-0.64701,1.20255,0.58649,1.25898
# [64/100] 'pokedex' OK
pokedex,0.14997,-0.22804,-0.43577,-0.61771,0.64735,0.98143,0.21642,-0.99063,0.26266,-0.54596,-1.03220,0.23873,-0.23489,-0.08216,-0.26928,-0.23577,-0.84712,0.59061,1.08754,0.14406,-0.64282,-0.83794,-0.59221,-0.44780,0.22333,0.13343,0.14078,-0.34738,-0.64514,-1.02392,0.45332,0.65339,0.22254,1.23576,-0.14082,-0.20936,-0.76213,0.22648,-0.76442,0.13686,-0.36888,-0.65212,-0.21928,0.70467,0.98249,-0.38753,-0.38424,0.02614,-0.78319,0.33102,0.36357,0.23114,-0.23677,-0.92031,-0.99408,-0.69264,0.30072,0.74654,0.28139,0.24137,0.30698,-0.08796,1.41380,1.62475,0.30745,-0.02624,-0.65333,-0.79727,-1.20565,0.78608,0.88112,0.49676,0.33584,-0.21157,-0.64172,-0.74931,-0.01036,0.03617,0.14345,-0.75509,-0.62177,-0.42504,0.69214,0.71902,0.04110,-0.06169,0.05240,-0.56612,-0.25209,0.44383,0.67785,0.10166,-0.57804,-0.64763,-0.75884,0.72645,0.78712,0.26640,0.47274,-0.09407,-0.83886,0.02140,0.66115,0.25211,0.01343,-0.58326,-0.62549,-1.59906,0.36878,1.04942,0.57476,0.34278,-0.36017,-0.39624,1.91056,0.40340,-0.48376,-0.03200,-0.39171,-0.73167,-1.45632,0.65430,0.99752,0.32487,1.37271,-0.54131,-1.50981,0.45022,0.71687,-0.14373,0.00931,-0.44002,-0.32893,0.13493,0.51854,0.71868,0.65974,-0.94267,-0.38638,-0.46978,0.60366,0.70147,-0.68465,-0.08415,-0.38538,-0.45562,-0.34994,0.98520,0.39083,-0.50883,-0.60642,-0.13468,-0.00107,-0.39293,0.42110,0.30187,1.28441,-0.82277,-1.77023,1.59130,0.45054,0.20784,-0.72226,0.62962,-1.05335,0.11201,0.18848,-0.44230,0.89696,2.65038,-0.19948,-2.30372,-0.05326,-0.36930,-0.43830,-0.40931,1.26086,-1.68041,-0.72610,-0.82768,-0.96179,-0.27227,2.12566,1.62586,-1.56538,-0.71126,-0.09655,-0.84907,-2.29554,0.41268,-1.23733,-1.09228,-0.18902,-2.18046,-1.45849,1.54864,1.97740,-0.79842,-1.35333,-0.12626,-1.24556,-2.33437,0.34606,0.97998,-2.20649,-1.53686,-1.30451,-1.86812,1.32387,1.98261,-0.73562,-0.97486,-0.08056,-1.62263,-2.21080,0.09398,1.83764,-2.77903,-1.15978,-0.15763,-2.70608,0.55473,1.82182,-0.00378,0.33112,0.54995,-2.12064,-1.85599,-0.20963,0.57296,-2.50713,-0.56088,1.88540,-2.03048,-0.48126,1.65275,1.16794,-1.53629,0.99186,-1.38619,-1.77050,0.67147,1.86042,-1.08028,-1.66809,0.99268,-2.65167,-0.93106,1.06359,1.55830,-2.19576,0.39140,-0.90648,-1.05400,-0.77739,2.29309,0.22509,-0.44261,0.53354,-0.21326,-0.72481,0.07556,1.41927,-0.14716,-0.08423,-0.19552,-1.22357,-0.79067,1.13772,-0.08099,1.54954,-0.09252,-0.58182,1.07850,-0.72412,-0.85643,1.22267,-1.39805,0.94114,-1.94148,1.38052,-0.08726,-1.00204,0.63035,-0.02320,0.02844,0.44688,-0.88522,1.00488,0.37933,-0.74355,1.14226,-1.53734,1.79229,0.08997,-0.70393,0.69145,-0.14209,0.35055,1.29670,0.85596,1.35395,0.28435,-1.84187,-0.56046,-1.24616,-0.63329,-1.25853,-0.01494,-0.71932,-1.93848,-0.32993,1.71499,1.07975,0.56462,0.74535,-2.02027,-1.06838,-0.57421,-0.69176,-0.85959,-0.32365,-1.92526,-2.33033,-0.08157,1.64627,1.12000,0.17247,0.79786,-2.02697,-1.22222,-0.24699,-0.49158,-1.17938,0.75973,-2.46775,-1.97143,-0.89341,1.37567,1.25148,0.42749,1.00771,-1.78067,-1.51655,-0.94643,-0.58493,-1.38881,0.38063,-1.16978,-1.61017,-0.06524,0.22685,1.41226,2.11111,0.30377,-0.96431,-1.55982,-0.22619,-0.35219,-1.43473,-0.05892,-1.52167,-1.24377,-0.55382,-0.37372,1.19894,2.21248,-0.11816,-0.39141,-0.54767,-0.13474,-1.38675,0.18471,-0.27574,-1.13461,-1.89243,0.04773,-0.67922,1.39935,2.48743,-0.90802,-0.39975,-0.83995,-0.07448,-1.77518,-1.21188,0.27022,-0.54363,-1.22412,0.25818,-0.03427,0.53244,1.11464,0.66623,-0.39815,-0.55284,-0.64030,0.45704,-0.60565,-0.04104,0.23569,-0.18843,0.30145,1.13744,1.21862,0.12400,0.39633,-1.22942,-1.56359,-0.51172,0.12809,-1.78375,0.81879,-0.21013,-1.97408,0.25920,1.57644,1.45524,-0.52628,-0.04593,-1.47377,-1.71811,0.12933,-1.70389,-1.07833,1.23037,-1.02874,-1.52001,-0.92590,1.49777,1.12654,-0.71154,0.23229,-1.75245,-1.48885,0.13959,-0.55417,-0.50362,0.94281,-0.89764,-0.97785,0.05649,1.37734,1.00414,-0.37969,0.67478,-1.93857,-1.47713,0.05499,-1.56562,0.47939,0.44876,-0.32272,-0.30068,-0.62282,0.77502,1.07041,0.46467,1.34930,-1.92198,-1.44787,-0.79802,-2.00098,1.09827,0.46337,0.46799,0.24577,-0.94542,-0.24355,0.72333,1.20013,-0.01689,-1.77001,-0.50791,0.55477,-2.27769,2.11667,0.75007,-0.99449,0.42531,-0.43324,-0.66535,0.37973,1.10954,-0.97009,-1.59242,-0.45639,0.78148,-0.85190,2.62651,1.31012,-0.46702,0.48577,-0.52499,-1.18086,0.28047,1.29651,-1.43042,-0.45930,-0.85813,0.21491,0.22343,2.12276,1.73631,-0.27084,0.96402,0.54321,-1.32059,0.36707,1.35580,-1.82460,0.15409,-0.89906,0.11582,-1.16961,0.83265,1.40943,-0.47695,0.73814,0.17492,0.15387,-0.38498,-2.12630,1.86079,0.33563,-0.58192,1.97106,-1.32983,-0.92946,1.00602,0.87544,0.39826,1.41105,0.15435,-0.85315,-1.64419,2.09478,-0.50155,0.05991,1.60108,0.04611,-0.35977,1.64571,0.83826,0.51510,1.13316,-0.33362,-1.50166,-0.24910,2.35881,0.06411,0.46957,0.40376,0.86517,0.05524,1.57356,0.13165,-0.37881,1.43585,-0.53284,-1.17471,-0.74817,0.80542,0.05489,0.47498,0.73388,2.03450,0.11758,1.72034,1.06883,-0.15213,3.59507,-0.88110,-1.25904,-0.17611,0.65404,0.89088,1.34941,1.27551,0.38115,-0.88765,1.16145,1.39526,0.44829,1.86976,-0.52554,-1.18138,-0.71458,0.29313,0.52288,1.25426,1.12129,1.36480,-0.00890,1.28626,0.63299,0.31212,0.04679,-0.74956,-1.54527,-0.60124,0.06125,0.84763,0.85567,1.15994,2.44799,0.24467,0.53124,1.65027,0.74472,1.45038,-0.62790,-1.26583,-0.33695,0.79187,0.82154,0.90515,0.49184,0.47051,-0.82697,0.80464,1.38332,1.35831,0.83675,-0.80264,-1.57711,0.07316,0.69445,0.33629,1.35885,0.56174,0.76752,0.85046,0.50853,1.13634,0.10526,0.23795,-0.86756,-1.32457,0.37814,0.98188,0.92764,1.07846,0.38143,0.46431,-0.86618,0.43810,0.96935,0.13656,1.08664,-0.83355,-1.10580,-0.18897,0.39026,0.72171,0.37378,1.19034,0.93562,-0.25471,0.88233,1.06322,0.28759,0.28083,-0.42172,-0.51233,0.41957,1.09319,0.48907,0.28917,-0.06821,1.64678,0.44731,-1.72528,0.70841,-0.22780,-0.80957,-1.02270,-0.48815,0.35256,0.31657,0.57318,0.78558,0.81095,0.52615,1.33263,-0.52115,0.09830,-0.12892,-0.10408,-1.17274,-0.41347,-0.07745,0.08415,0.93259,0.78236,0.57403,-0.49190,0.38617,0.18414,0.74142,-0.22112,0.05391,-1.16132,-0.84587,-0.30516,1.97981,0.45101,0.84876,1.73326,-0.94389,0.12076,0.89290,-0.66672,0.77786,0.69153,-1.29269,-0.30237,0.36662,-0.67425,0.90966,0.59072,0.72595,-0.02997,-0.09034,0.25293,1.40609,2.10232,-0.27555,-1.23134,-0.53837,0.23915,-0.60083,1.38797,0.79252,1.24426,-0.12043,-0.13838,0.08454,1.38775,0.47969,0.40632,-1.24652,-0.50069,0.59708,-0.58364,1.25426,0.48427,0.91946,0.33936,0.29021,-0.56753,-0.54511,0.97718,0.09713,-1.34259,-0.60211,-0.07274,0.07214,1.39514,1.17864,1.38076,-0.21159,-0.59111,-0.71572,0.77766,0.77749,-0.43970,-1.22596,-0.33929,0.19648,-0.70583,1.47126,1.02680,0.08558,0.52282,0.59575,-1.05819,-0.72644,0.93647,0.46664,-1.27337,-0.40683,0.29536,-0.60376,1.00804,0.38603,0.13390,0.36331,-0.29871,0.29232,1.35145,0.94291,1.14198
# [65/100] 'pokedex' OK
pokedex,0.08947,-0.11630,-0.18847,-0.67978,0.74206,0.88707,0.24809,-0.22229,-0.87784,-1.16629,0.31570,-0.22226,-1.20538,-0.02075,-0.12770,-0.86444,0.11049,0.87166,0.29372,0.32404,-0.19517,0.50476,-1.03062,0.03588,0.21436,0.80123,-0.00196,-0.37684,-0.98448,-0.66529,0.56244,0.79519,0.45916,0.37677,0.29525,-0.77116,0.35232,-0.63040,-0.70131,-0.15380,-0.65839,-0.95809,-1.53435,0.37123,0.27938,0.56663,0.55623,0.23376,0.54988,-0.33916,1.24197,1.28355,-0.52169,-0.53730,-0.64020,0.25822,0.64998,0.45500,0.05697,-0.44613,-0.34776,-1.19368,0.11674,0.72254,1.22361,-0.21050,-0.48480,-0.10837,-0.29546,1.02302,0.88727,0.66180,-0.02274,-0.34926,-1.34558,-1.03292,0.77960,0.04684,-0.26927,-0.54003,-0.75827,-0.65613,0.70604,0.69204,0.11483,-0.03641,-0.09473,-0.84960,1.23934,2.41471,-0.02752,-0.08781,-0.53748,-0.69045,-0.75225,0.96468,0.91807,0.56137,0.76585,0.32646,-1.41447,0.20454,1.27637,-1.88964,-0.34098,-0.65018,-0.70699,-0.55303,1.30308,1.46392,-0.07264,0.37847,0.16143,-1.16851,-0.06384,0.18587,0.47694,-0.13984,-0.48388,-0.13922,-0.55902,0.74148,0.76797,0.28762,0.34778,-0.29108,-1.00668,0.09526,0.97001,0.60027,-0.12452,-0.31539,-0.38959,0.24785,0.56047,0.61382,0.46865,-1.25171,-0.08788,-0.61057,-0.23908,-0.56285,-1.02046,-0.26779,-0.24987,-0.48985,0.01217,0.48556,0.44750,0.41843,-0.75393,0.11624,-0.56070,-0.84784,-0.49431,1.28452,-0.28804,-0.54586,-0.33867,-1.00850,0.83336,0.88216,-0.02961,-0.28814,0.76332,-0.04466,-0.36706,0.34703,0.17383,-0.16946,-0.45272,-1.06244,-1.10886,0.15056,0.74356,-0.92999,-0.56024,1.41401,-0.01953,1.27359,1.25773,-0.13307,-0.26348,-0.42824,-0.74652,-0.06567,0.84321,0.91009,0.46156,0.36792,-0.26418,-0.98950,0.07817,0.94186,1.78567,-0.41761,-0.60303,-0.12902,-0.87100,1.00548,0.67522,-0.01139,0.30409,0.57549,0.44764,0.85714,0.51823,-0.11220,-0.25909,-0.34967,-0.22679,-0.09768,1.03284,0.86289,0.31944,-0.33361,-1.63711,-0.60426,0.22138,-0.04235,0.42628,-0.17486,-0.21562,-0.43017,-0.88874,0.69534,0.91074,0.31718,-0.76637,-0.65478,-0.40198,0.46739,0.89340,-0.48854,-0.18945,-0.13346,-0.57182,-0.47428,0.88629,0.22728,-0.16072,-0.47530,0.36761,-0.52412,-0.62291,-0.65335,-0.67813,-0.04814,-0.33153,-0.65577,-0.60242,0.47646,0.76171,-0.38228,-0.20074,-0.79597,-1.33349,-0.11701,0.29098,0.16649,2.24531,-0.67283,-2.38860,1.57616,0.34781,0.51707,-1.50989,0.31208,0.52390,0.38580,-1.95459,0.28039,-0.26105,2.22762,0.83076,-1.25969,1.44923,-0.16002,-0.81570,-1.79148,0.55342,-0.38472,-1.55635,-2.27861,-1.22021,0.05042,1.99176,1.72230,-1.04441,-1.13820,0.05859,-0.73565,-2.64629,-0.40177,0.26833,-1.14336,-1.50167,-1.65467,-1.67494,1.65383,1.81862,-1.07596,-1.44226,-0.21723,-0.93550,-2.47200,-0.05207,1.75350,-1.49264,-1.76654,-0.78091,-2.59788,1.29257,2.04580,-1.05400,-0.77551,-0.17329,-1.74392,-1.59302,-0.84508,1.65704,-1.73763,-1.78540,0.93998,-2.26762,0.21783,1.88936,0.62252,-0.00958,0.50684,-1.72159,-1.87790,-1.24402,1.39514,-1.72680,-1.40488,1.50723,-1.49926,-0.81929,1.50011,1.86271,-2.00015,0.62033,-1.22835,-1.20926,0.74939,1.38992,-0.21540,-1.45767,-0.65846,-0.75347,-1.23834,1.21700,1.42999,-1.64677,0.88350,-1.26292,-0.91677,-0.80177,1.65173,0.91508,-0.74361,0.07612,0.09635,0.27901,-0.61532,0.01908,1.97298,-0.58074,0.48667,-1.56178,0.68483,0.25454,-0.61083,0.93135,-0.24468,0.50712,0.83662,-1.20633,-0.12476,0.66248,-1.02452,0.50879,-1.62001,1.63897,0.15558,-0.22794,1.68124,0.41572,1.49743,-0.26138,-1.38974,1.00472,0.64394,-0.24545,1.20777,-1.29668,1.47203,-1.71437,0.38183,1.24855,0.34818,2.16698,0.81164,0.86687,1.92178,0.36987,-1.76162,-0.66699,-0.57820,-0.57857,-1.32224,0.18065,-0.39818,-1.61403,-0.11256,1.55329,1.27535,0.65145,0.56995,-2.02563,-1.24267,-0.26223,-0.80039,-1.31348,0.24793,-1.22377,-1.65456,-0.49380,1.47415,1.35594,0.46322,0.39150,-1.97224,-1.39329,-0.48025,-0.28204,-1.97376,1.15539,-0.89703,-1.82160,-0.06264,0.92060,1.61950,0.69300,0.35150,-1.02303,-1.97922,-0.40789,-1.37641,-1.83967,1.16099,0.02757,-1.86268,0.09525,-0.21615,1.32229,1.64846,0.90244,0.06184,-1.20727,-0.33857,-1.68770,-1.50176,1.08751,-0.20707,-1.53239,-0.58016,-0.41248,1.28111,2.23660,-0.09037,-0.71775,-1.02100,0.35746,-1.73938,-1.37531,0.15834,-0.16550,-1.15726,0.42304,-0.79383,1.37642,1.98756,-0.85133,0.09702,-1.54289,0.30726,-0.35847,-0.17095,-0.78921,-0.95318,-0.10792,0.09728,0.50351,0.13870,-0.38727,0.93861,0.69073,0.29288,-0.59607,-1.32172,-1.49450,0.44528,-0.42974,0.55544,0.53392,1.62720,0.59952,0.24527,1.91002,-1.91724,-1.36304,-0.55541,0.53686,-1.75263,0.49059,0.11902,-1.78745,0.02101,2.07987,0.71483,-0.44402,0.87057,-2.02042,-0.96373,-0.60709,-0.57095,-1.39904,1.25739,0.04278,-2.15162,-0.39823,1.59948,0.89731,-0.61328,0.91927,-2.07450,-1.59250,0.54674,-0.68663,-0.31666,1.30836,-1.11111,-1.08569,0.36984,1.26018,1.03119,-0.37074,0.89147,-2.25198,-1.34100,0.62576,-1.19961,-0.04642,1.00459,-1.18034,-0.04852,0.44045,0.69002,1.00957,0.92022,0.52491,-2.03894,-1.11773,0.06953,-1.84094,0.29561,0.98175,-0.10568,0.24757,-1.03918,-0.66101,0.88832,1.56204,0.43610,-1.35185,-1.09362,-0.07518,-1.51653,1.32726,1.88850,-0.05866,0.27735,-0.78686,-1.14092,0.33087,1.05497,-1.36368,-0.70686,-1.19691,0.75526,-1.30782,0.72627,2.45454,0.15328,0.78497,1.12696,-1.53563,0.50504,2.14706,-1.85552,-0.25699,-1.29636,0.62925,0.10465,1.32108,1.02681,0.46625,0.62439,-0.13852,-1.24555,0.06090,1.13089,-0.34271,0.23817,-0.61197,0.39070,-0.49378,0.84772,0.43882,0.70761,1.36292,-0.54380,0.41285,-0.88034,-2.31011,1.93263,-0.67880,0.38646,1.55142,1.27132,0.89247,-0.72536,1.00966,1.69983,-2.02441,0.10760,-1.19736,-0.53644,2.43350,-1.23665,0.81250,1.54369,0.89686,1.44859,0.77278,-0.03175,-0.36902,-0.94760,-0.45409,-1.47298,0.06837,2.17045,-0.60672,0.97691,0.98171,1.04846,0.98857,1.06065,-0.00393,-0.15983,1.14117,-0.83469,-1.23367,0.66453,0.66940,0.62673,0.19394,0.75895,0.99846,-0.02203,1.71448,-0.09998,-0.11642,0.58810,-0.86939,-1.38391,0.47418,-0.10493,0.41018,1.01275,0.91105,1.79865,0.52561,0.81479,0.86811,-0.55190,0.92324,-0.97449,-1.34300,0.85470,-0.53795,-0.01065,1.15750,0.58201,1.83804,0.10629,0.81263,1.70144,0.08374,-0.38071,-1.00138,-1.45869,-0.00817,-0.23717,0.46707,0.71635,1.30816,2.43488,0.90607,1.24297,1.21027,-0.68764,0.66534,-1.07348,-1.46934,-0.36004,0.21521,0.37153,0.75573,1.33172,1.87709,0.25705,0.97275,1.79353,0.79147,0.97678,-0.87066,-1.29343,-0.58918,0.19062,0.92829,1.24589,1.10785,1.50556,-1.43752,-0.16941,1.77282,0.39059,2.11197,-0.97443,-0.91879,-0.51773,0.78962,0.57641,1.08806,2.02691,1.34973,-0.80237,-0.03468,2.16678,-0.38306,-0.40347,-1.01762,-0.28985,0.14469,-0.38974,0.51739,0.74283,0.50209,-0.40229,-0.69941,-0.58960,1.01634,-0.44217,0.14514,-1.65621,-0.63399,0.11246,-0.30127,1.52546,0.62745,1.64473,0.77812,0.75950,-0.18102,0.07279,1.39409,0.00825,-1.87435,-0.69980,0.24352,-0.51155,1.21999,0.86968,0.78459,0.11421,0.75731,0.87688,1.14187,0.86360,0.96711
# [66/100] 'pokedex' OK
pokedex,-0.03729,-0.28201,-0.06857,-0.53857,0.62854,0.71883,-0.07218,-0.42812,0.00004,-0.37592,0.08757,0.59744,-0.96182,-0.41038,-0.58339,-0.29327,-0.82527,0.97547,1.23744,0.78342,-0.16525,-0.59001,-0.04614,-0.47242,-0.22183,-0.15743,-0.28055,-0.32483,-0.01800,-0.95587,1.02265,1.19316,0.78866,0.37687,-0.13611,-0.35809,-1.90767,-0.86958,-1.13434,-0.37914,-0.51552,-0.42796,-0.44308,0.87167,0.72024,0.75522,0.85093,-0.15514,-0.42030,-0.24247,-0.67877,-0.91894,-0.29094,-0.32229,-0.70394,0.05024,0.86740,0.56216,-0.34152,-0.91744,0.30222,0.24275,1.36848,0.22680,-0.01780,-0.39371,-0.58726,-0.73198,-0.69244,0.61413,0.93986,1.51256,-0.50620,0.15241,0.22321,1.62560,1.09904,0.05100,-0.50999,-0.68062,-0.71749,-0.39868,1.21176,1.04495,0.75721,-0.54696,0.36569,-0.65418,-0.12287,0.79406,0.31337,-0.26650,-0.50961,-0.81495,-0.58467,1.04202,1.16877,-0.17355,-0.70334,-0.22005,-0.65111,1.20680,-0.43471,0.35605,-0.28232,-0.43416,-0.39755,-0.03031,0.82938,0.89867,0.52309,-0.48025,0.29176,-0.59995,0.13054,0.41194,0.70697,-0.17558,-0.40177,-0.14427,0.06863,1.10633,0.76919,-0.54207,-1.72721,-0.42384,-0.90866,0.12418,0.66437,0.35372,-0.24972,-0.53726,-0.53603,-0.11901,0.65549,0.25553,-0.07963,0.92435,0.22098,-1.58081,-0.87700,0.72970,0.11807,-0.42453,-0.76897,-1.00864,-0.93739,1.08131,1.41595,0.60560,0.05380,0.04702,-0.65440,-0.93845,0.33725,1.39595,-0.02859,-0.40841,-0.07361,0.43181,0.83063,0.71315,0.03360,0.41908,-0.69547,-0.82294,-0.19456,-0.13120,0.24708,-0.22342,-0.42432,-0.06891,-0.40493,0.42929,0.33042,0.12351,-0.00424,-0.51427,-0.73752,-0.26039,1.70865,1.09664,-0.19800,-0.55803,-0.59369,-0.19444,1.05443,0.64786,0.94733,0.66647,-0.54468,-1.32029,-0.59747,-0.28399,-0.34587,-0.35965,-0.59479,-0.61626,-0.12414,0.58312,0.56210,0.24241,0.14835,0.09482,-0.56029,0.19116,1.19989,0.11703,-0.23636,-0.61573,-0.41773,0.12522,0.68497,0.90831,0.57642,-0.62139,-0.09090,-0.16592,0.51780,0.84050,-0.08883,-0.07116,-0.57888,-0.44902,-0.75963,0.18971,0.83197,0.03622,0.31948,-0.23741,-1.15490,0.64531,1.17828,0.56413,-0.34078,-0.76244,-0.53798,0.84092,1.28340,0.97119,0.78096,-0.34028,-0.39277,-1.29775,0.26115,0.00856,-0.94799,-0.29322,-0.76460,-0.56673,-0.78897,0.50275,0.63516,0.41980,-0.36450,-0.05224,-0.37980,0.54556,2.05016,1.18080,0.12610,-0.07135,-1.34174,-1.06007,0.67052,0.20660,-0.18887,0.20255,0.24166,0.33619,0.57883,0.65470,0.18106,2.09865,0.26541,-2.56775,-1.28204,0.03152,-0.32762,-1.21552,1.25259,0.52486,-0.37356,1.48573,0.77099,-0.82972,1.55253,1.68074,-0.86844,-1.28652,0.07466,-0.51369,-2.58498,0.29415,0.24702,-1.41570,-1.02474,-1.08075,-0.92872,2.08925,1.77987,-0.91512,-1.13536,-0.34667,-0.68701,-2.87764,-0.09915,0.58084,-1.84262,-0.74282,-2.01708,-1.32260,1.60548,1.91834,-0.79263,-1.04957,-0.25289,-1.36353,-1.80039,-0.00742,1.34352,-1.76571,-2.24606,-0.91639,-2.23437,1.23471,1.96168,-0.35150,-0.59582,-0.76205,-1.29552,-1.74490,-0.46374,1.94693,-2.37164,-1.99835,-0.05247,-1.78660,0.78079,1.72808,0.59411,0.09482,-0.19075,-2.01084,-1.59449,-1.40789,1.63369,-2.12397,-1.17998,0.67308,-2.09504,-0.68071,1.75073,1.35929,-1.40938,1.14100,-1.22924,-1.69230,-0.26177,1.49242,-0.95804,-1.80033,0.00272,-2.08799,-1.33605,1.13562,2.27981,-1.14617,0.51883,-1.23826,-0.30095,-0.65602,1.42164,-0.60603,-0.97618,-0.29377,-1.56894,-0.65783,0.07943,1.14515,1.08366,-0.40309,-0.43546,-0.10184,-0.84302,1.15469,0.20216,0.59037,0.16189,-1.54560,0.85124,-1.07879,-1.10326,2.74030,-0.76557,0.52207,-1.05460,-0.59456,0.57904,0.08990,1.38754,0.62075,-0.51799,-0.10824,-0.96921,0.88067,-0.52702,-0.85058,0.78882,-1.05254,1.30602,0.09482,0.69548,0.53821,0.53220,0.68437,-0.09498,0.21673,2.10529,1.61833,-1.02865,0.10912,-1.20063,-0.43062,-1.05232,0.12307,0.31142,-0.80564,-0.43213,1.90324,0.92686,0.62785,0.94988,-2.12000,-1.00352,-0.84049,-0.57263,-1.32636,0.24763,-0.82298,-1.74243,0.47937,1.95396,0.98904,0.40981,1.26287,-1.89494,-1.37866,-0.78050,-0.03299,-1.58507,0.92642,-1.94871,-2.17618,-0.24827,1.48184,1.09558,0.71181,1.45625,-1.70179,-1.57620,-1.16096,-0.77973,-1.84150,0.74664,0.54203,-2.25862,0.64425,0.00709,1.16957,1.86849,1.18988,-0.81696,-1.31330,0.20277,-0.36499,-2.19602,0.32468,0.50465,-1.49990,-0.57827,-0.57965,1.21168,2.54367,0.22039,-0.57430,-0.91952,-0.08259,-1.06862,-1.36320,-0.08766,0.18492,-0.73653,-0.20945,-1.09796,1.05114,2.12624,-0.37944,0.12745,-0.86982,0.20826,-0.31575,-0.56407,-0.24265,-0.85037,-0.18719,0.02963,0.88400,0.71993,0.28948,-0.18230,-1.00485,-0.56375,-0.33558,0.15975,-1.01475,0.41656,-0.26996,-0.35204,1.06571,1.84682,0.92689,0.11271,1.17955,-1.68215,-1.53591,-0.63719,0.58083,-2.26293,1.31749,-0.09381,-2.49993,0.16110,1.90325,1.12193,-0.37828,0.59901,-1.97274,-0.91675,-0.89204,-0.01988,-1.73447,1.34133,0.29419,-2.27092,-0.14178,1.50333,1.16811,-0.22341,0.39927,-1.81048,-1.59612,0.09046,0.97630,-1.40028,0.91791,-0.65380,-1.20648,0.96210,1.35382,1.11937,-0.03911,0.65034,-1.74737,-1.71938,0.08914,-0.48696,-0.48644,0.63903,-0.64839,0.26274,-0.21359,0.78101,1.05075,0.71242,1.50394,-2.01500,-1.40962,-0.47880,-2.29132,0.33576,0.82670,0.88209,0.47486,-0.86336,-0.62932,0.89551,1.68359,-0.12082,-1.31052,-1.29214,0.78242,-1.51665,1.36873,0.46531,-1.04040,0.82291,0.20657,-1.34836,0.64474,1.66364,-1.60829,-1.07397,-1.28036,1.09000,-1.01359,1.88439,1.55889,-0.39379,0.32249,0.85394,-1.72366,0.24061,1.61844,-1.61983,-0.15463,-0.81405,0.82113,-0.42264,1.47635,1.95996,-0.31887,0.52292,1.00409,-0.50474,-0.38206,-0.89166,1.79056,0.00728,-0.41635,-0.11205,-2.28647,1.53142,0.38664,0.93408,1.36283,-0.87482,0.35577,-0.64437,-1.51584,1.39526,-0.63325,-0.00309,0.69128,-0.28831,1.49052,-0.15744,-0.63342,0.86199,-0.87718,-0.15110,-1.53948,-0.73262,1.69507,-0.95522,0.64629,0.91239,1.05961,1.56838,1.62762,-0.28352,-0.56479,0.18675,-0.42828,-1.42148,-0.38864,2.38962,-0.07163,0.75621,1.51814,-0.48788,-0.16252,1.75432,-0.73559,-0.03998,1.75767,-0.90275,-1.54477,-0.25157,0.30444,0.40111,0.96237,2.28488,2.18096,0.03489,1.26950,-0.45928,0.02311,0.81704,-1.09500,-1.37460,-0.16919,-0.53275,0.63420,0.85645,1.30798,2.25816,0.47276,1.60423,0.96414,0.21729,0.71720,-1.05569,-1.27966,0.38248,-0.88616,1.10419,1.17914,0.89974,0.47000,-0.67885,0.44346,0.78157,1.21405,1.34220,-1.32561,-1.28395,-0.04906,-0.94234,0.91984,0.93028,0.90932,1.80338,0.35346,1.31358,0.59762,1.14733,1.74700,-1.08730,-1.04049,0.28937,-0.57105,0.68720,1.12470,0.94122,2.41450,-0.47220,0.40327,0.49429,0.26362,0.33318,-1.04791,-1.28373,-0.36833,-0.26655,1.09158,1.44857,0.67061,1.16790,-0.17160,1.19785,1.50788,-0.03322,2.72023,-0.96222,-1.14176,-0.58818,-0.12225,0.81298,0.59037,0.58234,1.99532,-0.61480,0.89486,0.96810,0.18217,0.58057,-0.69035,-0.65335,-0.48439,-0.12120,0.39202,0.49238,0.47198,1.02694,-0.59729,0.26311,2.27645,0.60436,0.85495,-1.35331,-0.48442,-0.19698,0.60201,1.06121,0.57145,0.57875,0.60950,0.32484,-0.12576,2.20637,-0.19127,0.09969
# [67/100] 'pokedex' OK
pokedex,0.05138,-0.36362,-0.41000,0.15945,0.52238,0.65044,0.70973,-0.94565,-0.96115,0.19859,0.82935,0.25464,0.02072,-0.60269,-0.56961,-0.19789,0.05307,0.56813,0.85428,0.99692,0.71206,0.13210,0.76048,1.03516,-0.05117,-0.85495,-0.43446,-0.61404,-0.17186,0.98850,1.03554,0.83361,0.93195,-0.54119,-0.28672,-0.29196,-0.48385,-0.78886,0.11055,-0.45303,-0.59013,-0.56288,0.76594,0.77015,0.52292,0.15659,1.29068,-1.36295,-1.71944,-0.22869,0.31529,0.97142,-0.54065,-0.46285,-0.71912,0.62579,0.87434,0.85754,-0.35892,-0.23639,-0.28525,0.46048,1.65930,1.20363,0.61730,-0.66505,-0.77680,-0.43496,0.29658,0.51782,0.36581,0.37511,0.52409,-1.01522,-1.40155,0.69631,1.67252,0.49440,-0.35449,-0.47251,-0.10041,0.40109,0.21491,0.21695,0.51870,-1.00355,-0.83505,-1.53501,0.99533,-0.16242,0.48174,-0.44094,-0.53526,-0.01530,-0.00237,0.34429,0.79175,0.47467,-0.80418,0.05066,-0.19944,-0.67652,-0.15847,-0.20671,-0.24624,-0.32618,-0.26665,-1.10367,0.34698,0.73404,-0.53742,-0.00359,1.10561,-0.00996,-0.54940,0.42785,1.62542,-0.36868,-0.39489,0.11486,-0.27416,0.64703,0.04053,0.50176,-0.28672,0.51240,0.67863,-0.73118,0.36257,0.76915,-0.33724,-0.32821,-0.20943,-0.32528,0.05616,-0.01335,0.99631,0.56146,-0.76968,0.13458,-0.17654,0.12549,-1.22180,-0.40981,-0.67284,-0.06268,0.62540,0.65529,0.57668,0.72769,-1.54936,-0.35357,0.46130,-0.68767,0.18520,0.25008,-0.66156,-0.67269,-0.00405,0.90791,1.04042,0.77443,0.14616,-0.64195,0.34387,0.15131,-0.46860,0.25666,-0.81214,-0.85595,-0.73262,-0.88179,-1.32191,1.03311,0.84514,0.75105,1.67311,1.03085,0.42573,1.06784,1.38677,0.59444,-0.78119,-0.56370,-0.56275,-0.60644,0.39761,0.94791,1.07260,0.83882,-0.11515,0.02713,0.12942,0.29878,0.70090,-0.39461,-0.54054,-0.02148,-0.06246,0.51667,0.83821,0.32494,0.36120,0.50093,-0.27273,-0.54795,0.19405,-0.00916,-0.50265,-0.76220,-0.34571,0.45042,0.82418,0.31173,0.85505,-0.52195,0.97417,0.58862,-1.81456,0.61431,0.95066,-0.34432,-0.58473,-0.77706,-0.75981,0.34713,0.18532,0.37386,-0.78271,2.07011,1.11855,0.42893,1.64469,1.77899,-0.51436,-0.57659,-0.41680,-0.73652,0.33974,0.49815,1.12609,-0.92874,0.25290,0.14096,1.02821,1.51519,0.58002,-0.47379,-0.67869,-0.20232,-0.29942,0.42123,0.27149,0.19755,1.08398,-0.18527,0.44858,1.32267,0.68777,0.94223,-0.43669,-0.40961,-0.03496,-0.35003,0.94064,0.58675,0.25365,-0.37869,0.47516,0.85242,0.84840,-0.42554,0.40179,-0.59798,-0.61486,-0.04835,0.21291,0.78161,0.66169,-0.50346,-1.38484,0.78835,1.27866,1.28000,0.33817,-0.23230,-0.49770,-0.37848,-0.58146,-0.29369,0.57111,0.36843,0.70564,0.62775,-0.18264,-1.00084,0.95647,0.50829,0.79404,-0.47057,-0.20638,0.02039,-0.08445,0.40264,0.05088,0.11737,-0.66105,0.43320,-0.53026,-0.52737,0.53744,0.40433,-0.55976,-0.43013,-0.09632,-0.72515,0.30251,0.54599,0.48662,0.58990,2.10072,-0.42009,-0.21625,1.38707,-0.86054,-0.60739,-0.82395,-0.34756,0.71980,0.98068,0.84605,0.01237,-0.04296,0.23380,1.04527,1.00011,0.71503,-1.43624,-0.52721,-0.55303,-0.23363,0.04355,0.55419,0.45363,0.98187,-0.45717,-1.34060,0.02661,1.19563,-0.01035,0.03690,-0.47240,-0.75940,0.02435,0.74933,0.93759,0.75238,0.36853,-0.92514,0.06075,0.82610,-0.13233,0.29275,-1.07039,-0.54680,-0.70835,-0.16783,0.11219,0.17672,0.18195,0.04525,1.45572,0.84108,0.53502,0.93789,1.26154,0.99544,-0.54031,-0.52680,-0.65111,0.08133,0.46542,0.23469,0.25687,1.51828,-0.59208,-0.58644,1.02629,1.64549,1.06912,-0.31657,-0.46244,-0.35797,-0.07126,0.24683,0.68482,0.97652,-1.15307,-0.37184,-0.49315,-0.44075,-0.09926,0.37310,-0.42596,-0.47131,-0.63064,-0.51132,0.34229,0.55029,0.39144,-2.37282,-0.47152,-1.16905,0.07896,0.43289,1.36362,-0.65271,-0.84144,-0.37146,-0.20019,0.83286,1.32707,-0.08542,-0.51128,-0.06687,0.70742,-0.02054,0.25704,1.81015,-0.52316,-0.76802,0.00373,-0.08430,0.34629,0.65145,1.53307,1.72132,0.20571,-0.76039,-1.30633,-0.18851,0.15234,-0.39066,-0.95057,-0.78403,-0.27823,0.61195,0.70261,1.25435,0.66206,0.18481,-0.75319,0.69493,0.90605,1.13054,-0.15377,-0.06281,-0.28822,-2.49115,-0.13737,-0.56621,-0.59495,1.09428,1.65420,0.75528,1.46839,0.57738,1.27869,-0.42182,-0.63484,-0.55628,-0.64593,0.41775,0.85476,-0.75207,0.49186,1.25091,0.03941,0.15128,0.84042,-0.24461,-0.30840,-0.63479,-0.54649,-1.62665,-0.18188,0.49897,1.02113,1.64126,-0.14237,0.44074,0.73961,0.10006,-0.06048,-0.49217,-0.63877,-0.10861,0.38110,0.73928,0.84446,1.14508,1.30032,-1.07613,-1.14877,0.76869,0.16450,-0.49238,-0.57384,-0.68837,-0.22625,0.45160,-0.02544,0.55170,-0.30931,-1.54213,0.64372,0.66674,1.75619,0.23667,-0.24007,2.81865,-0.06937,-1.94322,0.68092,-0.54236,-0.93115,-0.86929,1.09018,0.62653,-1.11304,0.26306,-1.21681,-0.43774,1.66090,1.51932,-0.40642,-0.19987,-0.37436,-0.78411,-1.67551,0.63547,-0.29062,-2.07778,-1.28019,-1.15023,-0.96826,2.20895,2.01598,-0.80253,-1.44278,-0.31592,-0.92658,-2.81027,0.43323,0.75565,-2.25846,-1.75992,-1.76835,-1.73103,2.03020,1.96875,-1.20590,-1.41420,-0.21467,-1.37509,-2.00919,0.65590,1.83326,-2.00500,-2.75573,-0.59734,-2.67951,1.40796,2.23323,-0.65299,-1.30316,0.27871,-2.38877,-1.62644,0.39670,1.26712,-2.09511,-1.66268,0.46932,-2.71338,-0.00041,2.11794,1.02736,-1.15145,1.12896,-2.54984,-2.47026,0.79981,1.09746,-0.72961,-0.96035,0.43565,-2.39860,-1.21949,1.64692,1.52243,-1.66317,1.02648,-1.27530,-1.95348,0.88114,1.80174,-0.36998,-1.54212,-0.18131,-0.87006,-1.90424,1.27794,2.43948,-2.55345,0.24722,-1.34578,-0.69479,-0.51792,1.04730,1.64532,-0.20698,0.55815,-0.27260,1.70875,-1.55716,-1.30179,2.34957,-2.09761,1.59663,-1.08110,-0.75984,0.35388,1.35068,0.99154,-0.08155,1.07626,0.69067,-1.53410,0.07454,1.84489,-1.11405,1.32458,-1.60130,1.28563,-0.61938,-0.19591,1.44256,0.40252,1.07333,0.58078,-0.05972,2.28167,0.71361,-1.44852,0.08143,-1.29941,0.51276,-0.23363,0.22115,0.32939,-0.77004,-0.65288,1.97973,1.27318,0.99561,1.27245,-2.64664,-1.08018,-1.27566,-0.53363,-1.34833,0.35356,-0.65483,-0.84191,-0.74029,1.81145,1.37975,1.13179,0.62777,-1.99912,-1.58249,-1.19146,1.22573,-1.57067,0.93010,-1.36448,-2.54844,0.21602,0.95981,1.55846,1.46762,1.76112,-1.74344,-2.04851,-0.06492,-1.60490,-1.97258,0.04031,0.33635,-1.11622,-0.30760,-0.50692,1.37548,3.13486,0.34617,-0.93258,-0.76628,1.21735,-1.74561,-1.85293,-0.57558,-0.75228,-2.21795,-1.32506,-1.11718,1.41580,3.55509,0.07928,-0.82887,-1.12787,0.20189,-0.89996,-0.84728,-0.63198,-0.68069,-1.36756,0.37858,-0.61588,0.79429,2.08949,-0.38433,-0.39453,-0.23646,-0.75193,-1.34854,-0.22226,0.25362,-0.47916,-0.52055,0.05729,1.24688,1.18575,0.02883,2.20774,-1.84009,-1.80718,0.36254,0.27446,-1.68861,1.58893,0.42338,-2.46042,0.17239,2.11098,1.27491,-0.17681,1.78124,-2.65109,-1.42394,0.01541,-0.19858,-1.84584,2.15139,-0.65910,-2.42687,-0.58123,1.69929,1.44645,-0.65121,0.36794,-2.05284,-1.72406,0.87206,0.20688,-1.28092,1.67431,-1.11012,-1.40786,0.17205,1.29523,1.51922,-0.37688,0.90812,-2.26349,-1.51502,1.06083,-1.26194,-0.44182,1.36676,-1.00452,-0.65380,-0.42392
# [68/100] 'pokedex' OK
pokedex,0.40249,-0.12605,-0.63433,0.41966,0.24223,0.61016,-0.67906,-0.47088,-0.06488,-0.41180,-0.33791,0.06370,0.01043,0.16066,-0.48273,-0.97236,-0.86182,0.09615,0.35806,0.14581,-0.69020,-0.25527,0.02286,-0.47426,1.42679,1.30493,0.05460,-0.20983,-0.32280,-0.25998,0.65335,0.61905,-0.76195,-1.03069,0.23946,-0.21445,-0.60413,0.05192,-0.13534,0.19894,-0.19298,-0.70474,-0.42261,0.67524,0.67558,-0.98681,-0.77651,-0.53492,-0.80164,-0.29905,0.73722,0.45537,0.19338,-0.22118,-0.78168,0.10058,0.55822,0.73690,0.51706,0.18070,-0.90347,-0.26151,-1.39377,0.01449,-0.30453,0.31872,-0.21302,-0.49623,-0.26980,-0.06748,0.37990,0.31386,-0.57383,-0.02622,-0.80724,-0.22048,-0.26683,0.31898,0.07352,-0.56982,-0.67118,-0.60368,0.42209,0.68000,-0.11562,0.35899,-0.59168,-0.50029,1.06313,0.78934,0.11460,0.16469,-0.30017,-1.19422,-1.51360,0.50849,0.64840,-0.47534,-0.99074,0.80756,-0.10214,-0.45164,0.74059,1.16500,0.12488,-0.48031,-0.57548,-0.16530,0.58733,0.64957,-0.56145,-0.09777,-0.41840,-0.13352,0.80104,0.12573,-0.49106,0.20284,-0.45477,-0.55855,-0.24251,0.25250,1.24618,-0.46268,-0.69409,-0.41926,0.06724,0.97723,0.37183,-1.13433,0.21822,-0.34786,-0.62630,-0.86006,0.43723,0.72086,-0.24295,-0.91415,-0.68210,0.33139,-0.27105,0.71436,0.54030,0.19226,-0.25403,-1.02698,0.04670,0.49079,0.45848,0.59720,-0.27176,-0.47125,-0.70795,-0.11915,0.25402,-0.25235,0.10363,-0.79909,-0.79617,-0.17512,0.71077,0.83038,0.41884,-0.08265,-0.46646,-1.16765,-1.07649,0.00500,0.34811,0.10602,-0.37762,-0.72842,-0.59676,0.67104,1.24851,0.18524,-1.08147,-0.05907,-0.68989,-1.55218,-0.17565,0.69517,0.26401,-0.35548,-0.78009,0.02273,0.16623,0.55456,0.41756,-0.19101,-0.49270,0.00019,0.55063,-0.03562,-0.96574,1.20272,-0.62889,-2.06337,0.80689,-0.06545,0.46684,-0.56074,0.51870,-0.54699,-0.16708,0.41869,0.24166,0.04389,1.96892,0.15751,-1.79711,0.91364,-0.41396,-0.44554,-1.64587,0.90992,-1.92410,-1.64116,-1.42057,0.39466,0.17098,1.66179,1.72621,-0.55762,-1.14508,-0.45588,-0.93396,-2.33474,-0.58211,-0.24865,-2.23167,-1.09935,-0.80427,-1.47986,1.46514,1.96429,-0.82515,-0.99644,-0.40654,-1.53501,-1.91026,-0.11250,0.84407,-2.75397,-0.83149,-0.82709,-1.86409,1.15831,1.87213,-0.36778,0.36824,-0.25978,-1.98143,-2.13137,0.16396,0.73225,-2.78285,-0.35602,-0.07967,-2.33805,0.37778,1.91765,0.50853,0.16470,0.38615,-2.13465,-1.83698,-0.36241,0.39610,-1.70499,0.29468,-0.19076,-1.59378,-0.20223,1.42743,1.71063,-0.18055,0.19073,-1.44145,-1.14801,0.18121,1.34607,-1.55347,-1.11945,0.60631,-1.94257,0.87357,-0.50131,-0.92230,3.53645,-0.97202,0.13392,-0.08416,-1.20748,-0.04446,-0.19485,0.34556,0.73990,-1.43766,1.30301,-1.22873,-1.60062,2.24153,-1.02760,0.30872,-0.61967,-0.72780,-0.08272,-0.30231,1.73811,0.46487,-1.03552,0.87613,-0.73856,0.81901,0.32261,-1.27374,0.55791,-0.94147,1.75341,-0.62248,-1.33506,0.04177,0.16861,0.08601,1.37068,0.88956,1.84424,0.91671,-2.15716,-1.13415,-1.44175,-0.56598,-1.25789,-0.00740,-1.10009,-1.54341,0.08026,1.37912,1.36286,0.33747,0.90252,-1.79232,-1.42476,-0.40274,-0.73942,-1.43572,0.09168,-1.67982,-2.09694,-0.52019,1.29705,1.39479,0.44069,0.72840,-1.55061,-1.70480,-0.80735,-0.03916,-2.16386,0.22665,-0.34464,-2.76705,0.47478,0.48266,1.48093,1.65405,1.04207,-1.03212,-1.98009,-0.31006,-1.27792,-1.67872,0.08650,0.04121,-1.65898,-0.10280,-0.03927,1.51194,1.91906,0.06161,-0.32104,-0.72947,0.29923,-1.01357,-0.79914,-0.66381,-1.97927,-1.58347,-1.48257,-0.30356,1.67698,2.35726,-0.79659,-0.06995,-0.71027,-0.80728,-2.34201,-1.06835,0.99496,-1.34601,-1.19316,-1.02721,0.19159,0.75626,0.62951,0.40614,0.29255,-0.38780,-0.83927,-1.13690,0.08669,-0.70156,-1.80924,-0.73020,-0.87831,1.01221,1.12851,-0.21054,1.29064,-1.13742,-1.75364,-0.58969,-0.11608,-1.38602,0.90733,-0.34478,-1.67174,-0.87289,1.46348,1.33206,-0.08409,0.21273,-1.77939,-1.43847,-0.65424,0.30472,-2.40555,1.01446,-0.96303,-2.27561,-0.13206,1.47215,1.26140,-0.96248,0.37244,-1.96343,-0.98641,-0.37924,-0.35748,-1.56508,0.85009,-0.40763,-1.91179,-0.17657,1.38491,1.08944,-0.64738,0.77294,-1.96326,-1.08116,-0.00472,-1.04889,-0.66564,0.51872,-1.14954,-1.10533,-0.15389,0.91049,1.20722,0.08527,1.10528,-1.82533,-0.87443,-0.61129,-1.68189,0.08405,-0.02976,0.04480,0.20603,-0.64400,-0.09580,1.07035,1.19672,-0.99980,-1.29654,-1.30503,0.88801,-1.54702,0.04981,0.64962,0.04472,0.84808,0.55814,-0.49366,0.70381,1.23924,-2.04467,-1.15585,-1.30531,1.08147,-0.50275,1.74017,1.75766,0.42772,0.19504,0.61678,-0.76495,0.63196,1.46169,-1.69364,-0.60650,-1.27140,1.26438,-0.41729,1.01359,0.72580,0.83452,0.49198,-0.20758,-0.29707,-0.18663,-0.55229,1.26447,-0.28847,-0.63419,1.13122,-0.16224,-0.14427,0.39572,0.47339,0.47026,-0.48208,0.27681,-0.85961,-2.28730,1.45892,-0.60921,0.18360,1.31918,0.86130,0.77915,1.13707,0.05622,0.02951,-0.46676,-0.21837,-1.54601,-0.55359,1.80571,-0.47619,0.91014,1.92410,1.91433,0.52171,0.73932,-1.34732,-1.19626,0.26433,-0.48045,-1.11581,-0.46389,0.69942,0.10748,0.65377,1.17034,2.18327,0.87656,0.96706,-0.03911,-0.70562,1.73958,-0.71505,-1.01476,0.03624,0.15684,0.11877,0.91003,0.67185,1.03425,0.06272,0.74720,1.29501,-0.12632,1.70311,-0.75969,-1.30923,-0.11771,0.84584,0.03224,0.82726,0.37076,1.23255,1.31057,1.52627,1.56901,-0.41850,2.03710,-0.73844,-1.26443,0.07833,0.12933,0.47601,1.02385,0.54361,1.16275,-0.10965,1.00081,0.95167,0.44719,2.17080,-0.97076,-1.20323,-0.12331,0.57263,0.71039,0.57109,0.78521,1.71404,-0.10843,0.44365,0.89270,0.57057,2.21766,-1.10940,-0.98503,-0.06529,-1.18668,0.79482,0.95693,0.13115,1.87090,1.06545,1.56642,1.84139,-0.02156,1.34198,-1.23844,-1.20149,0.06396,-0.50300,0.73240,0.92357,1.37158,1.11837,-0.02153,2.01614,1.67106,0.68808,1.25884,-1.48416,-1.15755,-0.00606,-0.35095,0.86036,0.55369,2.07292,2.28844,0.33843,1.46851,1.84077,0.09754,1.20000,-1.22941,-0.56652,0.87386,-0.22371,1.43575,0.59623,-0.69524,0.06664,1.64292,0.01853,1.77718,0.44305,-0.27524,-1.42079,-0.67233,0.66930,-0.46158,1.15274,0.64692,0.80656,0.94264,1.64683,0.08332,0.62814,0.75829,-0.27570,-1.60567,-0.67324,0.90971,-1.47955,1.50286,1.16174,1.19158,1.00154,0.41410,0.38475,1.77476,1.30460,-0.60058,-1.57858,-0.66327,1.02635,-1.21704,1.35925,0.59414,0.87281,0.04696,0.42215,0.36899,0.64876,1.45091,0.90050,-1.59297,-0.72206,1.15602,-1.31896,1.20482,0.52196,0.43042,-0.07753,2.49117,0.52304,0.55010,0.94503,0.25643,-1.63934,-0.77879,0.76169,-0.37528,1.59644,0.92344,1.13967,0.40791,1.18035,-0.49773,-0.12828,1.65868,0.40779,-1.53813,-0.82308,0.56147,-0.79078,1.61333,1.56460,1.74300,0.92616,0.59484,-0.54605,-0.60322,1.87325,0.37932,-1.59560,-0.61456,0.96952,-0.22694,1.40186,0.62369,1.20386,0.71969,0.66976,0.63094,0.04214,1.14859,0.43086,-1.35510,-0.37563,0.72157,-1.13008,1.14375,0.69450,0.14477,-0.71281,0.65358,0.58916,0.50347,0.85731,0.03451,-1.44046,-0.34756,1.04599,-0.59581,1.38289,0.46827,-0.11123,0.73363,1.65486,0.05974,0.72941,0.99085,-0.05324
# [69/100] 'pokedex' OK
pokedex,0.48017,-0.30437,-0.41575,-0.13583,0.21550,1.02304,-0.54975,-0.09276,-0.99502,-0.77128,-0.02077,-0.67355,-0.46875,0.39476,-0.39768,-0.87327,-0.25206,0.02095,1.15150,-0.78594,0.24057,-0.53843,-1.41623,-0.18807,-0.48075,1.18679,0.33086,-0.31979,-0.41812,-0.48162,0.54111,0.83724,-0.13760,0.64134,-0.16860,-1.85396,0.01820,-0.34411,-0.76098,0.27245,-0.23199,-0.26273,0.10718,0.30287,0.63157,-0.22035,-0.89621,-0.64030,-0.91950,-0.94951,-0.02068,1.97361,0.27415,-0.28179,-0.60716,-0.30175,0.48670,0.71346,-0.28816,-1.12023,-0.02571,-0.36068,-0.08369,0.36490,-0.12255,0.21999,-0.44117,-0.44485,-0.14658,0.61307,0.97676,0.06030,-0.25925,-1.04274,-1.29561,-0.37680,-0.73552,-0.85496,0.13146,-0.21687,-0.32940,-0.36934,0.65788,0.76769,-0.46456,-0.25225,-0.40664,-0.73563,-0.49888,-0.25715,-0.43540,0.31706,-0.35143,-0.71958,-0.65202,0.07117,1.10001,-0.15440,0.64980,-0.60512,-1.88531,-0.41245,0.57686,0.34891,0.27775,-0.57321,-0.74268,-0.65837,0.41312,1.53189,-0.53908,-0.19792,-0.13193,-0.90393,0.41645,1.26164,-1.11493,0.20230,-0.53081,-0.27473,-0.52370,-0.12658,1.00204,0.38206,0.12369,0.54664,-0.90085,-1.45161,0.80094,1.29935,0.31565,-0.27504,-0.74526,0.09666,0.31944,0.57137,0.08387,-0.43188,-0.13213,-0.84713,-0.46855,0.01887,-0.96396,1.02868,-0.65785,-1.79954,1.94389,0.10352,-0.20672,0.10877,-0.53752,-0.79449,-0.08759,-0.80421,-0.00161,0.09208,2.02002,-0.10363,-1.86209,2.34966,-0.42937,-0.89110,-0.32914,-0.57696,-1.69380,-0.49543,-2.64530,-1.14533,-1.14538,2.06488,1.66819,-2.04068,-0.76613,-0.37914,-0.84088,-2.89243,-0.57014,0.32978,-1.63525,-1.82464,-1.12951,-2.43739,1.55837,1.94083,-1.14817,-1.19282,-0.41600,-1.37184,-2.20219,-0.94118,0.91339,-1.14582,-2.21482,-0.44363,-1.89991,0.73690,2.14332,-0.17688,-1.10219,-0.09320,-1.48324,-1.92280,-1.52566,1.09341,-0.54263,-1.49080,0.27807,-1.47214,-0.02157,1.47675,0.79233,-1.54358,0.48805,-0.55429,-1.78557,-1.22232,1.37145,-0.70508,-1.78686,0.46681,-0.61263,-0.27257,1.11422,0.92457,-2.32903,-0.24782,-0.99362,-0.51395,-0.51984,0.67194,1.06479,0.45822,0.22005,0.05523,-0.26542,0.70998,0.24252,-0.41590,-0.01337,-1.18273,-0.69691,-0.28807,1.45101,-0.26688,0.94134,0.09728,-0.58029,0.72074,-0.62680,-2.38419,0.84459,-0.11687,0.02411,-0.52011,1.18048,0.19456,-1.04032,0.97071,-0.01880,-0.37436,0.53025,-0.46410,-0.47642,0.77623,-0.82757,1.23689,-0.89063,0.11269,1.03185,-1.22942,0.98716,0.11780,-0.94796,1.32451,0.73489,1.02311,0.59120,-1.86007,-0.39860,-1.63517,-0.62118,-0.86872,-0.55563,-0.57657,-1.30528,-1.03778,1.70519,1.08138,0.49112,0.53185,-2.04943,-1.03433,-1.64253,-0.55435,-0.87597,-0.32354,-1.39588,-1.91385,-0.94376,1.41496,1.44331,0.26392,0.58698,-1.74207,-1.60282,-1.20386,-0.55820,-1.44715,-0.34153,-0.11457,-2.32192,-0.25841,0.76988,1.64758,1.23647,1.12373,-1.35390,-2.20130,-0.18201,-2.13340,-2.41714,0.24015,0.35343,-1.53257,0.12484,0.04946,1.37972,2.07335,0.54411,-0.71863,-0.63975,-0.63884,-1.66985,-1.60188,-0.12985,-0.67330,-0.54549,-1.36415,-0.15504,1.45859,1.81408,-1.18256,-0.45457,-0.66729,-0.56750,-1.09752,-0.26627,-1.37036,0.09417,-0.46239,-1.14625,-0.09928,1.40849,1.67661,-0.67401,-0.26693,-0.98737,-0.57362,-0.81586,-0.91836,-0.92203,-1.01051,0.31038,-0.41472,0.75845,0.97029,0.00020,0.76469,-0.60049,-1.06004,-1.00536,-0.10963,-2.04271,0.14398,-0.08073,-0.94096,-0.07886,1.62369,1.29491,-0.78206,1.35519,-2.11126,-1.13678,-0.92630,0.02111,-2.64397,0.58767,-0.00052,-2.94585,0.00270,1.59144,1.24370,-0.72508,0.71141,-1.98328,-1.60800,-0.39465,0.02849,-1.55760,0.62890,-0.48185,-1.96708,-0.52389,1.54535,0.99905,-0.82049,0.67398,-1.99469,-1.51144,0.14633,0.01602,-0.76595,0.00622,-0.55362,-1.44255,0.35011,1.40817,0.96631,-0.51989,1.15080,-2.04704,-1.42906,-0.10932,-1.36819,-0.04685,0.18306,-0.04345,-0.72894,-0.66443,0.71468,1.18576,0.52580,0.66917,-1.50674,-1.62447,-0.32928,-2.26788,0.41882,0.38233,0.49687,0.12502,-0.80369,-0.06420,0.84283,0.91127,-0.64206,-1.36690,-0.74881,0.78761,-0.49527,1.40841,0.75369,-0.65173,-0.32860,-0.49806,-0.47441,0.73165,1.10335,-1.46136,-0.81880,-0.87682,0.74318,0.22862,0.83642,1.63061,-0.21026,-0.34772,-0.05249,-0.64251,0.54100,0.86513,-2.07346,-0.31124,-0.47019,0.67072,-0.67667,0.96627,1.60545,-0.11288,0.68449,0.03402,0.00247,-0.26673,-1.46658,1.71965,0.46804,-1.62413,0.12556,-0.33263,-0.54465,0.52164,-0.22023,0.69433,0.36687,0.62565,-0.48653,-2.83779,1.64723,-0.26887,-0.42822,1.25126,0.11015,0.12421,-0.14526,-0.50498,0.19424,0.60661,-0.11912,-1.34671,-0.73793,2.55593,-0.21697,0.57939,1.82274,-0.38678,-0.72965,1.27922,-1.35283,0.47624,2.37465,-0.45667,-1.07206,-0.04017,0.10148,-0.21867,0.26013,0.99709,1.07696,1.17097,2.40839,1.07626,0.53647,2.09764,-0.68409,-1.43057,-0.01954,0.97317,0.61349,0.65101,0.53379,1.75518,1.22886,2.00694,0.70601,-0.09681,0.70989,-0.71189,-1.33924,-0.14568,-0.14519,0.24219,0.56705,1.40839,2.81640,0.89715,1.63554,1.36096,-0.26382,0.28694,-0.73549,-1.23597,-0.01102,-0.53250,0.56037,0.84433,0.87585,1.82202,0.26161,1.39297,1.52686,0.75773,2.03601,-0.78080,-1.41432,-0.20695,0.42054,0.61869,0.67074,0.97004,1.22977,0.25564,1.17233,2.13009,1.56947,1.99395,-0.77460,-1.02800,-0.05335,0.84425,0.34715,0.79253,1.10892,1.34955,-0.36682,0.26718,1.05668,-0.98542,0.42911,-0.91799,-1.23903,-0.04403,0.49501,1.03058,0.98291,1.73994,1.24499,0.04870,-0.21148,1.14744,0.33827,0.64280,-1.15635,-1.35596,0.04986,0.61829,1.17652,0.90229,1.33137,1.56732,0.43139,0.95203,0.45103,0.85586,0.45741,-1.19862,-1.20802,0.34856,-0.14640,1.09856,1.49029,1.01917,1.17012,0.84556,-0.17112,1.84856,0.87225,1.34012,-1.23774,-0.86974,0.89608,-0.12903,1.11869,0.74733,-0.10549,1.10950,-0.09719,0.42962,1.64868,0.42813,0.17485,-1.40903,-0.65573,1.02511,0.04595,1.26176,1.15735,-0.43237,0.51914,-0.01864,0.41272,0.75854,0.87907,-0.16240,-1.45948,-0.72389,1.14082,-1.53587,0.71069,0.02404,0.73875,1.36831,2.06879,1.26043,0.41913,1.05856,1.06441,-1.40692,-0.79269,0.71694,-0.30928,1.12340,0.47100,1.44354,0.82076,1.33005,1.78840,0.20150,0.51670,0.37958,-1.43644,-0.71171,0.82148,-0.27306,1.61840,0.92103,1.31793,-1.29564,0.40219,-0.22401,-0.00039,0.66250,-0.06100,-1.38575,-0.70019,1.01906,-0.75304,1.01071,0.55473,0.95047,-0.36512,0.81355,0.52500,0.45186,2.66904,0.65505,-1.37354,-0.70998,0.70882,-0.54293,1.22984,1.10876,0.64642,0.65421,0.91931,0.46205,-0.12294,0.71035,0.84562,-1.31242,-0.50536,0.79741,-0.08152,1.25583,0.66456,0.39974,0.80511,0.97967,-0.75949,-0.42790,0.83648,0.90639,-1.31224,-0.60948,0.84232,-0.76236,1.27763,1.12750,1.19551,0.60009,0.33358,-0.60553,0.47374,0.53679,0.62595,-1.19497,-0.58310,0.78784,-0.78103,1.13276,0.52175,0.72167,-0.05830,-0.12945,-0.52400,0.99864,1.67126,0.70653,-1.16207,-0.36563,0.55712,-1.20067,0.97654,0.36869,0.47311,0.55345,0.44461,0.85770,1.34551,1.50333,-1.16871,-1.18905,-0.55562,0.47684,-0.14557,1.43525,0.59889,0.58579,0.42280,0.72410,0.72337,1.41407,0.28972,-0.79779
# [70/100] 'pokedex' OK
pokedex,0.34202,-0.45958,-0.67129,-0.24488,0.25846,0.97003,0.41382,-0.59128,-0.49454,-0.50053,0.07493,0.57849,-0.50734,0.05365,-0.60768,-0.49868,-0.05906,0.67346,0.81425,0.00523,-0.62875,-0.88647,-1.17992,-0.21008,0.46850,-0.89954,0.17318,-0.40529,-0.48787,-0.66420,0.25887,0.54829,0.53940,0.89988,0.50021,-0.96856,-1.89041,-0.04063,0.19543,0.10963,-0.42431,-0.95412,-1.54640,0.50231,0.86716,0.37576,-0.52274,-0.01252,0.08197,1.63492,0.29461,-0.08289,0.09627,-0.40834,-0.81232,-0.93621,0.40490,1.01208,0.25323,-0.11969,-0.53699,-1.43951,0.01716,0.56023,0.35176,0.09901,-0.50030,-0.68901,-0.54577,0.68281,1.25158,-0.00052,-0.58712,0.40374,-0.06178,-0.74547,-0.47305,-0.31052,0.04299,-0.88676,-0.71901,-0.46719,0.58781,0.77200,0.02366,-0.39641,-0.13000,-0.02108,0.80265,1.05496,0.23801,0.01359,-0.66875,-0.88570,-0.47636,0.66687,1.09819,0.10295,-0.14970,0.14574,-0.86854,-0.04504,0.29096,-1.13432,0.09291,-0.73155,-0.62739,-0.22039,0.81412,1.18022,0.31143,0.30526,-0.41958,-0.93337,-0.69062,-0.21974,-1.73280,0.04625,-0.23017,-0.25585,-1.71046,0.26195,0.80657,-0.39926,-1.24036,0.42705,0.12392,-0.41259,0.11974,-0.27034,0.15050,-0.46789,-0.63430,-0.65777,0.18958,-0.01517,-0.54271,0.35091,-0.08793,-0.11078,-0.13747,0.76063,-0.25642,0.68236,-0.39396,-1.36914,0.65345,0.10751,0.05301,-0.16220,0.32558,0.41994,-0.51583,0.27771,0.63255,0.57019,2.14643,-0.15853,-2.07389,0.30215,-0.77152,-0.53854,-1.37164,1.14890,-0.03841,-0.95638,-0.58074,-0.28331,-0.05410,1.60371,1.89257,-1.14552,-1.33598,-0.04863,-1.10301,-2.56995,-0.53482,-0.00610,-1.62339,-1.56057,-0.58380,-1.61651,1.46164,2.10483,-0.88544,-1.71412,-0.04474,-1.24458,-2.57614,-0.07371,0.33386,-1.87133,-1.47568,-1.29050,-1.90411,1.30434,2.13767,-0.90873,-0.66909,-0.22727,-1.71507,-2.33510,0.53017,0.66755,-2.42866,-1.52886,-0.41095,-2.38777,0.73078,2.00642,0.03998,0.49131,0.26766,-2.56260,-1.87482,-0.21443,0.51021,-2.27202,-1.13527,0.65478,-1.31967,-0.07800,1.38311,1.29133,-0.16170,0.52514,-1.57221,-1.17916,0.46699,0.24237,-1.32323,-0.55883,-0.01901,-2.75564,-0.67328,1.06157,1.82944,-2.07391,0.21947,-1.19759,-0.89551,-0.79319,0.53488,0.68736,0.36363,0.81800,-1.85821,0.26758,-0.04477,-1.18810,2.48321,-0.16273,-0.86951,0.36059,-1.59653,0.61157,0.15945,-0.22980,0.77734,0.42025,0.85118,-0.61736,-2.34966,1.64269,-0.99016,0.22297,0.13312,-0.90745,1.17150,-0.36667,-0.82716,1.47031,0.90343,0.58275,-0.49101,0.17984,0.04381,-1.00317,1.04029,-0.22492,0.15609,0.82693,-0.94037,-0.99831,0.52868,-0.98673,1.37302,1.01833,1.16805,1.01905,-1.96894,-0.84848,-0.96563,-2.01247,-0.93399,-0.17656,0.25851,-1.63342,-0.67834,1.52717,1.31722,0.54422,0.56246,-1.76310,-1.17987,-1.01931,-0.59040,-1.28575,-0.09881,0.86782,-3.01813,-0.67834,1.42416,1.42683,0.25402,0.69063,-1.53208,-1.51575,-1.01586,-0.25654,-1.96805,0.41640,0.58225,-2.65724,-0.30630,0.87104,1.56709,1.20542,0.56639,-1.11344,-1.65531,-0.54120,-1.02691,-2.42260,-0.15625,1.50482,-2.49938,-0.24878,-0.11076,1.57369,2.25023,-0.09122,-0.31202,-0.94066,0.00283,-1.66943,-1.71997,-0.57782,0.32974,-1.32902,-0.44208,-0.34941,1.66412,2.41790,-1.02436,-0.31143,-0.78558,-0.54309,-1.74186,-1.72190,-0.37591,0.31663,-0.03582,-0.50187,0.07242,0.93359,0.85881,-0.36503,0.21492,-0.15758,-1.30487,-1.48988,-1.28802,-1.01180,-0.41331,0.61790,-1.08164,0.98932,1.06177,0.36135,1.09204,-1.17595,-1.10104,-1.02564,-0.00725,-2.24040,0.62699,-0.37894,-1.05275,-0.18652,1.72819,1.13565,-0.39915,0.98508,-1.88248,-0.98078,-1.34085,-0.01587,-2.18606,0.94197,0.30790,-2.57645,0.12513,1.79029,0.80508,-0.81875,0.98817,-1.94109,-0.86953,-1.13690,0.25809,-1.49577,1.55622,-1.28070,-1.70238,0.26521,1.71369,0.54506,-0.53477,1.13472,-2.00550,-1.04831,-0.49141,0.09111,-0.66247,0.72294,-1.06445,-1.04301,0.59724,1.43670,0.65305,-0.26148,2.13717,-2.21625,-1.13538,-0.58153,-1.33800,0.24189,0.34603,0.14584,-0.10689,-0.00294,0.65567,0.75627,0.86286,0.74775,-1.32768,-1.36132,-0.48156,-2.24769,0.44345,1.08957,-0.03723,0.74724,-0.29465,-0.26469,0.49391,1.65460,-0.69040,-1.42167,-0.90709,0.80800,-0.17034,1.45929,1.70670,-2.89575,-0.47484,1.95529,-0.65143,0.41152,1.63147,-1.00924,-1.09308,-0.83411,0.74687,0.26735,1.89951,1.51288,-1.71240,0.30295,0.33075,-0.94439,0.21286,1.55060,-1.04177,-0.77032,-1.02125,0.23525,-0.41996,2.07967,1.74783,-0.47396,0.46609,0.75459,0.28349,0.00840,-1.99978,0.69968,-0.01752,-0.17855,0.67563,-0.79700,1.55192,0.00298,-1.11754,-0.17738,1.30956,0.22954,-0.80067,-1.55550,2.26606,-0.37402,-0.14554,0.91300,0.35912,-0.24771,1.76153,-0.10590,-0.19811,1.37953,0.05734,-1.20382,-0.61372,2.44106,-0.67558,0.17587,1.57425,0.33754,-0.33115,1.80909,-0.59993,-0.60240,0.81318,-0.29513,-1.23984,-0.15432,-0.03042,-0.32958,0.52289,1.09527,1.93881,0.09919,1.17952,1.42358,0.29014,1.31655,-0.58996,-1.14893,0.16857,0.40607,0.55475,0.80204,0.54040,1.82038,-0.27132,0.28473,-0.31826,-0.34658,0.76509,-0.60253,-1.24142,0.18701,-0.18600,0.46125,1.10405,0.49045,0.92553,-0.70364,1.06020,0.00043,0.65242,1.05488,-0.68370,-1.61093,-0.10260,1.29945,0.64357,0.82050,1.12139,1.08324,-0.40377,1.93260,0.91845,0.70548,1.33180,-0.97639,-1.45629,-0.19255,0.13885,1.02000,1.22101,1.17360,1.21198,0.19031,1.43701,2.36383,0.31339,1.35119,-1.12890,-1.24545,0.14206,-0.54206,0.69828,1.38595,1.29651,0.61681,0.11377,0.59750,0.93759,0.17605,1.58119,-1.18437,-1.24482,0.00538,0.12113,1.05400,1.00371,0.69645,2.90954,0.23695,-0.28025,1.02877,-0.41805,0.27236,-1.32885,-0.92629,0.71774,0.19196,1.07284,0.91432,1.35809,0.98187,-0.25781,-0.17585,1.01640,0.45037,0.80903,-1.52609,-0.81801,0.86305,0.43015,1.20168,0.79381,1.29443,1.48898,1.49483,0.44786,0.40147,1.06403,-1.06590,-1.38386,-0.57247,0.56181,-0.87645,1.01887,0.86598,0.64245,0.73916,1.10889,-0.48614,1.20016,1.31301,0.60914,-1.23056,-0.47340,0.71228,-0.76080,1.05051,0.39610,0.27827,0.39371,0.23749,-0.07439,0.92028,0.25402,1.17401,-1.27152,-0.44549,0.50889,-0.41420,0.90510,0.77919,0.34131,-0.43450,0.43005,-0.22227,1.79623,1.09247,0.94132,-1.17978,-0.50943,0.18828,-0.45018,0.89691,0.67396,1.08957,-0.56347,0.74933,-0.25651,0.21790,1.04176,0.63568,-1.27885,-0.41059,0.66011,-1.44937,0.81544,0.66027,0.66799,1.36309,0.91029,0.02666,0.69666,1.07267,0.47775,-1.26760,-0.57011,0.34224,-0.14162,1.06818,0.82228,0.54935,0.26475,0.66752,0.08745,0.21750,0.63592,0.05201,-1.25591,-0.35963,0.39425,-0.17575,1.48135,0.47044,0.10371,0.54065,-0.07926,-0.50400,0.77117,0.69526,0.75755,-1.29929,-0.52870,0.19306,-0.25918,1.60141,0.85122,1.59001,-0.24408,-0.75906,-0.89844,1.64499,0.18648,-0.53484,-1.21098,-0.52124,0.02444,-0.68414,1.06996,0.87836,1.12777,-0.62205,1.13111,0.52495,0.10465,1.13104,0.44187,-1.11494,-0.52867,0.09344,0.20415,1.27711,0.62282,0.49371,1.08602,0.98341,0.25097,-0.51835,0.39746,-0.25914,-1.12166,-0.81813,-0.07410,-0.06288,0.95287,1.08305,1.15402,1.14238,0.76681,0.55364,0.79909,0.57690,0.57728
# [71/100] 'pokedex' OK
pokedex,0.15924,-0.20255,0.01380,-0.83660,0.65734,0.93129,0.26204,-0.58350,-1.10982,-0.92222,0.17259,-0.22988,-0.50963,-0.02057,-0.38719,-0.32865,-0.17831,0.45267,0.57312,-0.45768,-0.82095,-0.60945,0.21074,-0.10221,0.54099,0.00182,-0.00686,-0.84988,-0.82031,-0.38444,0.63548,0.32148,0.70552,-0.32143,0.27428,0.15734,1.35218,1.39876,0.15213,0.03690,-0.41765,-0.53603,-0.10825,0.30648,0.57550,0.69443,-0.87321,-0.45404,0.31805,1.17937,0.34539,-0.34800,0.06037,-0.46678,-0.69378,0.03137,0.63595,1.06513,0.09961,-0.74174,-0.29209,-0.43181,-0.90188,0.15620,0.69905,-0.04455,-0.48400,-0.30471,-0.22974,0.42081,0.80382,-0.10535,-0.51122,0.35225,0.22175,0.45948,1.00167,0.64896,0.10176,-0.41203,-0.24382,-0.36788,0.72902,0.62934,0.11408,0.41891,-0.40227,-0.07957,-0.80924,0.03311,0.35261,-0.03807,-0.50253,-0.54852,-0.30732,0.56036,0.98128,0.50677,-0.21937,-0.68191,-0.58369,-0.15352,-0.07368,0.32744,-0.04829,-0.46935,-0.18434,-0.10111,0.35685,0.89730,0.46352,0.18916,0.38519,-0.60305,-0.72894,-0.27047,0.61450,-0.09242,-0.66711,-0.42150,0.59931,0.61636,1.37582,0.49686,0.39345,0.53854,-0.33025,-0.38673,-0.74419,-0.54471,-0.02571,-0.68613,-0.62837,-0.05512,0.15167,0.39476,-0.57320,-0.11245,0.82615,0.17697,0.18948,1.35643,1.42589,-0.02311,-0.79126,-0.35498,0.62927,1.14317,0.34410,-0.42571,-0.19972,0.31124,-0.60732,0.73711,0.78896,-0.88981,-0.11180,-0.78884,-0.34058,-0.39374,0.90961,1.07675,0.09412,-0.14465,0.66578,-0.80935,-0.83903,1.20068,-0.60795,-0.15472,-0.88886,-0.02562,0.83088,1.01371,0.87588,-0.42621,-0.18743,0.15270,0.35241,0.63353,-0.43727,-0.37701,0.01734,-0.47598,-0.26922,-0.01749,0.78206,1.17304,-0.28914,-0.50041,-0.72269,-0.53157,-0.91353,-0.97295,0.78811,2.27187,-0.46379,-3.20600,1.12980,-0.79380,0.52287,-0.64525,1.53114,-0.04301,-0.11173,0.69403,-0.88907,-1.94573,1.83795,1.28106,-1.27194,-0.71636,-0.25387,-0.90396,-1.82782,0.12148,-0.39252,-1.72211,-1.08856,-1.04315,-1.31218,1.78727,1.92572,-1.26240,-1.60831,0.03575,-1.41726,-2.11688,0.07702,0.51912,-2.15733,-1.63165,-0.69369,-2.63473,1.54615,2.15568,-1.54722,-1.63146,0.05112,-1.47257,-2.46957,0.04784,0.56875,-2.14366,-0.92463,0.10945,-2.34391,0.97229,2.21932,-0.75331,-1.94758,0.48447,-1.73029,-2.27279,-0.37336,1.20716,-2.09110,-1.14794,0.26482,-1.40455,-0.18252,1.58563,0.65381,-2.18049,0.78866,-0.82779,-1.39210,-0.56586,-0.13535,-1.35679,-0.56854,0.68256,-0.29443,-0.68654,1.14131,0.78533,-3.00272,-0.10766,-1.39145,-1.20726,1.17672,1.24817,0.00740,0.35089,1.38736,-0.47784,-0.22117,0.26783,0.04741,0.48439,-0.35962,-1.06553,-0.80636,0.00422,1.86509,-0.01962,-0.92609,0.35184,-1.00033,0.98922,-0.99027,-1.46206,1.56565,-0.22883,0.57809,-0.71293,0.69981,0.65045,-1.22346,-1.50078,-0.13270,-0.02118,0.27585,-1.06150,1.33347,0.28732,-0.13630,0.65174,-1.79189,1.41428,-0.74933,0.11491,0.63332,-1.76240,-0.48309,0.99943,0.63935,1.93390,0.36619,-1.20572,-0.74944,-1.70714,0.44465,-1.86345,-0.86364,-1.03966,-0.72756,-1.13492,1.67622,1.30295,0.48940,1.20501,-2.22002,-1.23909,-1.29802,-0.65276,-1.35650,0.00017,-1.26025,-1.47832,-0.50725,1.48098,1.43104,0.28039,0.94771,-1.74806,-1.88801,-0.64047,-1.35071,-1.85765,0.75923,-0.37380,-1.39594,-0.29455,0.69266,1.33157,1.14524,1.04239,-1.15485,-1.59030,-0.89134,-0.83274,-2.14178,0.30558,0.94388,-1.28159,-0.00727,-0.23494,1.61323,1.96145,-0.12428,-0.46588,-0.98286,0.03259,-2.37311,-1.32112,-0.94241,-0.77979,-1.31411,-0.10831,-0.50074,1.53731,2.56355,-0.61588,-0.42432,-1.37916,-0.31718,-0.83435,-0.42770,-0.63150,-1.15791,-1.76269,-1.19565,-0.13291,1.01844,1.73675,-0.40660,-0.08065,-0.53590,-0.46511,-0.97058,-1.00961,-1.45923,-1.63490,-1.05217,-0.78720,0.44045,0.77968,1.19734,0.44348,-0.65115,-0.90585,-1.04216,-0.79224,-1.56026,-0.31305,-0.22513,-0.22137,0.81341,1.53364,1.34496,-0.23125,0.93368,-1.55029,-1.75654,-0.83243,-0.19839,-1.90798,0.87769,-0.30861,-2.55176,0.38714,1.75383,1.10335,-0.66441,0.64572,-2.16402,-1.34739,-0.00760,-0.23801,-1.23496,0.96555,-0.41539,-2.17501,0.83900,1.90450,0.80134,-0.55408,0.61273,-2.21465,-1.18795,0.44744,-0.75538,-1.21826,0.50116,-1.13221,-1.59321,0.49290,1.56959,0.97138,-0.35294,0.92284,-2.37124,-1.16684,0.44897,-1.67084,0.04465,0.08098,-0.81985,-0.65306,0.22626,0.57569,0.98871,1.01859,0.22734,-1.72411,-1.24614,-0.18339,-1.92812,1.14113,0.86864,-0.10379,0.16173,-1.50737,-0.59147,0.50845,0.93621,0.23872,-1.17028,-0.79876,0.40640,-0.57189,1.98220,2.69229,-0.18635,-0.78472,0.20894,-0.85101,0.60298,1.34389,-1.10629,-0.72968,-1.20347,0.72910,-0.72035,1.61416,1.31129,-0.86825,1.10568,0.37575,-1.10280,0.62579,1.30452,-1.03320,-0.46095,-1.17880,0.71593,0.01871,1.09087,0.80663,-0.30346,0.08837,-1.49583,0.73977,-0.59418,-2.03098,2.78967,-0.88881,0.01202,1.37652,-2.33762,-0.52613,0.73107,0.30562,1.35486,-0.07597,0.44343,-0.66431,-1.97836,1.72252,-0.95791,0.03433,1.64772,0.48995,0.84537,1.48604,0.71267,0.62878,-0.14381,0.03708,-1.10910,-0.54147,2.24697,-0.64713,0.26663,1.37185,0.36791,0.00082,1.42961,0.80799,-0.48199,-0.73592,-0.43119,-1.24586,-0.19635,1.08529,-0.45090,0.59366,1.28062,0.62144,-0.00496,1.93797,1.31010,0.60226,1.55152,-0.67835,-1.23284,-0.26218,0.22629,-0.10602,0.79656,0.83871,0.91163,0.09995,1.56188,2.96129,0.40588,1.32311,-0.83527,-1.10874,0.14420,0.34546,0.11030,1.08368,1.10484,1.52973,0.47369,0.70557,1.08866,0.17592,0.16736,-0.95524,-1.18168,0.29916,-0.15981,0.69491,1.26665,0.87983,1.55525,-0.19515,1.64203,0.29295,0.39225,1.04257,-0.84455,-1.16849,0.34252,0.43889,0.56995,0.74050,0.72965,2.74997,-0.63147,0.50684,0.53998,-0.20964,1.29428,-1.04086,-1.16721,-0.41338,0.07508,1.11488,0.51212,1.02299,0.52917,0.56683,0.81174,2.06300,0.98312,0.96393,-1.24512,-1.12822,0.14284,0.12108,0.96172,0.61019,-0.02778,1.53130,-0.45079,0.22876,1.04243,1.01130,2.10652,-1.21083,-0.83822,0.40844,-0.13874,1.34474,0.99106,0.88079,1.86523,-0.93876,-1.48958,1.31247,0.94345,0.26890,-1.27391,-0.99201,0.02280,-0.82926,0.86278,0.76089,1.26828,1.03401,-0.69665,0.57920,1.69888,1.70853,2.67397,-1.24266,-0.79812,0.29961,-1.42533,1.09722,1.14599,1.26371,1.79724,-0.06269,0.53141,0.36785,0.85886,0.81877,-0.78661,-0.35881,-0.21280,-0.70484,0.72023,0.48297,0.49986,0.41546,1.36741,-0.27568,0.97335,1.12491,0.24053,-1.45838,-0.31908,0.29101,-0.53011,1.12447,0.86542,0.97578,0.61804,1.02572,0.47236,-1.23737,0.35303,0.33827,-1.51128,-0.42629,0.25821,0.14804,1.30017,0.61660,0.84680,-0.33599,1.56332,-0.04730,-1.26725,1.30924,0.70768,-1.28004,-0.29252,0.42607,-0.35332,1.45148,1.12116,1.33036,-0.05183,0.28412,-1.08396,0.12009,-0.00590,-0.53102,-1.34152,-0.41547,0.34206,0.00461,0.92918,0.60118,0.59811,0.15192,0.42573,-0.53300,1.65412,1.34295,1.04122,-1.37473,-0.62239,0.31555,-0.73084,1.12632,0.86393,0.96313,0.83699,1.49599,-0.49747,0.66806,0.86489,0.45036,-1.32276,-0.50786,0.60407,-0.12224,1.12681,0.82851,-0.16410,-0.77241,1.41156,0.50818,0.47191,-0.09574,0.37719
# [72/100] 'pokedex' OK
pokedex,0.35244,-0.16082,-0.72810,-0.71389,0.59545,0.78113,-0.42502,-0.21757,-0.13292,-0.50723,0.11175,-0.25519,0.06965,0.19139,-0.50718,-0.47515,-0.21774,0.48242,0.92696,-0.35921,-0.32869,0.13149,-0.60865,0.12909,0.21686,-0.04837,0.16102,-0.41765,-0.53103,0.50228,0.99207,0.92413,-0.45804,-1.87974,-0.92720,-1.18543,0.70206,0.30008,-1.53795,-0.02254,-0.48043,-0.66751,-0.82831,0.62347,0.69033,0.60510,1.19415,0.92065,-0.30349,-0.08781,0.63832,-0.87996,0.01286,-0.65155,-0.90051,0.00587,0.85294,1.22049,0.59794,-0.41189,0.45756,-0.11762,0.16474,-0.10733,-0.27131,0.04701,-0.41779,-0.98009,-0.48928,0.58052,1.11837,-0.07948,-0.05575,-0.39041,-0.70984,0.78990,0.07021,-0.16626,-0.05554,-0.65996,-0.29235,1.25794,0.93131,0.90642,-0.11234,-0.59647,0.20645,0.34363,-0.78149,-0.88938,-1.53618,-0.01382,-0.60987,-0.28648,0.51646,0.69609,0.71772,0.29550,0.20129,-0.15107,-1.21733,-0.45312,0.76425,-0.06893,0.16522,-0.54612,-0.97291,-0.64574,0.69784,0.90894,0.00984,0.05913,-0.41796,-0.55903,1.29674,1.37342,0.71133,0.10508,-0.45934,-0.56014,-0.17921,0.73649,0.65280,-0.34189,-0.58554,-0.45972,-0.41771,-0.05055,0.67833,0.77150,0.15507,-0.54290,-0.58740,0.10861,0.82545,0.67633,-0.02247,-0.57338,-0.55690,-0.66970,0.19285,0.72461,0.62925,0.03478,-0.47672,-0.72677,-0.26058,0.30719,1.44455,1.06138,-0.55193,0.03916,-0.43668,-0.12041,0.25845,-0.30576,0.11347,-0.74039,-0.80290,-0.39786,0.42132,0.09827,0.59975,0.11875,0.82059,0.93333,0.62052,1.08332,-0.25978,1.99312,-0.18839,-2.25008,0.64156,-0.26569,0.08489,-1.08089,0.65637,-1.14174,-1.35625,-0.66458,-0.21955,0.03075,2.37487,1.20275,-1.53688,-0.96649,-0.40351,-0.80221,-2.38225,-0.78832,-0.19695,-1.26626,-1.11227,-1.12579,-1.19592,1.71939,1.82089,-1.07144,-1.79356,-0.12762,-1.38652,-2.50197,0.63948,0.58947,-2.02816,-1.70577,-1.27571,-0.98028,1.33539,2.07140,-0.77215,-2.10538,0.07421,-1.55681,-1.71460,-0.04518,0.81536,-2.16218,-2.08252,-0.55289,-2.13329,0.69995,2.00013,0.16403,-1.21025,0.39579,-1.96075,-2.09334,-0.40988,0.74874,-1.68553,-2.76735,0.60379,-1.17101,-0.44371,1.67390,1.35407,-1.95528,0.78923,-1.01261,-1.94667,0.09078,1.36497,-0.45628,-2.05000,-0.64929,-2.11646,-1.03177,1.12234,1.88479,-1.16840,0.86690,-1.22852,-1.40148,0.44933,1.81096,0.22334,-2.68222,0.10157,-1.40325,-0.65388,0.51834,1.14399,0.00067,-0.11670,0.01682,-0.66495,-1.64197,2.02436,0.63708,-0.86823,-0.05000,-1.98316,0.84628,-0.83247,-1.78020,3.03523,-0.86758,0.47491,-0.11911,-1.73307,0.74012,-0.48140,1.57249,1.38915,-0.43006,0.58101,-1.06934,0.12944,0.73790,-1.08102,0.83264,-0.77155,0.93723,-0.00292,-0.51477,0.67281,0.20880,0.27642,1.14543,-0.34905,1.78557,0.45788,-1.85161,0.92217,-1.22683,0.19866,-0.79500,-0.77131,0.21930,-1.12830,-1.37714,1.63814,1.10815,0.79651,0.48069,-2.26198,-0.75533,-1.01657,-0.87575,-0.83626,-0.74271,-0.39187,-2.08537,-0.34841,1.62162,1.25998,0.20009,0.61770,-1.79728,-1.31628,-0.42625,0.17395,-1.48209,-0.07615,-1.95650,-2.11563,-0.49794,1.49446,1.14872,0.29250,0.83364,-1.61461,-2.00191,-0.32673,0.30389,-0.89602,-0.55430,-0.77196,-2.41724,0.49101,0.60714,1.49524,1.13347,0.73711,-0.95522,-2.31188,-0.00280,-0.53458,-2.23441,-0.62508,0.62395,-1.08859,-0.37549,-0.38314,1.35469,2.04563,-0.26466,-0.29509,-0.98768,0.81762,-0.70238,-1.46279,-0.38598,-0.66556,-1.71421,-0.92862,-0.53579,1.44805,2.26395,-0.65619,-0.54428,-0.81016,-0.45401,-0.48592,-0.84383,-1.07137,-0.68721,-1.46887,0.25524,-0.47956,0.82474,1.54876,0.88970,0.33324,-0.89284,-0.53028,-1.09325,-0.79311,-0.36128,-0.50334,0.08103,-1.33747,0.53833,0.67536,0.51950,0.83776,-0.44391,-1.22468,-1.41604,-0.33410,-1.23990,0.32142,0.04703,0.26067,-0.03145,1.12766,1.21237,0.79988,0.25716,-1.66698,-1.51521,-0.57688,0.03697,-2.46577,0.95131,0.12250,-1.56606,0.05092,1.59827,1.17362,0.18318,-0.48455,-1.89691,-0.93555,-0.40633,-1.21073,-1.53991,1.56140,-0.21295,-1.84161,0.01498,1.50488,1.13118,0.10771,-0.24592,-1.93452,-1.21931,-0.01301,-0.92179,-1.18900,1.29673,-1.36305,-0.82118,0.11923,1.30468,1.00137,0.44132,0.17424,-2.04597,-1.04414,-0.30050,-1.68327,-0.25264,0.89236,-0.45034,-0.42280,-0.10398,0.36806,0.99337,1.38543,0.41893,-1.88802,-0.79899,-0.41481,-2.02457,1.16275,0.29695,0.26120,0.11334,-0.53968,-0.70908,0.58970,1.45015,-1.57062,-1.08247,-0.67093,0.80017,-0.65169,1.55690,1.17466,0.45295,0.52878,-0.55748,-1.07375,0.73612,1.23002,-1.62681,-0.59972,-1.01807,0.81156,-0.84031,1.08362,1.24401,0.63117,0.99346,-0.64311,-1.26245,0.41940,1.25095,-1.31036,-0.25141,-1.18003,0.50554,-0.64367,1.81075,1.64379,0.56054,0.37229,-0.47474,0.58160,-0.62809,-2.12162,1.92277,0.03609,0.04174,-0.02435,-0.57482,-0.21016,-0.54570,0.45621,-0.34070,0.72112,0.42735,-0.87004,-1.31606,2.09726,-0.65135,-0.29177,0.23645,0.04689,1.12197,1.07675,0.55708,0.42916,0.48623,0.04472,-1.48805,-0.95272,2.11821,-0.86965,0.06740,1.52306,-0.33630,-0.57462,2.66101,1.03852,-0.51101,1.83546,-0.01617,-1.21035,-0.80945,1.44330,-0.03174,1.00000,1.93386,0.81773,-1.30674,1.53680,0.15176,0.13474,0.55023,-0.48879,-1.24091,-0.14191,0.79489,0.29018,1.17984,1.72191,1.52940,-0.71690,1.00609,-0.77918,-0.99435,1.38743,-0.66639,-1.53106,-0.77037,0.53589,0.64331,0.57444,1.83663,2.39325,-0.72667,1.31631,0.60647,-0.78498,1.30204,-0.70157,-1.41238,-0.28117,0.52801,0.41856,1.39008,0.97382,2.13593,0.88645,0.91704,0.42985,-0.17299,0.76903,-0.73767,-1.25822,-0.08243,0.36365,0.28956,0.85687,0.13344,1.85462,0.63546,1.02642,1.99066,0.25448,1.07403,-0.96426,-1.03357,-0.24198,0.65315,0.95623,0.79775,0.46054,1.47108,-0.58871,-0.39927,-0.06023,0.99484,0.97578,-0.84542,-1.24936,-0.36160,0.13727,0.56844,0.76183,0.95380,2.00832,-0.08132,0.85891,0.31665,1.25144,1.07154,-1.08327,-1.29727,-0.68060,-0.65720,0.97582,0.93526,0.96358,1.63985,0.64461,1.26789,1.06719,1.61591,1.83031,-0.96342,-0.84051,-0.13110,0.60850,1.09487,0.95339,0.76998,1.97805,0.26004,0.41781,0.17715,-0.03536,0.78428,-0.76892,-0.28372,-0.15537,-0.15243,0.54474,0.46495,0.34027,0.10158,0.15718,-1.92051,0.92630,1.36061,0.72609,-1.12877,-0.05160,1.00495,-1.22948,0.41164,-0.10265,-0.60296,-0.17283,1.09327,-0.51884,1.00731,1.43947,-0.70503,-1.35648,-0.62873,0.09814,-0.47312,1.15404,0.86973,0.85243,0.29931,1.40530,-0.44354,0.80177,0.92078,0.49427,-1.41772,-0.40671,0.49138,-0.09853,0.87965,0.05944,1.32686,-0.01006,0.79482,0.24828,0.82972,1.14008,0.15013,-1.58243,-0.79051,0.17548,-0.48607,1.03386,0.93739,1.12926,0.78597,0.96090,0.72138,1.77993,1.50667,1.10471,-1.38615,-0.34590,0.08769,-0.52498,0.96998,0.68888,0.75308,-0.00198,-0.21074,0.77403,0.14956,0.53561,1.80156,-1.37831,-0.36195,0.12083,-0.29794,1.39363,0.56616,0.67414,0.32949,0.19042,0.06478,0.07297,0.55302,0.48587,-1.32382,-0.63268,-0.16152,-0.42832,1.24295,0.53782,0.86804,0.90774,0.88093,-0.14811,0.82658,1.39993,2.15256,-1.41609,-0.31023,0.04058,-0.27509,1.43936,0.94399,0.65806,-0.44180,-0.49090,-0.16584,0.91125,0.33684,1.28552
# [73/100] 'pokedex' OK
pokedex,0.18750,-0.30283,-0.43462,-0.31018,0.86537,0.74644,-0.43508,-0.28315,-0.10179,-0.43941,-0.49840,-0.26392,-0.49730,-0.30189,-0.76153,-0.82240,-0.21282,1.18080,1.30711,1.77393,0.42428,0.46752,-1.15164,0.00835,0.10477,-1.20251,-0.45992,-0.87167,-0.99118,-0.53245,1.36940,0.67506,0.34105,1.48742,1.35806,0.24956,0.80214,0.23576,0.95751,-0.12054,-0.41470,-0.83472,0.31871,1.02285,0.64587,-0.39190,-0.73652,0.33684,-0.18969,-0.71574,0.40597,-0.05077,-0.28230,-0.31643,-0.17991,-0.37638,0.83321,1.08622,0.63631,-0.24252,-1.05100,-0.92251,-1.01062,-0.31275,-0.44195,-0.26917,-0.37298,-0.05077,0.68864,0.79889,0.61959,0.59317,-0.63174,-0.34609,-0.41009,-1.54391,0.02932,0.26695,-0.32614,-0.65708,-0.52741,0.82599,0.68328,0.36156,0.25831,-0.15425,-1.17678,-0.31658,0.00359,-0.06203,-0.51693,-0.34416,-0.76003,-0.33534,0.01489,0.66802,0.58799,-0.17264,-0.08624,0.80144,-0.08417,-0.46856,-0.10906,0.93836,-0.37518,-0.64350,-0.63636,0.06923,0.68421,0.41695,0.48414,0.42888,0.12122,-1.40229,-0.95372,1.62144,1.28558,-0.20276,-0.25341,-0.54403,-0.32710,1.04202,0.59612,0.14217,-0.65891,-1.31038,-0.83696,-0.89542,0.07136,0.62197,-0.38537,-0.42934,0.19767,0.41161,1.13841,0.82903,0.38302,-0.52035,-1.16583,-1.31911,-0.88651,0.92353,0.00147,-0.44984,-0.71041,-0.14923,0.19654,0.65422,0.20696,-0.10162,0.35431,0.65287,0.79573,0.34465,0.55076,0.65846,-0.11340,-0.69098,-1.04024,-1.73837,0.87421,0.92013,-0.35464,0.58969,-0.06171,0.33601,1.58907,0.76306,0.24871,-0.23932,-0.48317,-0.40904,-0.38473,0.93220,0.71123,-0.08568,-0.07435,-0.26958,-0.78015,1.02807,-0.23024,-0.09046,-0.23792,-0.57343,0.40363,1.31703,0.46401,0.28593,-0.76359,-0.08226,-1.15320,-0.06338,-0.49502,0.22052,0.53562,-0.23747,-0.54862,-0.25377,0.08677,0.61216,0.35799,1.00214,-0.50113,-0.90494,-0.82846,-0.48725,-0.11218,-1.11236,-0.48051,-0.74190,-0.70092,0.64139,0.94293,0.97942,0.97783,0.81277,-0.46491,0.18551,-0.18275,-0.80314,-1.80199,-0.39729,-0.29325,-0.36405,-1.22281,0.57137,0.54801,0.50216,-0.14936,-0.44126,-0.01445,-1.08512,0.23483,1.49710,-0.11465,-0.02428,-0.24092,-1.50388,0.62999,0.40068,-0.59320,0.16083,-0.32130,0.35045,-0.96436,0.26738,0.75807,-0.29288,-0.61013,-0.96049,-0.38673,1.12374,0.79737,-0.03564,-0.40576,-0.02529,-0.29076,0.72332,0.60251,0.42471,-0.17371,-0.42980,-0.52844,-0.60824,0.75786,0.64202,0.27274,0.02133,0.73756,-0.36968,-0.89109,0.63091,1.23882,-0.07314,-0.41365,-0.68305,-0.02853,0.69671,0.52090,0.39977,0.75639,0.23011,-0.49983,0.81151,0.41608,-0.52714,-0.16086,-0.51499,-0.63872,0.52689,0.92109,0.90560,0.11734,-0.17115,-0.68936,0.21552,-0.04727,-0.10380,0.19209,-0.06700,-0.52839,-0.73206,-1.07605,0.86129,0.66032,0.04725,0.70582,-0.74454,-0.77591,1.12892,0.39704,0.93724,-0.21999,-0.64695,-0.73628,-1.00801,0.76766,0.78142,-0.20214,0.61929,0.13010,-0.11360,1.17553,1.15219,0.71316,0.04038,-0.47817,0.02079,1.15460,0.67778,0.04455,0.04885,0.26772,-0.53360,-0.15769,0.97044,-0.22124,-0.61640,2.48007,-0.06889,-2.16837,0.47693,-1.42524,-0.79805,-0.07776,0.96020,-0.73739,-0.60068,1.90983,0.26959,0.35438,1.84682,1.62932,-0.34677,-0.15456,-0.76731,-1.14712,-0.86920,-0.38521,-1.66987,-1.60789,0.12460,-1.09739,-1.79604,1.76713,2.14139,-0.83618,-0.69025,-0.16489,-1.19046,-2.48610,-0.01917,1.23304,-2.39969,-0.72533,-1.26916,-2.27419,1.62854,2.06675,-0.72423,-0.51306,-0.91551,-0.67358,-2.31596,-0.52823,1.47111,-2.58601,0.07385,0.49051,-2.78676,1.14691,2.06393,-0.20209,0.30976,-0.44711,-1.70133,-1.55424,-0.87143,1.53360,-2.09062,-1.41270,1.19577,-2.48323,-0.40007,1.59277,1.13860,-0.55756,0.67262,-0.80756,-0.63638,-1.00966,0.46761,-1.29364,-1.98411,1.72930,-1.84098,-1.09938,1.12123,1.38379,-2.77916,0.07832,-1.41434,-0.63387,-0.44546,1.23847,0.31849,1.35897,2.49066,-0.20656,-1.18148,0.98607,1.58629,-1.05644,0.23982,-1.17880,-0.92114,0.22647,1.14087,0.10809,-1.21331,0.58026,-0.49450,1.55798,-1.27729,-1.71640,1.39370,-0.86608,1.27282,-1.91826,0.16272,0.09496,-1.00365,2.47265,0.88697,0.57356,1.34307,-1.12602,-0.28589,-0.66658,-1.11319,1.32907,-0.39354,1.45449,1.63245,-0.59214,1.45151,-0.53731,-1.11308,1.23949,0.80482,2.29288,0.63906,-1.73904,-0.48739,-2.22276,-1.35775,-0.77917,0.67390,-0.33465,-2.03837,-0.39699,1.60404,1.27250,1.62579,0.22499,-2.11181,-1.02880,-1.31376,-1.17162,-1.13729,0.47972,-0.99429,-2.32203,-0.06417,1.18949,1.69327,1.27254,-0.20185,-1.44513,-1.37354,-1.58941,-0.84704,-2.19601,0.90915,0.04970,-2.34760,0.04667,0.08595,1.37389,2.36106,0.40536,-0.92135,-0.91953,-1.13038,-1.29578,-0.81129,0.01235,0.60874,-1.65253,-0.09674,-0.68999,1.37435,2.51399,-0.64108,-0.17616,-0.07097,-0.47368,-1.91929,-0.71183,-0.98188,-0.59189,-0.45442,-0.78767,-0.97635,1.25082,2.34872,-0.38144,-0.06191,-1.12014,-0.49101,-1.41620,0.62893,-0.25618,-0.10558,0.18290,-0.39063,0.85832,0.59477,-0.24981,-0.05418,-0.00470,-0.22039,-1.04711,-0.00419,-1.40940,0.37728,-0.99278,-0.01965,-0.13524,1.42820,1.57180,0.04330,0.53561,-1.17712,-2.09674,-0.71659,0.38217,-2.36157,1.04699,-0.88055,-2.55555,0.26621,1.86413,1.12117,-0.17368,1.00463,-1.83170,-1.86207,-0.15079,-0.86619,-1.16757,1.16816,-0.79998,-2.10132,-0.14622,1.53353,0.97285,-0.62383,0.78829,-1.75407,-1.81192,0.63278,-0.29028,-0.58157,1.15185,-0.95853,-1.52116,0.76316,1.44226,0.76721,-0.32637,1.63368,-2.18357,-1.55282,0.41994,-1.57344,0.68394,0.91011,-0.54301,-0.60457,0.29114,0.56092,0.82624,0.67111,1.71082,-2.16355,-1.48475,0.38148,-2.43747,1.54740,0.48988,-0.16085,0.50493,0.55154,-0.91247,0.66456,1.56110,0.19025,-1.47001,-1.64899,0.95290,-0.54683,2.23775,1.24890,-0.90923,-0.05926,0.80890,-1.29430,0.53200,1.28855,-0.78305,-0.55859,-1.40775,1.24787,-1.07865,1.65894,1.29639,-0.19095,0.91587,0.17347,-1.60221,0.31185,1.23689,-1.14665,-0.45204,-0.75581,0.63847,-0.43819,1.40132,1.75711,0.35546,-0.18199,-0.10334,0.45735,-0.81636,-1.67676,3.33194,-1.16062,-0.15216,0.92327,-0.24462,0.44058,1.17696,0.08005,0.64205,-0.81682,-0.21461,-1.10858,-0.46711,2.22807,-1.01657,0.10087,2.14925,0.59521,0.46290,1.41367,-1.04545,-0.45245,-0.30869,-0.71963,-1.20917,0.20291,1.34017,-0.50024,0.58989,1.09806,0.16044,-0.07243,1.76544,0.44694,-0.01276,1.10778,-0.85901,-1.23725,-0.05281,-0.85314,0.18779,0.81498,0.60821,1.34400,0.32044,1.45308,0.39113,-0.14933,1.67233,-1.17690,-1.10229,0.04429,-1.44437,0.36616,0.70042,1.80163,2.06762,0.39365,1.47302,1.02172,1.09837,1.24043,-1.12475,-1.10679,-0.12464,-0.51777,0.60587,0.97038,0.99516,2.55086,0.93827,0.78667,-0.27985,0.23687,1.34607,-1.33032,-1.11276,0.60774,0.62996,0.37803,0.69497,0.64580,1.28292,0.04287,1.22864,1.66011,1.10433,1.06633,-1.35630,-1.43691,-0.01229,0.20335,0.79756,1.53135,1.10107,1.44538,-0.35708,-0.22261,1.98168,1.06577,1.49698,-1.46140,-0.96539,0.15194,-0.33574,0.35030,1.15388,1.51127,2.25651,0.62407,0.54868,1.88735,-0.73714,-0.71091,-1.53750,-0.69423,-0.17242,-0.80569,0.97735,1.11189,0.99070,1.92669,-0.27483,0.67405,0.78892,0.31072,0.77579
# [74/100] 'pokedex' OK
pokedex,0.10649,-0.19792,-0.11280,0.16378,0.64631,0.34299,-0.23479,-0.97510,-0.21277,-0.58410,0.57407,-0.07001,0.35331,-0.30637,-0.55257,-0.34145,0.46032,0.62585,0.72193,0.00721,-0.48242,0.43528,-0.86526,-0.87836,0.28217,-0.21234,-0.42082,-0.89474,-0.05860,0.34318,1.09346,0.70667,-0.31986,-0.13278,0.06863,0.06341,-0.66975,0.75904,-0.21705,-0.43784,-0.59866,-0.18139,-0.01253,0.97745,1.15144,0.52301,1.08662,0.18024,-0.96751,-0.90830,-1.53321,0.06476,-0.67486,-1.03899,-0.19474,-0.04467,0.62502,0.92606,0.96773,0.12533,-0.09245,-0.29056,-0.42653,1.57977,2.11175,-0.56454,-0.72123,0.63398,-0.12631,0.82254,0.72981,0.27051,1.59970,-0.32994,-0.25691,0.05437,0.09724,-0.49401,-0.31068,-0.32795,0.13657,0.20916,0.74070,1.06169,-0.11642,-0.80971,-0.70457,-0.29289,-0.37290,1.62638,0.22115,-0.15115,-0.37628,-0.56432,-1.60260,-0.04545,0.45963,0.07977,-0.37842,0.35811,-1.02956,0.72394,0.04353,1.20453,0.03101,-0.98397,-2.15895,2.26501,1.37559,-0.56510,1.75153,1.45094,-0.59695,-0.26229,1.48666,0.33585,-0.64034,-0.27768,-0.52644,-0.24198,0.09613,0.40804,0.27619,0.55883,-0.19715,0.13136,-0.44568,0.47365,0.21932,-0.50623,-0.12181,-0.54666,-0.56037,-0.79504,0.52746,0.73369,0.30560,-0.78509,0.77802,0.04702,-0.33704,1.00978,0.24497,-0.44473,-0.68371,-0.63530,-0.11529,0.53605,0.64360,0.62504,0.66163,-0.15854,-0.17883,0.77277,0.88963,1.37845,-0.28744,-0.44740,-0.48335,-0.65954,0.43751,0.19977,1.27321,0.91300,0.65136,-0.03927,0.67864,0.93324,0.30312,-0.34615,-0.66485,-0.56758,-0.57500,0.66116,1.15506,0.19851,-0.74126,-0.61437,-0.38558,2.09459,0.73252,0.40764,-0.34286,-0.60150,-0.07877,0.13944,1.08489,0.80428,0.54782,0.10921,-0.52721,-0.46184,0.32670,0.70982,0.61802,-0.33397,-0.53340,-0.36490,-0.55506,0.60716,0.81370,0.99656,1.14704,0.69764,0.16250,-0.86733,-0.58310,0.11271,-0.53633,-0.66243,0.25240,-0.56961,0.67266,1.27491,1.85560,1.14445,-0.31861,-0.48483,-0.41480,-0.20321,-1.15618,-0.25515,-0.42097,-0.51124,-0.62383,0.63618,0.96232,0.74407,-0.47411,-1.05701,-0.93575,-1.16226,0.13007,1.52740,-0.47568,-0.52881,-0.27372,0.53373,0.83225,0.38001,-0.36903,-2.12460,-0.42832,0.81824,0.68011,0.52511,0.22891,-0.14218,-0.46142,-0.51602,0.23773,0.57271,0.55888,-0.38461,0.28658,-0.31710,0.32055,-0.06170,-0.20353,-0.02525,-0.54017,-0.59898,-0.35257,0.13013,1.10587,1.04488,-0.29116,-0.02293,0.67397,-0.12527,-0.58772,0.34648,0.16554,-0.37765,-0.72959,-0.72444,0.00637,0.77477,0.54338,0.41652,0.13254,1.21850,-1.17167,-0.25821,1.01211,0.19326,-0.44113,-0.68108,-0.31452,-0.37440,0.09242,0.25056,-0.28289,-0.14008,-0.60727,-0.22551,1.35780,0.63186,0.51559,-0.44654,-0.44264,-0.01315,0.42266,0.79240,1.03369,0.14008,0.21280,-0.22627,-0.20004,0.95315,-0.68421,-0.87782,-0.51472,-0.93285,-0.16278,0.17461,0.88948,0.21724,0.10641,1.03626,-0.23568,0.00675,1.08120,0.76886,0.85937,-0.41685,-0.70218,-0.14257,1.20665,1.21835,0.65190,0.07611,-0.86422,-1.31878,-0.35637,-0.30033,-0.85036,0.79918,-0.35266,-0.64799,-0.41006,0.20791,0.48108,1.14166,-0.13271,0.95494,1.39814,0.75898,-0.09230,-0.23095,0.05363,-0.28092,-1.17615,-0.71408,0.97626,0.87701,0.90450,-0.17517,0.30766,0.83179,-0.26675,-0.39989,1.38284,1.28792,-0.12602,-0.84463,-0.80865,-0.35976,0.64820,1.01787,0.13363,1.15828,1.21966,-0.35796,0.60986,0.79224,0.38012,-0.51758,-0.81883,-0.33481,0.21612,1.04818,1.37029,0.56741,0.56033,-0.06552,0.17987,-1.89030,-0.06145,-0.48211,-0.40355,-0.60011,-0.02119,0.34500,0.32323,0.85726,0.40131,-0.37856,-0.05064,-0.82712,0.11494,1.04764,0.51180,1.02360,-0.22462,-1.93290,-0.20967,0.74059,0.09402,0.34311,1.93295,0.09438,-0.35739,1.35834,-0.09869,-0.68839,2.41042,0.20362,-1.69281,0.29237,0.25167,-0.34752,-0.93974,1.61582,-1.38012,-1.78152,0.91111,-0.29792,-2.03567,2.34730,1.68579,-1.30877,-0.23541,-0.48173,-1.56389,-2.25096,-0.68351,1.30806,-1.92395,-0.89474,-0.20601,-2.13668,2.08955,1.81353,-1.61451,-0.42415,-0.34689,-1.68747,-1.97409,-0.26214,2.08002,-2.43726,-0.51919,-0.24301,-2.19841,1.38878,2.12181,-0.91305,-1.20211,-0.01037,-1.77861,-1.71673,-0.19902,0.77662,-1.84723,0.34420,-0.20370,-2.85459,0.27374,2.00967,0.40462,-0.76462,0.25695,-1.44859,-1.74372,-1.50992,0.49442,-0.96215,-0.18341,0.52867,-2.13553,-1.03938,1.42561,1.29019,-1.65040,0.69444,-1.10981,-0.71046,-0.45662,0.33563,-0.50499,0.30464,1.14299,-0.63037,-1.34421,1.05411,1.07413,-2.32136,0.42753,-1.12868,-1.36984,-0.23848,1.86764,0.48801,1.11276,1.57670,-0.89253,-0.28909,-0.39672,0.55145,1.61850,-1.24304,0.47137,-1.17715,-0.13874,1.30141,-0.10862,0.65638,-0.02044,-0.18926,1.21046,-1.18921,-0.87952,-0.02157,-1.78699,0.85499,-1.29024,0.92575,0.35716,-0.51988,2.32986,2.37627,1.43033,0.13218,-1.08652,1.29214,-0.29095,-0.78304,1.82792,-0.70183,1.26177,-0.58274,0.55288,-0.47931,-0.80408,0.57539,1.42500,0.94671,1.73564,0.20911,-2.12613,-1.11968,-1.26996,-1.42196,-1.28107,0.75548,-1.45017,-0.88215,-0.04971,1.76963,1.16679,1.21288,0.06431,-2.21688,-1.09390,-1.30581,0.18212,-1.77032,0.66190,-2.02359,-1.55623,-0.43265,1.60158,1.25968,0.56476,1.08530,-2.02813,-1.46748,-0.87101,-0.63412,-0.95387,0.27007,-1.26568,-1.63212,-0.16179,0.58041,1.51035,1.65689,0.35683,-1.02468,-1.91238,-1.35045,-1.03797,-2.33407,0.66244,0.13947,-1.40884,0.34699,-0.79093,1.47690,2.07637,-0.36090,-0.16358,-0.44973,0.46690,-0.51150,-0.67792,-0.74879,-2.17942,-2.20158,-0.48347,-0.98856,1.40404,2.42056,-0.16793,-0.05957,-0.67556,-0.22748,-1.51381,-1.38068,-0.04939,-1.88081,-0.84388,-0.75926,-1.10129,1.18447,1.90967,-0.22948,-0.02053,-0.35062,0.43078,-0.86347,-0.78595,-0.80477,-1.57100,-1.25933,0.23206,0.62330,1.21749,0.75073,0.10779,-0.85257,-1.83318,-0.64955,0.16178,-1.62243,1.24545,-0.12047,-1.54279,0.38456,2.04702,1.11756,0.02109,0.48817,-2.12521,-1.46491,-0.47898,-0.77537,-1.71284,1.54018,-0.83821,-2.33848,0.09823,1.80625,1.10928,0.04846,-0.20933,-2.17605,-1.12133,0.42061,-1.65802,-1.21067,2.08072,-1.43655,-1.74081,-0.46997,1.56481,1.06000,0.19064,-0.03466,-2.15873,-0.85322,0.24306,-1.07765,-0.65524,0.92368,-0.58334,-1.70801,-0.17014,0.72521,1.12745,0.95940,-0.17928,-1.53970,-0.98800,-0.97698,-1.01562,-0.11430,0.27128,1.00733,-0.50198,-0.48743,-0.86538,0.99327,1.40099,-0.72891,-1.16975,-0.74650,0.31562,-2.01889,0.66978,1.79476,0.71300,0.17870,-0.13997,-1.70645,0.77683,1.39710,-2.88704,-0.71140,-0.96597,0.86399,0.06702,2.28388,2.87633,0.45820,0.76399,1.03153,-1.96030,0.58737,1.39852,-2.16241,0.06182,-0.88083,0.56689,0.20766,2.02297,1.13261,0.43374,-0.12821,-0.13496,-1.84146,-0.18369,0.11858,0.94234,0.45543,-1.34183,0.44538,1.66350,1.11981,0.82228,1.33926,-0.00928,0.20191,0.48598,-1.08502,-1.94289,2.05502,-0.17185,-0.47739,1.30974,2.59721,0.16668,0.66529,0.70991,0.51869,-0.26643,-0.42971,-1.57027,-0.84310,2.59517,-0.86602,0.66987,2.65725,0.51927,0.63143,1.93427,1.05597,0.71912,1.31332,-0.43798,-1.57131,-0.52590,2.54466,-0.91415,0.51818,2.70186,0.50104,0.17163,2.02252,0.19699,0.38695,2.77110
# [75/100] 'pokedex' OK
pokedex,0.08035,-0.17950,-0.29554,-0.02346,0.45256,0.64859,0.37966,-0.09504,-0.06390,-0.92704,-0.56232,0.18750,0.14273,-0.33974,-0.48516,-0.68666,-0.89212,0.69227,0.61896,0.79364,0.83701,1.73970,-0.08938,-0.08836,0.07146,-0.18197,-0.49981,-0.71271,-0.61509,0.08419,0.86856,1.22669,0.84703,-1.91462,-0.05105,0.52778,1.07419,0.51517,0.83214,-0.30341,-0.52329,-0.03480,0.71570,0.81253,0.66567,-0.60281,0.20128,0.22566,-0.45326,1.89333,0.54688,-0.92866,-0.40323,-0.48515,-0.50861,-0.45212,1.24734,0.91127,0.14432,-0.40575,0.61879,0.46012,0.26587,1.04921,-0.23669,-0.29041,-0.60654,-0.99624,-0.52623,0.95490,0.76910,0.28717,-0.05426,0.69389,-0.09050,1.83023,0.47679,0.59150,-0.33158,-0.66685,-0.45190,0.19688,0.64490,0.69906,-0.13306,-0.28338,0.45525,-0.02826,-0.78662,0.05837,0.71341,-0.20860,-0.51528,-0.51407,-0.11290,0.53824,0.43579,0.68082,-0.40948,0.76757,-0.23625,1.61630,1.41434,-1.08375,-0.33463,-0.42069,-0.33616,-0.36722,0.56022,-0.00811,1.02049,-0.60121,0.10264,-0.48499,0.15252,0.75606,0.07786,-0.36520,-0.73598,-0.18326,-0.16371,0.60466,1.11388,0.68949,0.66653,-0.22532,-1.49055,-0.62262,1.78765,1.13060,-0.19792,-0.32690,-0.32981,-0.41801,0.70557,0.51681,-0.16794,-0.26863,-0.58829,-0.06590,0.61379,-0.31738,0.49505,-0.27027,-0.57953,-0.08901,0.05468,0.07335,1.18153,1.10752,0.19191,-0.53361,-0.80081,0.65373,0.12962,0.25155,-0.34562,-0.54903,-0.00675,-0.13601,0.74172,1.14229,-0.07390,-0.72052,-0.63222,-0.64425,0.59670,0.47921,-0.11346,-0.28898,-0.62148,-0.38974,-0.45914,1.05641,0.82287,-0.53448,-1.27312,-1.21028,-0.27913,-0.80469,1.77839,1.72300,-0.16551,-0.44706,-0.36444,0.34567,0.88601,0.90187,0.72587,-1.66950,-0.58751,-0.97475,-0.20317,0.52311,0.18126,-0.31299,-0.69249,-0.77737,0.10551,1.10068,0.80859,1.33514,-0.01775,0.71368,-0.45508,0.62959,0.56835,-0.44753,-0.40563,-0.65092,-0.24626,-0.70631,0.61033,0.85927,0.18718,0.04166,0.78040,-0.13935,-0.31746,-0.00264,0.73746,-0.29263,-0.69160,-0.16412,-0.36870,-0.02482,0.48916,-0.50706,1.31905,0.18958,-0.20757,-0.26075,0.16881,0.82165,-0.39724,-0.66532,-0.47487,0.27564,0.78089,0.58942,-0.30019,-0.89059,0.70876,0.12615,1.28038,1.15800,1.63035,-0.27819,-0.44369,-0.71261,0.29961,0.68317,0.44116,0.04419,-1.19093,-1.47688,0.16242,0.96885,1.36914,0.84495,-0.26111,-0.47223,-0.50608,-0.01074,1.01612,0.54242,-0.53480,-0.62928,0.03592,-0.07919,0.46037,0.20825,-0.60521,-0.40335,-0.62241,-0.65618,0.71251,0.99829,0.74448,-0.22146,0.96074,0.47973,-0.10047,0.90028,0.31074,0.22970,-0.19326,-0.68168,-0.72040,-0.49446,1.04097,1.36688,0.08555,0.13178,0.67571,-0.13758,-0.58832,-0.58482,-0.07318,-0.20792,-0.43241,-0.56428,-0.12336,0.79858,0.83650,0.47094,0.26108,-1.10287,-0.00594,1.27101,-0.06249,0.13922,-0.11431,-0.60991,-0.42741,0.51755,0.83441,0.79534,0.30938,-0.56568,0.11121,-0.25001,-0.81616,0.22729,0.21188,-0.06610,-0.69981,-0.51113,-0.54133,0.56391,1.16015,0.36261,0.76995,-1.36521,-0.47277,-0.73326,0.10542,0.26949,-0.35007,-0.74992,-0.63619,-0.86080,1.14743,0.51288,0.49602,0.73246,-0.71009,0.37625,0.87195,0.49619,0.17186,0.28693,-0.51635,-1.08097,0.01295,0.58307,0.42334,0.56374,1.76780,0.41689,-0.47174,-0.80989,-0.86189,0.16075,2.77904,-0.27957,-2.16089,0.08736,-1.03861,-0.45094,-1.17051,2.67772,0.78821,-1.07959,-1.39964,-1.19018,0.80654,2.11211,1.31161,-1.28756,0.00145,-0.15861,-0.81471,-2.09974,-0.01821,-0.06316,-1.80300,0.31837,-1.29126,-0.78976,2.21785,1.63476,-1.04541,-1.06655,-0.40860,-0.95427,-2.75188,0.65547,0.59380,-2.32123,-0.07703,-1.42903,-1.37925,1.51038,1.92187,-0.67316,-1.38897,-0.08144,-1.64286,-1.55137,1.16723,0.46906,-2.13691,-0.16653,-1.21027,-2.32648,1.09261,1.99585,-0.14935,-0.72196,0.00980,-1.87158,-2.18786,0.57887,0.14754,-1.58768,0.56417,-1.11953,-2.11342,0.05705,1.83271,1.02446,-0.36125,0.57501,-2.31337,-1.70315,0.72369,0.55967,-1.37404,0.16536,-0.39682,-2.01490,-0.95212,1.40383,1.55209,-0.68720,0.68047,-1.19344,-1.37130,1.18158,0.58867,-0.84898,0.57245,0.32819,-2.42569,-1.48641,1.20604,1.70894,-1.55834,0.54749,-0.89039,-0.98027,1.28674,0.66873,0.21934,-0.58845,0.38322,-0.87929,0.76478,-1.04693,-0.54036,2.73529,-1.52429,1.40091,-1.35431,-0.95927,0.82188,-1.15660,1.28114,0.59148,-0.23036,0.35959,-1.45607,0.80398,1.26218,-0.99562,1.08381,-1.26662,-0.60288,0.87079,-0.62225,1.48270,1.17377,0.03929,0.33260,-0.21204,2.15416,1.04511,-1.09669,0.34692,-1.47420,1.02524,-0.72629,-0.47455,-0.61627,-0.49039,-1.20306,2.01279,0.96365,0.79725,-0.12931,-2.22635,-1.17882,-0.50961,-0.76025,-0.75445,-0.07162,-1.67527,-1.49986,-0.38854,1.91482,1.02464,0.43905,0.36014,-2.22832,-1.12025,-1.10836,0.23177,-1.55580,1.07152,-2.29311,-2.07873,-0.35850,1.26301,1.30533,0.51705,0.73081,-1.49564,-2.05914,-0.39153,-1.35362,-1.85037,0.65552,0.68292,-1.76267,0.33931,-0.22364,1.33646,1.72338,0.44457,-0.99055,-1.02769,0.96621,-1.08930,-1.52756,-0.07847,-0.27344,-1.74632,-1.39318,-0.67052,1.19526,2.37028,0.04593,-0.59314,-0.43489,0.14498,-0.90644,-1.19291,-0.05768,-3.10977,-1.07981,0.09162,-1.07346,1.39938,2.42776,-0.68837,0.21238,-1.03567,-0.03801,-1.37803,-1.24517,-0.60345,0.09282,-0.44806,-1.08107,-0.12460,1.02694,0.50371,-1.40788,-0.04785,-0.32817,0.81805,0.13634,-1.76757,0.48550,-0.03865,-0.79975,-0.18599,1.24056,1.28093,0.19963,-0.01141,-1.36538,-1.80601,-0.22747,-0.34160,-1.55912,1.65103,-1.38002,-1.95291,0.40430,1.78870,1.31303,-0.42909,-0.41225,-2.09617,-0.86968,-0.47715,-1.23444,-1.35144,1.77642,-0.79828,-2.20344,-0.48889,1.58631,1.06504,-0.08357,-0.84229,-1.83825,-1.09890,-0.12877,1.03578,-1.96796,1.28070,-1.44283,-1.36159,0.57824,1.28196,1.16445,0.16244,-0.49863,-1.96245,-0.93232,-0.10205,-0.62955,-0.38708,0.24010,-0.24993,-0.68736,-0.17489,0.24064,1.21854,1.47358,-0.15495,-2.03923,-1.02207,-0.56323,-1.55933,1.06015,0.25773,0.35885,0.74505,-0.74162,-1.07086,0.83829,1.89919,-1.50216,-1.29308,-0.72159,1.54129,0.42523,1.01699,0.86610,0.04535,0.62618,-0.49952,-1.42411,0.51429,1.90957,-1.38325,-0.77343,-1.39797,0.93468,0.91486,2.85189,1.39408,-0.85637,-0.15606,-0.39873,-1.88962,0.41439,1.65161,-1.60007,-0.10238,-1.05386,0.65877,0.25787,1.21053,0.98066,0.74470,0.83113,-0.48607,-0.58580,-0.66488,-1.15650,3.75306,-0.35692,-1.13699,0.97212,-1.18134,1.90435,0.29900,-0.75770,1.14895,1.13075,-0.34365,-1.25940,-1.70319,2.65765,-0.44968,0.25821,1.80724,0.58983,0.67786,0.80969,-1.35379,1.04207,1.76963,-0.40384,-1.60234,-0.48253,2.04582,-0.55586,0.62181,1.51096,-1.21585,0.02745,1.69218,-0.93276,0.49230,1.67061,-1.03396,-1.17727,-0.21172,0.48859,0.36584,0.37385,1.17279,0.31905,0.55015,1.80101,1.08994,1.25730,2.04142,-1.55014,-1.40984,0.06695,1.28941,0.70700,0.37259,0.99160,-0.23448,-0.42467,2.10639,0.86020,1.43616,2.11789,-1.45514,-1.23836,0.22163,0.47826,0.93736,1.12198,1.10163,0.43224,1.11165,2.14743,1.15643,0.62426,0.08203,-1.00645,-1.23675,-0.40341,0.32498,0.71090,0.55961,1.38199,2.93353,0.28601,1.71365,0.10890,-0.33274,0.80166
# [76/100] 'pokedex' OK
pokedex,0.02087,-0.26456,-0.65648,-0.05694,0.83850,0.47382,0.24157,-0.46779,-0.12671,-0.19459,-0.84757,0.06232,-0.07103,-0.18471,-0.37185,-0.72819,-0.48380,1.05804,0.87242,1.07789,0.40206,-0.11061,-0.20931,-0.02631,0.47881,-1.11930,-0.19874,-0.62825,-0.69459,-1.46601,0.51920,1.50766,0.61128,-0.39386,0.56227,0.15365,-0.50622,1.20164,0.77710,-0.42445,-0.56662,-0.46777,-0.91686,1.12094,0.79689,0.29993,-0.03850,0.26583,-0.20219,1.60000,0.56019,-0.43737,-0.30479,-0.67061,-0.72541,-0.37709,0.35670,0.68351,0.38031,-0.72505,0.32270,-0.27612,1.97834,1.56544,1.20958,-0.40372,-0.75407,-0.96222,0.68032,1.29933,0.82497,0.91766,1.25746,-0.27238,-0.15965,-1.21528,-0.00550,0.33329,-0.32936,-0.50955,-0.36276,0.30947,1.03181,1.25431,0.37181,0.20394,-0.99913,-0.55035,-0.43819,0.15628,0.22815,-0.24232,-0.68892,-0.68651,0.39179,0.62849,1.21181,1.00563,0.14008,-0.37925,-0.15437,0.68404,0.24480,-0.19760,-0.29689,-0.58459,-0.78754,-1.64160,0.59072,0.66081,0.54203,0.12618,0.47503,0.28753,0.64304,1.43604,2.08644,-0.32576,-0.47186,0.32949,-0.00091,0.08595,0.46144,-0.13817,-0.30351,0.57418,-0.34979,0.16314,0.64418,0.25515,-0.24265,-0.24979,-0.02034,-0.35430,1.31575,1.00296,-0.01261,-1.59016,-0.81097,-1.06502,-1.21325,-0.23222,-0.02665,-0.40656,-0.34603,-0.13457,0.44422,0.87473,0.66326,-0.59314,-1.43214,0.12993,-0.35857,0.66491,0.60213,0.15571,-0.25682,-0.64552,-0.64434,-0.02868,0.66707,1.68404,0.84238,0.99246,0.25100,-0.42939,-0.90809,-0.73995,-0.03271,-0.01652,-0.35292,-0.40231,0.09844,1.12016,0.85883,0.08095,-0.25287,-0.72231,-0.64306,-0.55650,-0.84714,-0.15003,-0.33043,-0.36682,-0.07731,0.03510,0.89051,1.03543,0.95506,0.42584,0.10092,-1.34655,-0.84045,-0.68060,-1.56345,-0.06203,-0.50440,-0.25520,0.48706,1.23225,0.87537,-0.14204,-0.41072,-0.75840,-1.48330,-1.34447,0.66481,1.04587,-0.24958,-0.59596,-0.56792,0.66071,0.76142,0.58269,0.33998,-0.65834,0.08992,-0.40335,-0.68074,-0.11432,-0.18254,-0.24808,-0.54653,-0.36921,-0.91574,0.64167,0.96395,0.27192,-0.81883,-0.23778,-0.62014,0.42037,1.23321,0.96542,-0.08110,-0.55678,-0.48396,0.06313,0.80232,0.63284,-0.35908,-1.18006,0.58781,0.16738,1.86009,1.66926,-0.73212,-0.24171,-0.74646,-1.07299,-0.65053,0.66576,0.23628,0.39900,0.34180,-0.21383,0.68683,1.54972,1.64105,0.98786,-0.17890,-0.40976,-0.28357,-0.41287,0.37194,0.31189,-0.39916,-0.14860,-0.23823,-0.69724,-1.26973,0.85637,0.74221,0.34763,-0.47467,-1.23704,0.08648,0.63379,-0.00911,0.07837,0.13763,-0.01860,-0.27481,-0.16062,1.15951,-0.29155,2.51577,-0.18699,-2.87632,1.26928,-0.27566,-0.31477,-0.80792,1.17594,-0.18255,-1.36641,0.09687,-0.16685,-0.13253,1.88662,1.64641,-1.09759,-0.73713,-0.27078,-0.73328,-2.13423,-0.40240,0.52644,-2.12926,-0.81341,-0.88199,-1.83495,1.94234,1.72317,-1.18803,-1.52657,-0.09697,-0.98745,-1.98960,-0.65807,0.97395,-1.95746,-0.71649,-0.95085,-1.85258,1.62745,1.69227,-0.51682,-1.48172,-0.34263,-1.41741,-1.59305,-0.13024,0.46234,-2.21433,0.23391,-0.26875,-2.21682,0.92823,1.99035,-0.07824,-0.77488,-0.07494,-1.77221,-1.61916,-0.81714,0.52869,-2.05936,0.13046,0.39387,-2.93522,-0.51983,1.41877,1.35989,0.08337,0.97018,-1.91447,-1.43608,-0.06368,0.31311,-1.40832,0.17468,1.13302,-0.23788,-1.11137,1.10544,1.30222,-2.46374,0.38635,-1.08143,-0.51791,-0.21403,0.64543,-0.42384,2.42268,1.02817,-0.67920,-1.07915,0.45417,1.01071,-0.66490,-0.08286,-1.15191,-0.13036,-1.00389,1.78079,0.44869,0.03889,0.80633,-0.13304,1.33695,-0.94431,-1.39374,1.39245,-0.95366,0.90013,-1.26466,0.29699,-0.02361,-0.59587,1.19956,1.52830,0.31429,0.59980,-0.90883,0.57026,0.58804,-0.60040,0.48041,-2.21841,1.85607,0.56646,-0.15204,2.02556,0.36927,-1.13997,0.54045,-0.19379,2.09334,0.93039,-0.96876,0.01696,-2.39937,0.93393,-0.35716,-0.40691,-1.16927,-0.75256,-1.02176,1.60982,1.11515,1.00783,0.23523,-2.04863,-0.73728,-0.87093,-0.80127,-0.98255,-0.59065,-1.10587,-1.89118,-1.01523,1.56703,1.23980,0.85899,0.50161,-2.28178,-1.12965,-0.32203,-0.45847,-2.25509,0.67301,-1.21392,-2.08177,-0.48662,1.25445,1.37774,0.60154,-0.22574,-1.23371,-1.88531,-0.44594,-0.99741,-2.21435,1.20026,-0.37984,-2.14589,0.23078,0.05048,1.46538,1.35288,-0.35687,-0.32783,-1.45266,-0.33713,-0.50732,-1.78069,0.32007,0.25547,-2.32010,-0.07542,-0.75924,1.40031,2.50994,-1.37226,0.26401,-1.08903,-0.80885,-1.20172,-1.00680,-0.37727,-0.24614,-0.63756,-0.99309,-1.15000,1.27548,2.22287,-0.61892,0.18554,-0.74185,0.08466,-0.60038,-1.02848,-0.42053,-1.29477,-0.91960,-0.65780,0.09662,0.99842,0.44423,0.18292,-0.06161,-0.83462,-0.30009,-2.23778,-1.22141,0.48857,0.55520,-0.43987,0.90084,1.32424,1.14122,0.50682,-0.01365,-1.15470,-1.62031,-1.06514,0.25341,-2.07125,0.94276,-0.42749,-2.29514,0.12290,1.76790,1.21234,-0.30697,-0.31069,-1.57174,-1.09752,-0.64828,-0.79500,-1.66508,1.11477,-0.47967,-2.15361,-0.52897,1.49157,1.18763,-0.48614,-0.30302,-1.40871,-1.75579,0.64635,0.42348,-1.77419,0.96624,-1.71375,-0.94213,0.44593,1.46877,1.03376,-0.18327,0.13614,-1.74776,-1.12861,0.10031,0.06114,-1.32949,0.41472,-0.87517,-0.77656,0.01949,1.09255,1.10181,0.66670,-0.71600,-1.53682,-1.00305,-0.77602,-0.92942,-0.40432,-0.20384,0.80700,0.01502,-0.66711,0.24279,1.14916,1.55916,-0.36987,-1.98054,-0.58353,-0.41773,-2.05290,0.87873,-0.30105,0.67923,0.33392,-0.95088,-1.00087,0.94669,1.72310,-1.46717,-1.22205,-0.62472,0.52675,-0.18350,1.59350,0.12331,-1.55219,-0.38762,0.27170,-1.34907,0.18668,1.31892,0.11055,-1.50268,-0.88618,1.24810,0.67087,2.42320,1.06735,0.60387,0.13120,-0.13136,-1.76114,0.38473,1.67405,-1.91117,0.32605,-0.79503,0.38347,-0.31980,1.37173,0.58617,0.14215,0.18147,0.46690,-1.06581,-0.55920,0.48823,1.59550,0.09125,-0.52185,0.31801,-1.22201,0.70756,0.23459,0.39330,0.62569,0.52153,0.52262,-0.91530,-1.47214,2.15619,-1.42652,0.58095,0.48325,0.81509,1.28212,0.54996,0.60181,0.77005,1.18448,0.10281,-1.28266,-0.03232,2.48428,-1.46983,0.31747,0.63349,1.29915,1.46218,1.54844,-0.09171,0.41894,0.55139,-0.49898,-1.65948,0.04522,2.88786,-1.23444,0.18808,1.93300,0.75654,1.38558,2.71117,-1.69445,0.10647,2.88778,-0.74853,-1.08515,-0.05117,0.95951,0.05866,0.98399,0.61097,0.99099,0.39091,1.51613,-0.24310,-0.18491,1.17360,-1.18065,-1.24966,0.16914,0.31831,0.73361,1.23406,0.58016,-0.07465,1.03554,1.02948,-1.12933,0.27773,1.88455,-1.10757,-1.21808,-0.15340,0.12122,0.60126,0.60417,0.91605,1.12435,0.13640,1.37637,0.68201,0.50597,0.53222,-1.19933,-1.13674,-0.23271,1.08379,0.86175,0.16419,1.74226,1.09227,0.45324,1.90246,1.44305,-0.42572,0.19563,-1.50531,-1.61554,-0.43697,0.44492,0.99643,1.52268,2.30305,2.59611,1.23079,0.96233,0.43265,-0.56721,0.60542,-1.10057,-1.17997,-0.55893,0.63816,0.84466,0.96281,1.80395,2.04752,0.25763,0.22756,0.38653,1.01725,0.50312,-1.12824,-1.01334,-0.53660,0.43815,0.99825,0.94304,0.99447,2.30315,-0.00005,1.05374,1.09334,0.32991,0.96760,-1.04690,-0.79135,-0.59393,0.80502,1.05092,0.77488,0.02296,1.36703,-0.58066,1.27145,1.19209,-0.33901,-0.07220
# [77/100] 'pokedex' OK
pokedex,0.07809,-0.35072,-0.28692,0.19371,0.83512,0.69912,-0.31737,-0.72344,0.55184,-0.42741,-0.68464,-0.41658,-0.24047,-0.05661,-0.59207,-0.64773,0.06683,0.86643,0.93191,-0.23633,-0.93845,-0.03662,-0.26090,-0.72927,0.88306,0.07440,-0.00854,-0.49416,-0.29178,-0.21898,0.45400,0.62609,-0.07545,-0.54200,0.02043,-0.54046,0.77680,0.29115,0.14137,-0.15485,-0.49938,-0.14193,0.16426,0.65671,1.11420,-0.68847,-0.64170,0.03558,-0.21115,0.65879,0.81475,0.00498,0.03815,-0.43501,-0.34042,0.12685,0.81137,1.13853,0.54223,-0.11274,-0.25825,-0.25881,-1.36369,-0.40037,-0.02005,-0.04511,-0.68636,-0.87196,-0.72304,0.73697,0.54600,0.62157,0.37749,-0.05871,0.45451,0.62830,1.58503,0.77670,-0.04221,-0.39064,-0.55045,-0.39896,0.66755,0.88460,0.66525,0.08610,0.62186,0.17546,-0.33336,0.33576,-0.19445,-0.09367,-0.59221,-0.39246,-0.09963,0.79921,0.84205,0.49707,-1.06940,-0.82707,-0.88232,-1.22498,1.04327,0.31642,0.03530,-0.55305,-0.34132,-0.85659,0.44780,0.53649,0.51816,0.10413,-0.68683,-0.08262,-0.83085,0.87565,0.63706,0.06932,-0.47223,-0.54409,-0.76416,0.61671,0.90648,0.61701,-1.03379,-0.83487,-0.92424,-0.86539,0.45364,0.81591,-0.08624,-0.44787,-0.62458,0.26043,0.74099,0.68448,0.82454,0.26398,-0.05268,-1.48826,-0.60613,0.52300,-0.40266,-0.02327,-0.43341,-0.34831,-0.28540,0.67140,0.81784,0.13251,-1.95862,-0.87530,-0.20596,0.15663,0.61289,0.56009,0.00723,-0.75330,-0.63488,0.24294,0.91477,1.32274,-0.03457,-0.24964,0.37970,-0.85804,-0.27124,-0.18670,0.06156,-0.08174,-0.53859,-0.37117,0.28571,0.60366,0.89316,-0.04760,-0.23083,-0.12136,-0.41418,-0.39120,0.12836,0.92487,0.00103,-0.59941,-0.37264,0.11008,0.32408,0.73319,-0.52020,0.40219,0.63577,-0.87741,-0.58438,-0.17834,0.21346,0.02269,-0.87582,-0.36516,-0.15753,0.39362,1.02809,-0.09019,0.02433,0.24001,-0.79681,-1.20394,1.47219,0.72531,-0.01571,-0.63331,-0.84493,-0.74576,0.83799,1.03718,0.34939,0.07067,-0.27497,-1.26696,0.02862,1.45406,1.03329,1.64771,-0.42428,-1.72688,1.28022,0.29734,0.25519,-0.28379,-0.35469,-1.01932,-1.03663,0.50898,-0.76822,-0.16651,2.33855,0.52069,-1.19355,0.47969,-0.38733,-0.75344,-1.16205,0.43498,-0.98147,-1.20535,-0.02653,-1.70168,-1.03681,1.94154,2.14170,-1.30827,-1.59274,-0.27733,-0.75817,-2.34410,-0.23562,0.55176,-2.40437,-0.23504,-1.64246,-1.25638,1.79042,1.89245,-0.95573,-2.06358,-0.06197,-1.36041,-1.98059,0.71103,1.06694,-2.19028,-1.15765,-0.63781,-2.33997,1.80035,1.86984,-1.19067,-0.17060,-0.24249,-2.32049,-1.38442,0.90364,0.94692,-2.51379,-0.34050,-0.48525,-2.50655,1.44673,1.58375,-0.27081,1.91544,-0.28947,-2.72542,-1.21417,-0.39709,-0.27788,-1.91129,0.70483,0.17228,-2.72474,0.03321,1.75115,0.85380,0.79829,0.47556,-2.59543,-0.59364,-0.21678,-0.22680,-1.21669,0.72078,-0.57763,-2.92596,-0.56044,1.35758,1.38508,-0.70091,0.13771,-1.30070,-0.70804,-0.37466,0.32012,-0.07034,-0.22841,-0.61345,-1.67108,-1.32137,1.09655,1.57159,-1.68820,1.04744,-1.32875,-1.52537,-0.81458,1.19575,0.47729,1.52573,0.00371,-1.55263,0.97716,-0.35426,-1.76933,1.11832,-0.41576,0.26551,-0.56438,-0.30255,-0.59560,-0.41226,0.97145,0.31556,1.39392,0.45742,-0.87664,-0.23403,-1.91825,-0.93349,0.82042,-1.38675,1.69465,1.25107,0.25573,1.26661,0.62197,0.82449,0.64440,0.25890,1.63854,0.49438,-1.14411,0.33370,-1.45272,0.24746,-1.72527,-0.32126,-0.74679,-0.53972,-0.93280,1.25630,1.18593,1.26798,-0.08824,-1.90169,-0.53317,-1.48431,-0.41613,-0.71159,-0.37896,-0.96244,-1.80944,-0.47640,1.56301,1.12790,0.56167,1.26973,-2.05619,-0.92511,-0.76358,-0.64162,-0.82804,0.26534,-2.21742,-2.11627,-0.41209,1.29502,1.19959,0.73932,1.28426,-1.66887,-1.41546,-0.86163,-1.28097,-1.61401,0.64373,-0.98771,-1.92176,0.51089,0.11914,1.27997,1.38149,1.53309,-0.71097,-1.28324,-0.21465,-1.37602,-1.80391,0.67354,-0.69191,-1.45380,0.07895,-0.74113,1.18200,2.46184,0.27623,-0.27306,-0.56707,0.16158,-2.16094,-1.14318,-0.05693,-1.17785,-1.33188,0.42278,-0.97908,1.44048,2.42405,-0.78963,-0.01952,-0.86319,-0.37313,-1.13941,-1.22897,-0.10871,-2.02691,0.20553,0.32682,-0.26364,0.72034,1.27738,-0.07242,-0.04659,-0.66232,0.06750,-0.37561,-1.11539,0.80493,-0.71517,-1.07938,0.24596,0.90600,1.10861,0.65809,1.64695,-1.59213,-1.34613,-0.74960,0.02903,-1.56357,1.04940,-1.32120,-2.02759,0.42257,1.49490,1.14383,0.18296,0.56853,-2.20775,-1.01428,-0.47052,-0.03032,-1.56074,0.98599,-1.22383,-1.48540,0.34823,1.51246,1.00964,0.22914,0.24599,-2.26642,-0.69275,-0.43029,-0.14301,-0.80788,0.67219,-1.18497,-1.10908,0.14300,1.22259,1.00921,0.52112,0.50241,-2.07176,-0.84573,-0.82029,-0.60000,-0.19225,0.42366,-0.34250,-0.26281,0.06944,0.34643,0.93969,1.59286,0.60445,-2.17417,-0.37213,-1.02427,-2.54551,1.72263,0.19817,0.64165,0.32929,-0.67524,-0.80153,0.69024,1.61108,-0.90743,-1.24458,-0.34843,0.16849,-0.79078,2.72790,0.67380,-0.57685,-0.63513,-0.48245,-1.29665,0.35087,1.63587,-1.05290,-0.61918,-0.99299,-0.31685,0.64461,2.30643,1.86811,0.02150,-0.05548,-0.67544,-1.62213,0.10786,1.41049,-1.31767,-0.50784,-0.68930,0.05130,0.02392,2.02646,0.97749,1.65391,1.13826,-0.07803,-1.62676,0.19702,1.57716,-0.92540,0.43690,-0.78882,-0.38326,-0.69687,0.65080,0.64376,0.59948,1.19733,-0.77639,0.04980,-0.07086,-1.37041,-0.18198,-0.58548,-0.03801,1.49419,-0.60142,0.48685,0.91657,-0.74282,-0.14254,0.12515,0.08953,-1.23695,-0.71523,2.21485,-1.12969,0.26388,1.84695,0.38816,1.70807,1.34511,-0.06066,0.40154,-0.04970,-0.32180,-1.35057,-0.12545,1.30871,-0.15790,0.75492,1.68290,0.54893,0.40037,0.91823,0.23927,0.26690,1.03372,-0.63587,-1.28790,-0.71367,-0.59671,0.16826,1.15875,2.06797,0.59782,0.38913,1.40895,0.55160,0.15579,0.74220,-0.82631,-1.31428,-0.46285,0.22417,0.97694,0.93373,0.57818,0.48851,0.80554,1.49723,0.93269,1.66741,0.66169,-0.82298,-1.36892,-0.73588,-0.97389,0.66443,0.82659,1.10864,2.18359,0.75927,1.67087,0.68343,-0.00539,0.68968,-0.59362,-1.29467,-0.34924,-1.87045,0.12737,0.74727,0.49257,1.25962,0.14331,1.26505,1.70118,0.98481,1.80109,-0.66789,-0.99469,-0.75394,-1.13227,0.57349,0.30779,0.65343,1.62807,0.70561,1.40045,1.14829,-0.07990,1.11325,-0.92581,-1.12569,-0.64061,-0.83844,0.73179,0.59529,0.64852,2.12302,1.20474,0.80470,1.07829,0.52239,1.01816,-0.94817,-0.87126,-0.65822,-0.22200,1.00555,0.56739,1.06072,0.60450,-0.69473,0.36259,1.33697,2.23471,1.55999,-0.94451,-0.84626,-0.61917,-0.13548,0.95637,0.59747,1.21640,1.48217,-0.25004,0.63491,1.43577,0.42114,1.40889,-0.70799,-0.89095,-0.38408,2.58891,0.84538,0.82905,-0.09437,0.53449,0.31744,-0.16234,0.34717,-0.34708,0.03901,-1.09416,-0.89819,-0.15169,0.00739,1.05200,1.06114,1.67691,1.48298,-0.77432,-0.03349,2.08174,-0.49347,0.00910,-1.66813,-1.14140,-0.53864,-0.09585,0.97210,0.28899,1.39667,2.63720,0.39020,1.15709,1.61124,1.18023,0.92830,-1.58224,-0.77586,0.02068,1.05316,1.60424,0.41867,1.76260,1.02403,-0.77522,-0.30079,0.55031,1.03577,0.13454,-1.62431,-0.69465,-0.16310,0.71919,1.53451,0.75300,1.69368,-0.00608,-0.64566,-0.80586,1.49421,1.17719,-0.74041
# [78/100] 'pokedex' OK
pokedex,0.17870,-0.09018,-0.61110,-0.06810,0.44508,0.37657,-0.37924,0.78625,-0.65616,-0.42822,0.02132,0.57452,-0.59312,-0.02257,-0.17023,-0.88965,-0.02152,0.88502,0.91983,0.48463,-1.14348,-0.47064,-0.65789,-1.51316,0.48494,0.14690,-0.04709,-0.54324,-0.81025,-0.23772,1.19150,1.00952,0.39914,0.63721,-0.17507,-1.10796,-1.18187,-0.43606,-0.68007,-0.11283,-0.28564,-0.52452,-0.15402,0.97080,0.58499,0.28596,0.25607,0.25300,-1.29973,-0.91706,-0.55899,-1.35983,0.08297,-0.18215,-0.42053,-0.25063,0.68168,0.78236,-0.02092,-1.09536,-1.07677,-0.79127,-0.93915,0.13274,0.14963,0.01829,-0.56489,-0.42564,-0.71500,0.77687,0.63165,0.58092,-0.03277,0.86534,0.91585,0.22066,-1.09509,-0.75684,0.07919,-0.16730,-0.53438,-0.64961,0.75933,0.99771,0.47174,0.60385,-0.69100,-0.74509,-1.51736,-0.28345,-0.22234,0.05454,-0.27642,-0.31342,-0.69567,0.78665,0.19759,-0.25918,0.52800,0.28350,-0.57238,-0.62892,0.21693,0.33532,-0.00511,-0.31037,-0.85188,-0.66752,0.48556,0.80478,0.14333,-0.13841,-0.34194,-0.37177,-0.01882,-0.54043,0.11908,0.00587,-0.36460,-0.46312,0.22201,0.63390,1.02988,0.29228,-1.05751,-1.14720,-0.66475,-0.26483,-0.32309,-0.68309,0.00745,-0.44282,-0.54568,-0.96824,0.56169,0.35241,0.05481,-0.38724,-0.16518,-0.53230,0.19218,-0.18703,0.43354,-0.05779,-0.28421,-0.36660,-0.42280,1.05690,1.13042,-0.93879,-0.83364,0.08025,-1.15718,0.34191,0.27051,-0.20115,-0.18427,-0.74002,-0.73946,-0.23572,1.02047,0.64309,-0.03027,0.11318,-0.25640,-0.13262,-0.87343,0.41111,0.18563,-0.19073,-0.62327,-0.89667,-1.15011,0.35530,0.84983,1.18363,0.02480,0.35247,1.15222,1.43986,0.99663,1.37420,-0.11013,-0.53281,-0.52885,-0.57581,0.25509,1.27148,0.61257,-0.21945,-0.69776,-0.99670,1.44196,0.80343,0.52495,-0.08251,-0.56184,-0.57626,0.50852,1.12932,1.45586,-0.28254,0.26380,-1.19062,-1.60677,-2.11904,0.60933,0.45733,0.05315,-0.56861,-0.60237,-0.95230,0.41680,0.21190,-0.38877,0.69297,1.96846,0.59010,0.45749,0.32665,-0.10633,-0.03932,-0.64767,-1.09795,-0.50399,0.43148,0.51922,0.32318,0.25891,-0.05632,0.16465,0.09657,0.32666,1.26923,0.11307,-0.36341,-0.39970,0.40738,0.20146,0.66680,0.37400,0.18849,-0.47101,0.14132,-0.20852,-1.17525,-0.39280,0.08905,-0.48688,-1.33476,-1.60755,0.83080,0.22034,0.34215,0.52695,0.10626,0.65798,0.33401,0.88675,1.22948,0.02277,-0.67082,-0.91132,-0.45542,0.74433,0.67660,-0.19325,0.03085,0.00154,0.19340,-0.87116,0.32543,-0.04501,0.83311,-0.26577,-1.04327,0.49039,-0.42340,-0.23336,-0.01244,0.33453,-0.31394,-0.55631,-0.07820,-0.15454,0.08156,1.92096,0.16976,-1.03813,1.24995,-1.11438,-0.87809,-0.32728,0.57605,-0.81490,-1.71004,-0.67705,-0.74150,-0.73798,1.95648,1.82173,-1.45396,-0.73837,-0.32810,-0.78024,-2.51338,-0.85540,0.57794,-1.84919,-1.27425,-0.60213,-2.23561,1.77104,1.80182,-1.44183,-0.74217,-0.50282,-1.02050,-2.33069,-0.23509,0.44758,-2.15030,0.27341,-0.18693,-2.32232,1.24518,2.03839,-0.77085,-0.30930,-0.46695,-2.05107,-0.94807,-0.75603,0.16026,-1.82032,0.25290,0.16728,-2.84718,0.16534,1.76540,0.32733,-0.45244,0.57900,-1.30900,-0.85510,-1.40328,0.16334,-1.07331,0.73865,1.13727,-2.39155,-0.62043,1.30700,1.26529,-2.47177,-0.08052,-1.13827,-0.75751,0.58199,0.68765,-0.35822,0.88576,1.70471,-0.65724,-0.81021,1.12933,1.15040,-1.44951,0.02097,-1.51699,-0.68656,1.48682,1.12615,-0.46224,0.96198,0.93402,-1.14945,0.89410,-1.19111,-1.52749,1.87604,-0.99043,1.17596,-1.19265,-0.51333,1.14233,-1.16538,1.50839,0.60427,1.42917,0.81435,-1.33353,-0.33215,1.38266,-0.73001,1.08512,-1.25422,0.97003,0.42354,-0.92396,0.47542,-0.51386,-0.26648,0.87955,0.15787,2.17712,0.56874,-1.38108,0.01783,-1.64427,0.48948,-1.71100,-0.63704,-0.03712,-1.05977,-0.93566,1.56713,0.92854,1.42043,0.25398,-2.02465,-0.74365,-1.47475,-0.46200,-0.94494,0.01354,-1.78492,-2.00078,-0.64492,1.60401,1.03840,0.89012,0.08141,-2.12460,-0.77389,-1.28298,0.50752,-2.02848,0.51363,-1.03016,-1.81473,-0.56708,1.30253,1.41610,0.80830,0.24898,-1.62914,-1.55428,-1.09881,-0.70045,-2.32748,1.07486,-0.22255,-1.84213,-0.04054,0.46986,1.53511,1.28943,0.65238,-1.00189,-1.47808,-0.19174,-0.86540,-1.44669,0.70001,-0.69690,-2.20726,0.20047,-0.22714,1.69841,2.11726,-0.60090,-0.40136,-1.00424,-0.45131,-1.50169,-0.86227,0.18812,-1.64488,-1.59753,0.12987,-0.43395,1.31071,2.21768,-0.44908,-0.27012,-0.52839,-0.82067,-1.43789,-1.07900,-0.58199,0.36646,-0.06252,-0.34435,0.00767,0.92306,0.79654,1.32467,0.08373,-1.00329,-0.61760,-1.17649,-1.30695,0.09142,-1.65999,-0.94547,0.36862,1.24579,1.37291,-0.03121,0.72497,-1.23922,-1.69072,-0.90837,-0.14194,-1.65474,0.50728,-0.68739,-2.08970,0.07173,1.69760,1.12436,-0.38936,0.91307,-1.84597,-1.28215,-0.84900,-0.56128,-1.75521,1.25675,-0.33842,-2.26412,-0.40765,1.52384,0.88961,-0.43329,0.89729,-1.88855,-1.30092,-0.41085,-0.15691,-0.71153,0.68449,-0.49489,-1.22965,-0.12692,1.35780,0.89322,-0.17599,1.25943,-1.92816,-1.38722,-0.30485,-1.38819,0.19706,0.28531,0.38623,-0.66508,-0.23168,0.58583,1.16071,0.65189,1.53736,-1.89260,-1.04248,-0.76064,-3.39298,1.85484,0.07731,0.05059,0.86309,-0.88261,-0.39430,0.94263,1.37101,-0.19797,-1.37023,-1.08272,-0.01181,-1.00236,1.23914,1.24085,-1.31584,0.31427,-0.02477,-0.80952,0.69961,1.36806,-1.00258,-0.69257,-1.19755,0.45386,-0.49908,1.89535,1.16049,-1.52677,0.78315,-0.13271,-1.15866,0.24276,1.26038,-1.14680,-0.40238,-1.38241,0.77916,-0.00372,1.66318,1.22895,0.27720,0.99350,0.00482,-0.60360,-0.47227,0.37595,2.69102,-0.26288,-1.27200,0.23790,-1.01099,0.94974,0.79092,0.17277,0.54858,-0.32839,0.33678,-1.12620,-2.52835,2.53527,-0.84156,0.23055,1.93515,0.52833,0.61499,-0.65891,0.51613,0.67687,0.78544,-0.48079,-1.42077,-0.37582,2.58599,0.01978,0.54442,0.61534,-0.23493,-0.11734,1.71287,0.33518,0.82502,1.14905,-0.77302,-1.00467,-0.08072,0.17480,-0.07844,0.80645,1.30548,1.43610,0.30648,1.47473,1.12297,0.18964,1.47471,-1.22926,-1.58270,-0.05947,0.06772,0.67723,1.23558,2.05535,2.72112,0.55331,1.41107,0.93267,-0.28997,1.24156,-1.29724,-1.33537,0.14642,-0.10540,0.79792,0.96277,1.95205,2.00360,1.32406,1.97002,0.88750,-0.33709,0.35512,-1.50777,-1.34219,0.96791,0.30018,1.10007,0.67227,0.82091,1.46059,1.62025,1.27771,0.45461,0.78091,1.47244,-1.67827,-1.16655,0.68425,-0.69256,1.09624,0.79762,1.38516,0.59024,0.64089,1.27818,1.90305,1.43680,0.86973,-1.63102,-1.14924,0.69436,-0.79690,1.17170,1.02312,0.96591,0.50513,0.15492,1.37249,1.58912,1.09294,1.90335,-1.71908,-1.10739,0.76849,0.37590,1.26660,0.62916,1.22310,1.55886,0.22908,-0.13729,0.72004,1.20714,2.21139,-1.78331,-1.17478,0.06077,-0.48007,1.41724,1.20207,1.67113,1.13394,1.07447,1.18679,2.57575,1.50442,1.37850,-1.70887,-0.83757,0.61718,-0.48945,1.30866,1.19565,1.58283,1.31138,0.94127,0.38658,1.06556,0.60421,0.38493,-1.49220,-0.37636,0.69742,-0.99427,0.73401,0.74624,1.53109,0.56633,0.19376,-0.73816,0.28048,1.15888,0.21468,-1.67300,-0.60358,1.40202,0.12113,1.01883,-0.00613,0.13576,-0.46606,0.37814,0.18740,1.24385,1.31155,0.36323
# [79/100] 'pokedex' OK
pokedex,0.26627,-0.30732,-0.40970,-0.65660,0.46515,0.81226,0.71091,-0.48596,-0.55487,-0.43205,-0.86931,0.81148,-0.06358,0.00031,-0.57472,-0.36751,0.23010,0.70115,0.31410,0.01194,-0.57395,-0.41012,-0.86559,0.34806,1.61959,0.59908,-0.04222,-0.39287,-0.57795,-0.50520,0.76297,1.05135,-0.41595,-1.48963,-0.16225,0.21047,0.70360,1.45937,-0.38302,-0.09829,-0.71891,-0.35478,1.02396,0.55714,0.49098,0.69732,-0.18708,0.24969,-0.43151,-2.09159,0.87585,-0.64453,-0.06543,-0.52746,-0.52227,0.55248,0.96936,0.99872,0.52937,0.31802,-0.58706,-0.69137,-1.76331,-0.13213,0.02939,-0.01878,-0.39876,-0.47948,-0.67220,0.65861,1.22375,0.13001,-0.26461,0.29939,-0.53623,-1.09558,-0.42342,-0.25720,0.05347,-0.38445,-0.52490,0.34818,0.89205,0.63211,0.05368,-0.08249,0.29245,-1.14922,-0.44397,-0.21644,-0.97346,0.44722,-0.97140,-0.98040,0.72484,0.57105,1.42129,0.00051,1.17862,-0.99650,-0.17100,-0.20219,-0.38746,-0.12075,0.14340,-0.19393,-0.30679,-1.04199,0.41089,0.40510,0.29365,-0.33653,-0.18508,-0.11175,0.90610,0.35818,-0.84850,-0.05399,-0.95758,-1.04376,-0.30830,0.32099,0.63084,0.48896,1.11529,0.36844,0.25836,0.49010,0.60607,0.93593,-0.06945,-0.80886,-0.50980,-0.59738,0.64417,0.87060,0.69604,0.03995,-0.42562,0.27537,0.63392,-0.02148,0.00960,0.10098,-0.21761,-0.49720,0.33746,0.37873,0.55213,-0.02688,0.16808,-0.56602,-0.70751,-0.32826,0.52824,0.46018,0.97500,-0.44986,-2.34276,-0.30302,0.21825,0.17292,-0.10162,0.62504,-0.06240,-0.79838,0.35304,0.52930,0.84779,2.15399,0.44814,-2.14976,0.40953,-0.37040,-0.55360,-0.85266,0.45733,-0.56114,-1.65631,-0.46779,-0.82021,-0.09590,2.01466,1.76255,-1.31199,-1.56168,-0.47846,-0.87608,-2.47319,-0.40514,0.41579,-1.84803,-0.81872,-1.13368,-1.43564,1.86195,1.62601,-0.99924,-2.28887,-0.37277,-0.90656,-2.18132,0.38233,0.57320,-1.92551,-0.81558,-1.06155,-1.84412,1.30107,2.00249,-0.70883,-0.93061,-0.18160,-1.85190,-2.05982,-0.12634,1.58356,-2.79471,-1.22021,0.95388,-2.14179,0.26085,1.99731,0.46442,-1.22180,0.73519,-2.04293,-1.99266,-0.99615,1.97833,-1.28867,-1.48373,0.68750,-1.98726,-0.57394,1.54391,1.12406,-1.24522,0.55773,-1.37801,-1.61506,0.39271,1.68841,-0.43485,-0.60344,-0.88641,-1.43468,-0.94310,1.27039,1.33242,-2.22392,0.82730,-1.69918,-0.71962,-0.26846,1.36367,0.13192,-0.06562,1.29891,-1.23989,0.48851,-0.45626,-1.22628,2.89514,-0.45156,0.54423,-0.85290,-2.70446,2.23658,-0.12052,-0.25162,0.94287,-1.00952,1.26875,-0.80660,-1.57716,-0.46159,-1.06464,0.82592,-1.23930,-0.17847,1.18484,-0.61442,0.95110,0.74914,0.52738,0.57049,-0.73353,0.84547,-1.78214,-0.32739,1.51524,-0.73637,0.38896,-0.07530,-0.04757,-0.14399,-0.40826,-0.59174,1.16078,1.06628,1.19789,0.54669,-1.52157,-0.95308,-1.08525,-0.42005,-1.43428,-0.12648,-0.72672,-1.46086,-0.56596,1.48360,1.35182,0.56413,0.91260,-1.79791,-1.46475,-0.42876,-0.85649,-0.90554,0.01371,-2.23633,-2.26697,-0.28181,1.49154,1.27542,0.44115,1.40427,-1.92834,-1.48779,-1.13028,0.23382,-1.50955,0.08447,-1.22648,-1.54881,-0.72537,0.76642,1.38898,1.39869,1.35350,-1.21866,-1.62984,-1.40966,-0.33674,-2.36498,-0.00768,1.39250,-1.77756,0.71182,-0.17252,1.29952,2.06008,0.11177,-0.21689,-0.73827,0.57652,-0.36610,-1.53820,-1.15338,-1.63510,-1.74522,-1.10225,-0.27360,1.40300,2.36893,-0.76950,-0.38964,-0.60855,-0.59771,-1.29685,-1.04972,-0.56062,-1.33597,-0.30378,-1.07411,-0.55067,1.08396,1.87314,-0.76425,0.34122,-0.46366,-0.17369,0.00910,-0.92601,-0.81801,-1.82566,-0.68925,-0.09372,0.67557,0.94004,0.33954,0.92056,-0.58994,-1.12349,-1.44664,-0.04504,-1.56510,0.60583,0.34616,-0.76415,0.57627,1.91365,1.02506,-0.32015,0.99208,-1.93297,-1.33810,-0.75816,-0.26833,-2.27786,1.03270,0.10182,-2.10241,-0.88300,1.75631,1.00998,-0.53077,0.42169,-1.86791,-1.20936,-0.52763,-0.57305,-1.51111,1.59192,-0.07886,-1.82475,-0.54131,1.50160,0.94207,-0.44711,0.69333,-1.94927,-1.37684,-0.20501,-0.37999,-0.47814,1.23258,-0.52473,-1.47923,0.28678,1.21981,1.04036,-0.10637,0.95473,-2.35834,-0.60886,-0.41669,-1.60056,0.37724,0.15969,0.52888,-1.08460,0.69493,0.35925,1.03133,1.24584,1.59566,-2.14904,-1.08503,-0.24029,-1.68671,0.71673,-0.14982,0.64765,0.07163,-0.03856,-0.65652,0.62680,1.45058,-0.41737,-1.02172,-1.32836,-0.05086,-1.79887,1.19781,2.02874,0.66773,0.20634,-0.69807,-0.96971,0.44154,1.83420,-0.88068,-0.74829,-0.85869,0.00112,-0.59452,0.92618,0.76197,1.09411,0.17017,0.70625,-1.19507,0.47545,1.48392,-1.28957,-0.34490,-0.81633,0.27614,0.16515,2.19605,1.36576,-0.71547,-0.15393,0.14840,-0.33649,-0.37697,-0.23703,1.85292,-0.49103,-0.64564,1.27291,-0.93857,-0.00238,0.77926,0.03396,0.62776,0.10626,0.72696,-0.52825,-2.07692,1.39787,-0.82137,0.13171,0.75369,0.34046,-0.09563,0.72519,0.25530,0.59233,0.94442,0.03918,-1.48344,-1.18490,1.67774,-0.86261,0.94162,1.44316,1.17664,0.29620,2.35209,-1.22223,0.20056,0.76926,-0.46152,-1.30268,0.01811,0.35428,-0.00512,0.14406,1.26089,-0.04142,-0.73860,1.73299,0.52122,1.79731,2.43129,-0.53305,-1.15292,-0.08425,0.20194,0.33374,0.24383,1.56392,0.50675,-0.45322,1.90303,0.25646,0.33649,2.50210,-0.73767,-1.32089,0.07308,-0.26134,0.70491,1.23550,1.36568,0.28868,0.83382,1.65738,0.97598,0.04366,1.29056,-0.70897,-1.24050,0.06346,0.03627,0.78153,0.60642,0.78004,1.14775,-0.01560,0.73975,0.95440,0.43807,1.22173,-0.61200,-1.23981,-0.18116,0.56726,0.46828,1.18200,0.48162,1.64646,0.77273,0.45308,0.84980,-0.15323,0.41695,-0.77542,-1.38104,-0.54845,-0.28055,0.45399,1.06058,1.61922,2.74024,0.68090,1.10610,1.39081,0.18014,1.92336,-0.75466,-1.40281,-0.28263,0.07413,0.51624,1.50467,0.96063,2.88418,-0.04693,0.74510,1.23041,0.25948,0.82428,-0.70182,-1.30181,-0.53892,-0.67832,0.10891,0.81190,1.11140,2.10162,-0.12259,0.56024,1.21027,0.82732,1.83976,-0.74002,-0.82626,0.01783,-0.36986,0.51729,1.32469,0.67250,1.86459,-0.19051,0.42395,1.20176,-1.25196,0.30486,-0.95831,-0.70908,-0.05940,-0.41503,0.68791,0.24077,0.81168,0.78723,0.41342,-0.04675,0.88007,0.40048,0.45084,-1.36652,-0.55647,0.15526,-0.64301,0.80391,1.32002,1.32967,0.41596,-1.02426,-0.66904,0.37386,0.86053,1.44563,-1.28067,-0.42680,0.29681,-0.52314,1.41408,0.16318,-0.53617,-1.19561,-0.27873,-0.29576,0.08873,0.65792,0.19960,-1.36553,-0.23660,0.95947,1.32909,1.27449,0.16657,-0.23705,0.07647,0.77361,-1.43983,-0.39565,0.38291,-1.30407,-1.52143,-0.44791,0.45880,0.52974,1.29696,0.59417,0.29087,0.13067,0.56043,-0.36199,2.14098,-0.50342,-0.60998,-1.28359,-0.27717,-0.02682,-0.27241,1.61936,0.62812,1.19629,-0.24454,0.28397,-0.13554,-0.91971,-0.06083,-0.48647,-1.17696,-0.38081,0.29156,-0.09849,1.41991,0.78330,0.95791,0.04517,-0.74145,-0.36430,0.09845,0.33029,-0.22692,-1.34628,-0.53935,0.39281,-0.10934,0.72102,0.52708,0.99192,-0.12355,-0.04563,0.18154,1.30578,1.51397,-0.01507,-1.27890,-0.58633,0.24200,-0.23682,1.06055,0.73417,1.36295,-0.24620,0.66483,-0.20775,1.27462,1.40433,-0.37494,-1.37855,-0.43442,0.52177,-0.63961,1.26732,0.23900,-0.18194,-0.51479,0.97410,-0.15103,1.30021,1.93992,0.88850
# [80/100] 'pokedex' OK
pokedex,0.17111,-0.32674,-0.35091,0.33614,0.54324,0.50568,-0.12201,-0.16561,0.23837,-0.71857,-0.69680,-0.08631,-0.80662,0.09033,-0.57665,-0.59315,0.61594,0.35037,1.03189,-0.06761,-0.20929,-0.30241,-0.75619,1.10013,0.74018,-1.67327,-0.13720,-0.55829,-0.55929,-1.01738,0.92669,0.88715,-0.08183,1.11558,0.22323,-0.38207,-0.29997,-0.45595,0.44597,0.00616,-0.46942,-0.37099,-0.15893,0.72584,0.88682,-0.13733,-0.88158,-0.24582,0.22990,0.03581,0.62823,-0.41544,0.33717,-0.02811,-1.06581,0.39010,0.22163,-0.14210,-0.40950,-0.64171,-0.43384,0.43524,-0.28600,0.20091,0.85600,0.57351,0.12883,-0.27175,0.00345,0.43768,-0.15921,-0.57615,-1.07885,-0.22454,-0.63702,-0.68208,-1.22678,-0.67638,0.27840,0.05733,0.29093,0.64242,0.19845,0.57582,-0.03853,-1.32929,-1.00468,-1.73222,-1.08439,0.44141,0.44911,0.06004,-0.27685,-0.94113,0.12195,0.85481,0.80685,-0.14361,-1.52384,-1.31520,-1.41594,-0.08186,0.64093,0.75440,0.22088,0.12906,-0.00496,-1.11130,0.63077,0.69538,0.08501,-1.41434,-0.97373,-1.00056,-0.13937,0.54759,-0.28264,0.20863,0.03601,0.11770,-0.36559,0.77029,0.65919,-0.69476,-0.88357,-0.59270,-1.66647,-0.84299,1.54289,0.41519,0.17164,0.04815,0.05436,-0.08633,0.76592,0.52356,-0.96545,-0.16588,-0.63519,-1.25982,-1.16824,1.00022,-0.39717,0.65597,-0.22270,-1.43890,0.31152,0.57569,0.07876,-0.24107,0.24373,-0.45235,-0.79357,-0.36638,-0.18914,-0.22863,2.15918,0.17939,-2.73847,0.45705,-0.27723,-0.56153,-1.02321,0.50446,-0.60799,-1.32478,-0.22375,-0.51233,-0.37581,1.85211,1.69153,-1.58776,-1.32925,-0.34087,-0.78604,-1.90002,-0.23493,0.30347,-1.91773,-0.20492,-1.01394,-1.80737,1.34346,1.98086,-1.13701,-1.44194,-0.26260,-1.10333,-1.80754,-0.15709,1.79886,-2.07046,-0.71987,-1.09420,-2.51075,1.18203,2.08128,-1.00566,-1.56661,-0.00186,-1.35738,-2.15527,0.00197,1.49997,-1.99948,-0.90915,-0.47411,-2.12442,0.72996,1.87946,0.15509,-0.69658,0.31640,-1.51502,-2.15723,-1.83994,1.75046,-1.07120,-1.17401,0.30851,-2.45301,-0.17620,1.56958,0.62415,-1.26750,0.93937,-0.97303,-1.62504,-0.77569,2.14566,-0.29707,-2.12298,-1.27990,-1.04272,-0.76823,1.23897,1.28402,-2.11394,0.75504,-0.88363,-1.04905,-1.37569,1.25896,0.77267,-1.53061,0.36633,-0.18660,-0.93270,0.82803,1.54112,-1.43332,0.61366,-0.89362,-0.19608,-1.10101,0.47799,0.38181,0.39684,0.53602,-0.83410,0.35189,-0.55442,-1.78056,2.67475,-0.30359,-0.78412,0.60681,-0.41013,0.25598,-0.29372,-0.44919,1.82543,0.26649,1.06730,-0.86601,-1.75894,-0.30320,-0.73889,-0.07685,-0.32287,0.38938,0.32058,-0.27858,1.19502,1.56919,-0.48489,0.60251,-0.57678,2.27731,1.04621,-0.74480,0.62041,-1.50599,0.45093,-1.07615,0.14292,0.10787,-1.00843,-1.16845,1.23800,1.31683,1.23294,0.21377,-1.92767,-0.80373,-0.90178,-0.43345,-1.70872,-0.17681,-0.41029,-0.81214,-0.78855,1.48038,1.08438,1.15592,0.45068,-1.83137,-0.98774,-0.62745,-0.37315,-1.20643,-0.02755,-1.24748,-2.19338,0.29722,1.58402,0.89028,0.34640,1.53819,-1.83336,-1.21694,-0.96506,0.13997,-1.01663,0.32285,-1.24215,-2.14004,0.30332,1.08659,0.95399,1.05146,1.51027,-1.52499,-1.61953,-0.66185,-0.49770,-1.96546,-0.07631,0.24586,-1.13268,1.11751,-0.14576,1.28878,2.27936,0.40951,-0.30956,-0.95284,0.46013,-0.77774,-1.19410,-0.52692,-2.74594,-1.62672,0.08587,-0.32237,1.13113,1.90553,0.87380,0.47307,-0.54861,0.35159,-1.01042,-1.88070,-1.58350,-2.40441,-1.15088,0.20025,1.15772,1.09528,-0.55760,0.25388,-0.49930,-1.57825,-0.90406,-0.52329,-1.16419,-0.01862,-0.75361,-0.64031,1.29607,1.73963,0.96194,-0.34544,1.34268,-1.83927,-1.60437,-0.84756,-0.26080,-1.51456,0.80113,-0.19571,-1.81713,-0.09085,1.66168,0.88522,-0.37871,0.64771,-1.78228,-1.37582,-0.68820,0.14268,-1.21493,1.23225,-0.51269,-1.60892,-0.47253,1.40378,0.96448,-0.35263,0.79246,-1.85483,-1.56834,-0.25209,0.37501,-0.95258,0.90877,-0.39835,-1.12320,0.22236,1.19951,1.00952,0.10375,0.68527,-1.62662,-1.64025,-0.20818,-1.24709,0.08553,0.40424,0.36687,-0.86297,-0.58524,0.81631,0.85302,1.05395,0.60813,-1.79442,-0.82335,-0.97306,-1.04494,0.91471,0.09344,0.98820,-0.72062,-0.77738,-0.35772,0.75866,1.68858,-0.48643,-1.28125,-0.98935,0.40786,-1.40984,1.43945,0.52929,0.23046,0.18649,-0.07913,-0.94002,0.50082,1.22380,-1.46999,-0.72657,-1.09132,0.02058,-0.44290,2.07112,1.45870,-0.06502,0.12825,-0.78181,-1.07219,0.44694,1.39184,-1.81175,-0.36760,-0.73450,0.81365,0.60562,0.90868,0.77740,0.82790,0.62419,0.20372,-1.16091,0.25636,1.44027,-0.92162,-0.14933,-0.70008,0.42339,-0.68192,0.42808,1.32445,0.89446,-0.06224,-0.71983,0.19357,-0.72970,-0.95427,1.89959,-0.65054,-0.02731,-0.05881,-0.95466,1.33424,1.52516,-0.34174,0.77722,0.58162,0.13310,-1.01912,-1.34374,0.88924,-1.39365,0.72852,1.72711,1.17648,1.21665,1.87970,-0.57250,0.63615,-0.00983,-0.13601,-1.58025,-0.41320,2.66147,-1.07118,0.27374,1.76871,1.66035,-0.47559,2.05302,-0.28399,0.56821,2.02396,-0.22580,-1.51739,0.14647,1.35142,-0.87298,0.69110,1.43987,1.54020,-0.48276,1.02781,1.66190,-0.22633,1.14113,-0.65527,-1.66590,-0.34282,0.49207,0.25730,1.36079,1.57314,2.38267,0.56955,1.00620,0.62657,-0.01524,0.54574,-0.86618,-1.37563,-0.17718,0.37796,0.57312,0.59524,0.98463,0.10515,-0.13552,1.66464,1.73433,0.22682,1.50643,-0.84403,-1.11107,-0.06933,-0.21827,0.46457,0.49329,1.56119,1.29031,-0.32227,0.64177,1.06085,0.17886,0.40576,-0.79335,-1.29786,-0.02622,-0.42340,0.76958,1.05122,0.78200,1.48475,0.28936,0.88159,0.55563,-0.98100,1.43210,-1.08575,-1.24872,-0.26960,-0.91815,1.38460,1.51163,1.30863,1.17903,-0.57632,0.71814,1.00192,0.18860,0.49809,-1.02630,-1.16854,-0.15299,-0.24997,0.98802,0.82693,1.36494,0.35446,-0.33942,0.69375,0.92299,1.30099,1.88547,-0.95546,-1.30338,-0.05610,-0.23541,0.92792,0.44338,1.48972,1.77257,-0.18309,0.40809,0.46827,-0.16202,0.54941,-1.21682,-1.31479,0.23537,-0.29880,1.07142,1.51481,0.82610,1.33494,-0.08048,0.59180,1.60608,0.72833,1.34621,-0.21889,-0.68539,-0.96455,-0.96233,-0.02379,1.29457,0.33069,1.09339,1.10978,-1.05615,1.57050,-0.09093,0.04684,-1.27162,-1.13104,-0.20001,-0.80263,0.59425,1.60346,0.57176,1.12064,1.02988,0.50426,1.67641,1.70792,1.83254,-1.21610,-0.73410,0.23854,-0.07926,0.76054,0.69504,-0.04934,0.14973,0.89640,-0.19828,0.98182,0.49147,0.86231,-1.33662,-0.47604,0.04559,0.11404,1.04355,0.44526,0.74462,0.58100,-0.77967,-1.15912,0.26326,1.58386,1.62885,-1.35773,-0.70715,0.39142,-0.94318,0.94714,1.01005,1.33644,1.91431,0.92843,0.16560,0.74494,1.51084,-0.65074,-1.37751,-0.52124,0.09228,-0.45634,0.94587,0.59191,1.36850,1.29753,0.24612,0.30456,0.40510,-0.19919,0.07337,-1.46440,-0.43849,0.16103,0.00124,1.21321,1.26739,-0.34657,-1.11194,-0.22291,0.74285,1.11432,1.32209,0.38480,-1.28007,-0.63109,-0.26371,-0.16522,1.48067,1.32250,0.98106,-0.67668,0.76809,0.40758,1.16569,1.68346,-0.79615,-1.32732,-0.71974,-0.04978,-0.36478,1.68372,1.60470,0.24783,0.54551,-0.01320,-0.32015,0.82160,0.65049,0.19310,-1.08808,-0.41350,-0.00606,-0.01354,0.82598,0.90113,1.12819,0.68262,0.78449,-0.27268,-0.61517,0.06494,-0.63090
# [81/100] 'pokedex' OK
pokedex,0.30942,-0.27831,-0.30790,0.24445,0.22377,0.41524,-0.26081,-1.15223,-0.03532,-0.03395,-0.86905,0.04870,-0.60149,-0.12145,-0.62981,-1.07956,0.49788,1.19112,0.77463,0.31797,0.14681,-0.13998,-0.68095,-0.13681,1.04191,0.71096,0.08009,-0.28476,-0.76757,-0.12662,0.38479,0.41897,0.26153,-0.41410,-1.39985,-0.36673,2.45118,-0.02297,0.58920,0.06063,-0.22732,-0.49826,-0.00909,1.25283,0.41340,-0.12972,-1.29975,-1.20537,-0.64826,-0.16597,0.69251,-0.54371,0.10436,-0.31245,-0.54814,-0.30858,0.64669,0.94548,-0.45130,0.34210,0.22653,-2.29578,-1.74123,0.63657,-0.15710,-0.11488,-0.62512,-0.36012,-0.29436,0.63029,0.40424,0.09562,0.28575,-0.59619,0.29557,0.57931,0.53080,0.86286,-0.08453,-0.63515,-0.86417,-0.67439,0.12954,0.39219,0.54532,0.86567,0.54779,0.24270,1.09884,0.24599,0.45746,-0.04436,-0.54282,-0.87938,-0.17787,0.67754,0.52181,0.49366,0.36142,0.78069,0.48485,-0.33837,-0.59783,-0.44371,0.04800,-0.14754,-0.77085,-0.78746,0.91434,0.71957,1.38680,0.16113,-0.28097,-0.90238,-0.82590,-0.72200,-0.16252,-0.11178,-0.42944,-0.74298,-0.57401,0.95784,0.82518,0.01311,0.05524,-0.13196,-0.33372,-0.67055,-0.27432,-0.00946,0.02731,-0.46521,-0.63776,-0.10914,1.04622,0.64987,0.24226,-0.37946,-0.20132,-0.54013,-0.75041,0.33455,-0.58283,-0.12549,-0.56604,-0.52990,-0.09796,0.95297,0.53009,-0.32162,-0.38002,0.04332,-0.26092,1.41402,1.35699,0.33948,1.86246,-0.53297,-2.33006,0.40071,0.08166,0.25867,0.22722,0.81027,-0.34938,-1.03972,-1.37212,-0.30855,-0.72746,2.55652,0.73789,-1.51696,0.43261,-0.39807,-1.03386,-2.04535,0.14686,-1.52358,-1.69227,-1.41509,-0.43798,-0.72137,1.86791,1.67700,-1.31676,-0.81760,-0.18769,-1.39625,-3.00130,-0.63388,0.94813,-2.28948,-0.44764,0.23352,-2.49166,1.55860,1.92031,-1.57473,-1.38913,-0.12594,-1.59511,-1.88700,-0.91488,1.38961,-1.41871,-1.61458,0.39566,-3.11479,0.87557,1.94450,-0.43247,-0.72582,0.19561,-1.98070,-1.64747,-1.08391,1.02072,-2.00882,-0.74618,0.69063,-2.52241,-0.31206,1.61220,1.16865,-1.54403,0.75830,-1.07624,-1.36384,-1.73380,0.23234,0.21131,-0.45925,0.27073,-2.33666,-0.96406,1.45690,1.26226,-2.68922,0.58836,-1.20411,-1.08941,-0.93447,0.95717,1.10803,-0.70942,0.55885,-0.22742,-1.14825,0.93271,1.80507,-2.78668,0.54001,-0.83067,-1.63007,-0.30623,1.63116,0.31995,0.11688,1.85794,-0.89925,0.12553,-0.65784,0.25738,1.69743,-1.00715,0.43472,-0.58877,-0.83992,0.12158,-0.64688,1.39284,0.56488,0.36934,0.42725,-1.10586,0.61886,0.42153,-0.92213,0.81466,-0.56970,-0.18905,-0.32048,-1.15952,1.53792,0.94366,1.37386,0.18714,-1.26665,1.30236,0.96193,-0.20627,1.11437,-0.15305,0.18114,-0.95452,0.14626,-0.32397,-0.01433,0.30778,1.53076,0.76496,0.95439,0.73276,-1.71662,-0.71928,-1.44160,-0.47544,-1.60616,0.25801,-0.91418,-1.13038,-0.16367,1.47685,1.25617,0.90527,0.22019,-1.75998,-1.27725,-0.57680,-0.55952,-1.18018,0.14490,-1.13040,-1.80034,-0.27640,1.55803,1.25716,0.10843,0.38243,-1.66039,-1.26228,-1.05283,0.58475,-2.31698,0.74188,-0.05613,-2.35023,-0.01347,1.41821,1.30031,0.37298,0.65062,-1.63393,-1.50655,-1.00530,-0.35484,-1.85957,0.76167,0.48075,-2.30093,0.51772,0.56197,1.43422,0.93018,0.36765,-0.44889,-1.76519,-0.71242,-0.71463,-1.95008,0.90867,0.12803,-2.19510,0.71070,-0.36297,1.50972,2.21222,-1.16469,-0.22855,-0.66313,-1.05804,-1.23108,-1.39752,-0.78580,-0.32169,-0.66931,0.52711,-0.67578,1.33038,2.65252,-0.86685,-0.24225,-1.27669,0.36475,-0.47835,-1.18262,0.21030,-1.01616,-1.41121,-0.42986,-0.25454,0.96190,1.53406,1.32730,-0.00001,-0.97515,-0.35827,-0.92997,-1.28971,-1.17120,-1.90832,-0.14703,-1.21209,1.07979,1.05117,0.33565,0.83947,-1.21146,-1.67780,-0.75874,-0.12837,-0.99625,0.91047,-0.09142,-1.29752,-0.08762,1.95492,0.92164,-0.39258,0.72343,-1.79849,-1.08428,-0.68007,-0.84732,-1.65927,1.34204,-0.02006,-1.85348,-0.40832,1.55050,1.01888,-0.54704,0.36170,-1.86495,-1.16176,0.21177,-0.50315,-0.68609,1.14738,-0.81421,-1.51292,1.02051,1.39003,1.01569,-0.07063,-0.00659,-1.87256,-0.91737,0.14142,-0.78294,-0.58069,0.86507,-1.49456,-0.74485,0.88236,1.02671,1.14496,0.15161,0.75555,-1.95095,-0.85317,-0.18477,-1.85903,0.45444,0.45878,-1.09899,0.16568,-0.00866,0.00200,0.74860,1.85042,0.72814,-2.01930,-0.80594,-0.42489,-1.05194,1.54943,-0.09104,0.24402,0.52801,-0.57088,-0.95370,0.56048,1.64080,-0.82968,-1.20771,-1.08155,1.65799,-1.19714,1.12095,1.68127,0.30822,1.02477,-0.31489,-0.99725,0.49777,0.98719,-1.16496,-0.35224,-0.80995,0.75820,-0.86564,1.21332,1.18761,0.56584,1.24899,0.52556,-1.34232,0.45967,1.86620,-0.90558,0.09650,-0.90179,-0.56705,-0.41183,1.60878,0.72155,-0.56669,0.30360,-0.51084,0.23303,-0.90624,-1.02726,3.07742,-0.75779,0.30587,0.24615,-0.88526,0.90510,-0.91967,0.50899,1.45808,1.38426,-0.12220,-1.01082,-0.52889,1.10845,-0.67439,0.98269,0.89574,0.34734,1.10778,-0.35938,0.24277,0.46690,-0.31494,0.05367,-1.43021,-0.34977,1.52912,-0.83999,1.33557,0.76057,1.38437,1.36883,1.17943,0.00832,-1.32998,-0.17337,-0.03554,-1.51264,-0.76396,1.41170,-0.11045,1.29584,1.22794,1.35732,0.59469,0.53703,-0.54521,0.51684,0.10808,-0.62597,-1.34272,0.36087,1.75514,0.42889,0.76391,0.04619,1.88339,0.54483,1.48411,-0.34820,0.13083,-0.18237,-0.88486,-1.21642,0.46445,0.78291,1.14448,0.90384,0.03150,0.41489,0.64373,0.75298,0.28076,0.49984,-0.81167,-0.83603,-1.07680,0.01169,0.61671,1.12633,0.90518,1.31248,1.53627,-0.60576,-0.56073,-0.53296,1.11900,1.39790,-0.94349,-1.03013,0.10527,0.00438,0.34157,0.15668,0.94764,1.76297,0.26803,1.73541,0.22463,-0.10802,2.64923,-0.48096,-0.84061,-0.72639,-1.23627,0.60985,0.34894,0.93437,2.01454,0.02874,2.33342,1.80920,0.01855,0.38998,-0.65896,-1.16442,-0.57938,-0.47037,0.36015,1.01805,1.93747,1.87783,0.70308,1.11796,0.77020,-1.11703,0.26598,-0.69367,-0.93941,-0.91885,-0.34856,0.22211,1.35420,0.98813,1.35713,1.05151,0.50934,1.59797,-0.43758,0.88447,-0.66612,-1.12218,-0.83154,-0.62889,0.71499,1.51247,1.75700,1.85628,0.16258,-0.10362,-0.83936,-0.19003,1.19020,-0.70161,-1.08026,-0.34060,-0.45720,0.56461,1.25770,0.82416,1.66365,0.43784,0.72790,0.24016,-0.14580,0.00943,-0.79028,-0.78037,-0.72943,0.35773,0.42626,1.12574,1.68931,1.71744,0.83417,-0.08717,0.23717,-0.33325,0.43995,-0.59954,-0.68158,-0.83508,-0.66793,0.36088,0.89252,0.04488,0.27211,-0.68370,-0.63692,1.45074,0.90342,1.73070,-0.99555,-0.34510,-0.44953,-0.60006,0.83342,0.89770,0.86747,1.35486,0.92796,-0.41046,-0.51754,0.17344,0.66960,-1.28695,-0.49294,0.04549,0.26762,1.74046,0.72528,0.50986,0.22411,0.26601,-0.18661,1.40132,-0.34711,-0.78010,-1.53504,-0.55241,-0.01891,0.49983,1.33663,0.95791,1.13583,-0.56981,-0.12222,-1.01718,1.75735,1.00494,-0.32410,-1.46008,-0.50936,0.12841,0.31066,1.22048,-0.06627,0.27745,0.43624,0.83849,-0.03932,1.09133,0.23052,1.29472,-1.48952,-0.29294,0.25202,-0.87356,1.19777,0.60468,0.17656,-0.36347,0.96436,-0.10895,1.06884,1.54797,0.29780,-1.50750,-0.48037,-0.01731,-0.13434,1.30089,0.94449,0.63188,-0.93049,-0.23793,-1.72959,1.79502,2.05482,0.21790
# [82/100] 'pokedex' OK
pokedex,0.06738,-0.22193,-0.78479,-0.16684,0.67143,0.59034,0.36327,-0.76781,-0.38389,0.39254,-0.17246,-0.05403,-0.67076,-0.29027,-0.45316,0.10943,-0.79590,0.80781,0.72711,0.83208,-0.08973,-0.66499,-0.82356,-0.69997,0.84424,0.06409,-0.19682,-0.21915,-0.80386,-1.29637,0.89420,0.55074,1.25015,-0.41499,-0.18132,-0.04535,-0.96954,0.98215,-0.86718,0.33838,-1.40402,-0.53125,0.94768,0.15523,1.24418,-0.63112,1.70854,-0.24828,0.09125,-0.80540,0.81905,1.34944,0.02040,-0.68037,-0.20909,-0.47175,0.55560,0.62837,-0.25604,0.17528,0.04366,0.54061,-0.14741,0.06723,-0.29723,-0.19297,-0.58512,-0.39186,0.07360,0.94971,0.86397,1.11337,0.29533,-0.50944,-1.30486,-1.40119,0.87964,-1.05986,-0.31723,-0.44636,-0.47658,0.15604,1.42749,0.91198,-0.23841,-0.16606,0.10733,0.21510,-0.29474,0.21251,-0.49500,-0.35914,-0.55223,-0.21861,-0.57087,0.46678,1.11232,0.10079,-0.07945,-0.16928,-0.65499,0.37929,1.29723,1.19721,-0.21410,-0.59741,-0.20464,0.31086,0.89021,0.60158,0.24013,-1.15985,-0.09680,0.15976,-0.61831,0.04717,-0.42714,-0.12136,-0.46480,-0.25453,-1.27710,0.08977,0.95334,0.77650,-0.58459,0.08847,-0.33810,0.39637,0.74967,0.19742,-0.09656,-0.42351,-0.58888,-0.60406,0.38281,0.32801,0.64341,0.29013,0.58600,-0.66734,-0.03583,0.87608,0.29949,-0.34764,-0.69790,-0.74387,-0.76041,1.20967,0.90347,0.60806,0.17920,-0.00073,-0.77301,-0.00006,0.64606,-0.48377,-0.27961,-0.54713,-0.46425,-0.43918,0.81467,0.91189,0.66248,-1.35622,-0.35121,-1.44720,0.01587,1.07986,-0.10987,-0.11512,-0.31136,-0.71628,-0.15424,0.77473,0.48073,0.37024,-0.75411,0.52188,-1.13642,-0.35636,0.96228,-0.52022,-0.18158,-0.52143,-0.62506,-0.91287,0.79101,1.01053,0.55161,-0.05062,0.07602,-0.84527,0.56973,0.80732,-0.60523,-0.24567,-0.46977,-0.30446,-0.22921,0.78981,1.03112,0.45987,-1.89436,0.12679,-0.43080,0.30154,0.00458,-1.71829,-0.28942,-0.50053,-0.47906,0.83623,0.92823,0.87892,0.52844,-0.94568,-0.52253,-1.07893,-0.27455,0.45729,-0.45704,1.37020,-0.37951,-2.37518,0.33000,0.09970,0.15665,-0.18303,0.70411,0.70497,-0.58214,-0.50991,-0.79204,0.06479,1.93929,0.40477,-1.71034,0.79553,-0.12907,-0.38731,-1.32210,0.17819,-0.03219,-1.07058,-1.47020,-1.35706,-0.58920,2.00563,1.69552,-1.81352,-1.64832,-0.03663,-0.63500,-1.99060,-0.92202,1.24812,-1.61392,-2.60085,-0.29281,-1.81552,1.64409,1.81709,-1.93446,-1.32710,0.03964,-0.86039,-2.19617,-0.88261,1.81849,-1.74995,-1.51111,-0.44984,-2.76766,1.39823,1.69891,-0.86145,-1.57625,0.13560,-1.24439,-2.12137,-0.80650,1.54899,-2.05573,-0.83912,-0.07380,-2.05993,0.51683,1.70908,0.67261,-0.37171,0.60743,-1.52435,-2.34449,-1.45546,1.24606,-2.07757,-0.44885,0.70925,-2.11650,-0.54924,1.51376,1.80747,-1.65895,0.81332,-0.76384,-1.40453,-0.60159,1.53561,-0.54726,-2.26745,0.05084,-1.31331,-0.94369,1.20072,1.74374,-1.19143,0.30363,-0.82011,-1.18937,-0.54869,0.99841,-0.24958,-0.42650,1.23727,-0.44904,-0.91543,0.33816,2.24015,-1.35170,0.04455,-0.29939,-1.02187,-0.69597,1.11572,1.06206,0.33883,0.51976,-1.01660,0.79591,-1.08687,-0.51273,1.09355,-0.79967,0.90750,-1.04751,1.40289,-0.30096,-1.29808,0.13530,-0.22494,2.35000,0.28019,-1.26719,0.25475,-0.51821,-0.14368,0.56213,-1.58918,1.06396,-0.57840,0.45437,2.00503,0.48649,0.80141,0.91494,0.37837,1.88890,-0.42442,-0.89451,-0.09014,-1.90537,1.13044,-1.79631,0.69853,-0.93727,-1.31070,-0.08177,1.53656,1.05773,0.84971,0.37607,-2.03439,-0.73926,-0.86141,0.21093,-1.63910,0.10120,-0.97632,-1.68417,0.13462,1.59781,1.00674,0.39454,1.00350,-1.92825,-1.15408,-0.66229,0.67490,-1.16679,0.26109,-1.52061,-2.28710,0.52821,1.53435,0.97715,-0.02962,1.16378,-1.53322,-1.53960,-0.50547,0.43866,-0.92805,0.54897,-1.33136,-2.08613,0.64669,1.20715,1.05834,0.30481,1.91572,-1.15585,-1.91253,-0.55013,-0.34577,-1.31918,0.40778,-0.75324,-1.34506,0.94835,0.51797,1.26143,0.89000,1.58535,-0.40610,-1.53152,-0.16272,-1.16013,-2.28703,-0.42945,0.11414,-0.56142,0.71881,0.22028,1.42055,1.28869,0.79302,-0.41019,-1.71185,0.20639,-0.24444,-2.04801,-0.28393,0.14368,-1.37545,-0.72229,0.54944,1.33769,1.15435,0.44680,-0.74441,-1.65541,-0.26964,-0.56410,-1.98188,0.77273,0.58589,-1.59214,0.43207,0.97616,1.25108,0.30849,0.49452,-1.05753,-1.73071,-0.38176,0.50923,-1.77472,1.40210,0.04374,-1.69551,0.94234,1.39122,1.18079,-0.24069,0.84424,-1.58751,-1.61440,-0.01481,0.02126,-1.75111,1.80144,-0.43560,-1.72191,0.24264,1.51820,1.09520,-0.31809,0.42003,-2.00722,-0.98375,-0.47202,-0.00191,-1.42291,1.52756,-0.57802,-1.41750,-0.06234,1.26521,1.30182,-0.59389,0.50192,-1.85456,-1.18575,0.22885,-1.20618,-0.43024,1.13845,-0.64124,-0.91412,-0.35845,1.05893,1.01931,0.75378,-0.10712,-1.77218,-0.94641,-0.59190,-1.10931,-0.17638,0.63681,0.25314,-0.39310,-0.49598,-0.49489,1.20085,2.02115,-0.99937,-1.25111,-1.06670,-0.30704,-1.30259,1.06590,0.50802,0.51198,0.97055,-0.28692,-1.16458,0.76619,1.54736,-1.46166,-1.04369,-1.36994,0.57816,-0.42247,1.71141,1.84886,0.51902,0.57030,0.15184,-1.35690,0.51322,2.17823,-1.54829,-0.29316,-0.94953,0.60618,-0.50376,1.21551,1.92406,-0.10827,0.40498,-1.24623,-1.69776,0.29471,1.24975,-0.74237,0.17187,-0.90339,0.42565,-0.83495,1.38905,0.71671,1.19169,1.01192,0.28487,-0.10575,-1.14440,-0.19435,3.14870,-1.63082,0.01229,0.61404,-0.49160,0.48570,-0.18349,1.51231,1.48569,0.27248,0.36960,-0.64549,-1.40203,0.82369,-1.08932,0.80084,1.01734,0.14818,0.87950,-0.12770,-0.31178,0.68145,-0.49698,0.12994,-1.40720,-0.76789,2.34781,-1.34124,0.57417,2.26512,0.27033,0.49887,2.15668,0.43177,-1.74857,-0.43400,-0.26388,-1.32314,-0.08285,1.38186,-0.55454,1.04374,0.75890,0.29813,0.70288,0.60273,0.51817,-0.24810,1.70310,-0.82555,-1.25384,-0.33724,0.35451,0.29962,0.58403,1.42056,-0.15750,1.01812,1.76805,1.07442,-0.70729,1.31139,-1.08899,-1.14824,-0.20699,0.59441,0.86738,0.35060,1.34469,1.23604,-0.07040,0.55523,0.97862,1.03090,0.68768,-1.08482,-1.12137,-0.65577,-0.20986,0.95742,0.75939,1.34960,1.88843,0.49145,1.55425,1.57583,0.54220,0.18033,-1.27299,-1.26829,-0.29541,0.40471,1.18809,1.36263,0.88748,1.46851,0.21549,-0.27746,1.35777,-0.76615,1.01995,-0.99885,-1.02611,-0.09050,0.44687,1.12012,0.65153,0.53621,0.85788,-0.56476,-0.33883,1.40034,-0.05693,1.37963,-1.10406,-1.06266,-0.27672,0.04328,0.84281,0.68520,1.12351,1.40460,-0.26954,-0.41277,0.65944,0.54559,0.86993,-1.06236,-1.17675,-0.60560,0.21562,1.12381,1.13756,1.25297,0.73617,-0.29343,0.81546,1.97000,1.93048,-0.12101,-1.11051,-0.97730,-0.38656,-0.82158,0.52942,1.47666,1.01220,3.38738,0.28441,-0.19058,0.73467,-0.14492,1.31463,-1.15091,-0.81600,0.50230,-0.65533,0.08069,1.10489,-0.07945,2.38539,0.79115,-0.63640,0.44643,0.07569,1.52466,-1.42536,-0.65970,-0.30004,0.37765,1.05778,0.84324,0.45360,0.55247,0.68252,-0.71638,2.00221,0.79708,1.10644,-1.68265,-0.47695,0.46231,0.15396,1.31853,0.65515,0.17449,0.03664,0.85159,-0.20974,-0.52871,0.64722,0.82055,-1.61763,-0.16199,1.16648,-0.08902,1.49828,0.22295,-0.45649,-1.13217,-0.09021,-0.06505,1.80506,0.87077,0.60029
# [83/100] 'pokedex' OK
pokedex,0.22165,-0.03987,-0.59737,-0.60835,0.52020,0.71842,-0.33132,-0.44036,-0.81273,-0.41026,-0.68997,0.04559,0.45097,-0.07630,-0.80366,-0.73974,-0.88662,0.76332,0.85290,1.00365,0.13574,0.59212,-0.57164,0.64500,0.89174,0.09527,-0.34728,-1.01220,-0.67022,0.19035,1.25829,0.72061,0.36677,-0.28967,1.14338,1.09721,0.46262,0.50232,-0.60151,0.04999,-0.40832,-0.58183,-0.59301,0.87634,0.56377,0.81503,-0.84057,-0.20349,-1.00550,-0.75078,-0.14479,0.30030,-0.00345,-0.28337,-0.42722,-0.75297,0.81176,0.64270,1.32321,-0.88242,-1.44702,-0.58486,-0.92864,0.25212,-0.97232,-0.09212,-0.55581,-0.64132,0.12741,0.85228,0.75164,0.69078,0.39905,0.21644,-0.94491,-0.20459,-0.96293,-0.88840,-0.05904,-0.28391,-0.41333,-0.83170,0.62779,1.27642,0.54947,0.96399,-0.03390,-1.11209,-1.79336,-1.31892,-0.62728,-0.18137,-0.58306,-0.62657,-0.10794,1.07470,0.94532,-0.02536,-0.46108,0.05736,-0.09350,0.65098,0.36448,-0.68327,-0.11808,-0.50311,-0.17047,-0.87857,0.77914,0.77833,0.06797,0.38783,0.50514,-0.64999,-0.68112,-0.48574,-0.18403,0.10911,-0.50253,-0.61635,-0.74307,0.49732,1.14091,0.56386,-0.04767,-0.68291,-1.10027,0.50338,0.64200,-0.26989,0.06465,-0.49958,-0.56975,-0.91574,0.38841,0.38617,0.22670,0.98815,0.39176,-0.15103,-0.02791,0.14943,-0.29562,-0.05312,-0.45230,-0.64128,-1.00918,0.63157,0.42103,-0.17354,-0.01846,0.79916,0.47059,1.05763,0.29727,0.51951,-0.10580,-0.22783,0.15742,-1.43660,0.29450,1.09847,0.15775,-1.03994,0.39051,-0.32327,0.33818,0.13676,-0.00233,1.71853,-0.20364,-2.36402,-0.07121,-0.10344,-0.21707,-0.65668,0.07559,-0.08992,-0.88497,1.13622,0.48023,0.51668,1.64215,0.11088,-1.99376,0.29130,-0.33453,-0.47874,-0.88672,1.25137,0.28240,-1.32795,0.80328,0.23988,-0.26066,1.95887,1.55696,-1.13093,-0.86754,-0.26379,-0.80432,-2.56305,-0.28633,0.04716,-2.02506,-1.51086,-0.29058,-1.64321,1.73598,1.86890,-0.95995,-0.58844,-0.48949,-1.57633,-2.24720,-0.47722,1.48739,-2.51616,-1.60451,0.34752,-2.49401,1.08997,2.20190,-0.59236,-0.54357,-0.02015,-1.93841,-2.42552,-0.98927,1.43092,-1.90515,-1.67566,1.07269,-2.01916,-0.21561,1.45674,1.11037,-1.00884,0.67788,-0.91217,-1.14810,-1.35362,1.29642,-0.86884,-1.56131,0.75514,-1.25308,-0.75396,1.31651,1.10816,-1.91287,0.00449,-1.51212,-1.13919,0.15989,1.68493,0.20691,-0.70820,1.58538,-0.46378,-0.41694,0.33028,0.17053,0.59266,-0.02163,-1.20504,-0.09442,-0.54362,0.05737,0.98363,0.04569,0.82026,0.14270,1.17204,-1.28813,-2.00101,3.03168,-0.42051,0.48328,-0.80887,0.27242,-0.66807,-0.10797,-0.88053,0.77345,0.30231,0.70000,-1.13066,-0.97471,0.71641,-0.11813,1.13768,-0.87247,-0.20647,-0.34839,-0.98705,0.38174,0.34558,0.93766,0.40730,-0.29632,1.25918,0.73864,-0.41574,0.38267,-1.62732,0.02582,-0.85367,-0.81709,-0.15916,-1.59882,0.02579,1.74348,1.08039,0.84812,1.17527,-2.21198,-0.63771,-1.69202,-1.22731,-1.24281,-0.83717,-0.26725,-1.51274,-0.13516,1.64313,1.22661,0.55131,0.85230,-1.98907,-1.13262,-1.67881,-0.99478,-1.00477,0.66730,-0.75928,-1.62773,-1.12834,1.38942,1.45408,0.19018,0.72663,-1.84534,-1.37179,-1.07961,-1.17753,-1.96134,1.19119,-0.47661,-1.70080,0.14163,0.18507,1.67903,1.43172,0.20007,-0.75136,-1.58449,0.21212,-1.91563,-1.61414,0.90459,-0.75333,-1.54214,-0.30632,-0.31798,1.73379,2.20155,-0.21642,-0.45778,-1.48029,-0.20049,-2.34971,-0.47749,0.45599,-0.43288,-1.53634,-1.29458,-0.67062,1.70275,2.45427,-0.60342,-0.67885,-0.91069,0.41718,-1.14736,-0.60003,-0.68706,-2.01730,-0.54159,-0.98759,-0.38430,0.89733,1.60362,0.20212,0.11854,-0.47468,-0.17865,-0.72594,-1.93361,-1.27321,-1.84871,0.35214,-0.45518,0.90127,0.96657,0.51274,1.27389,-1.17611,-1.55621,-1.01802,0.40505,-1.85746,0.34857,-0.83961,-1.94102,0.55307,1.77506,1.10714,-0.43241,1.17358,-2.01984,-1.09713,-1.43154,-0.02904,-2.22428,1.50917,-0.08114,-2.80277,-0.05074,1.77540,0.95476,-0.65527,0.75515,-2.11098,-1.33213,-0.22721,0.22764,-1.58432,0.96047,-0.85545,-2.08048,0.68497,1.71947,0.78733,-0.35699,1.18933,-2.26358,-1.06963,-0.13253,-0.30587,-1.19020,0.55278,-1.56415,-1.29291,0.72468,1.44940,0.84104,0.08510,1.26606,-2.25579,-1.05610,-0.29151,-1.67176,0.46841,-0.13057,0.41874,-0.96185,0.28083,0.12995,0.69071,1.49850,1.34474,-1.47554,-0.87781,-0.30436,-1.30911,1.08864,0.30228,1.08108,-0.73875,-1.52029,-0.54979,0.44110,0.82754,0.33116,-0.78901,-1.05433,-0.15270,-0.29414,2.05956,1.63819,-0.37208,-0.40132,0.50317,-0.75326,0.48010,0.92157,-1.20853,-0.46402,-0.78149,0.47493,-0.23665,0.86332,1.31491,0.03365,0.95277,-0.02669,-1.15281,0.56488,1.89696,-0.97983,-0.27409,-0.71243,0.49737,-1.32858,1.21773,0.97293,0.66954,-0.00314,-1.90648,0.26691,-0.42592,-2.01486,1.73752,0.56282,-1.05101,-0.74448,0.07897,0.47624,0.38771,1.98682,0.06669,0.02885,0.44052,-0.74744,-1.13133,2.69256,-0.62805,-0.68049,0.54066,0.81240,-0.03496,1.37463,0.11442,-0.46814,-0.07169,0.01991,-1.39822,-0.74639,1.95621,-0.59539,0.76919,1.46471,0.98867,-0.23436,1.50776,0.73267,0.12611,1.98269,-0.59418,-1.40120,-0.57549,0.27994,-0.04753,0.21821,1.87384,1.88493,0.74635,2.16962,1.12472,0.54042,2.86599,-0.40463,-1.26130,0.25748,0.09437,0.01912,1.09883,0.29348,1.64621,-1.06016,0.48992,0.06487,0.47291,0.60689,-0.60464,-1.63091,0.12237,0.26772,0.05222,0.72266,0.47055,2.28505,1.15214,1.68831,1.25298,0.34308,1.53131,-0.58678,-1.34520,0.19044,-1.37085,0.41837,1.43309,0.75929,2.21036,0.53554,0.95162,0.20354,0.38425,1.44295,-0.61700,-1.59705,-0.66478,0.25394,0.32208,1.80747,0.83568,1.84185,0.35734,1.37194,1.78203,0.81328,0.46469,-0.50898,-1.54205,-0.35659,0.90977,0.31234,1.09405,0.75950,1.76354,-1.33503,0.78353,1.88048,0.19199,0.50500,-0.80483,-1.48307,-0.61229,-0.85684,0.42287,1.80956,1.24586,1.15342,0.03517,0.13445,0.86155,0.74855,2.92794,-0.38723,-0.33853,-0.51773,-1.24620,0.44699,0.98589,0.56710,0.76846,1.36800,-0.97578,0.74254,0.84273,-0.06512,-1.25088,-0.55580,0.58201,-0.14595,1.14642,0.57135,-0.08999,0.85497,0.83523,-0.38899,1.47140,0.41297,0.94486,-1.17141,0.09779,0.72378,0.12316,1.23758,0.17745,-0.14252,-0.12800,0.29882,-0.61501,-0.41509,-0.18524,-0.02480,-1.42033,0.01010,0.81421,-0.57801,1.34506,0.34604,0.95850,-0.05990,0.07398,-0.21978,-0.31412,0.60968,-0.46063,-1.49714,-0.04234,0.95511,-0.20540,0.78508,0.39751,1.31147,0.46481,-0.08146,-0.94432,-1.10929,1.13949,1.02117,-1.49424,-0.50614,0.45765,-0.15831,1.35342,1.24196,1.33439,-0.61736,-0.88466,-0.35150,1.69432,0.41619,-0.15998,-1.47219,-0.34552,0.29713,-1.08877,0.94418,0.08546,1.49408,0.26607,0.64895,0.43050,0.84652,1.40948,0.07759,-1.46000,-0.62636,0.40056,-0.41508,1.02566,0.62392,0.68882,0.53709,1.17865,0.47436,0.70767,0.27950,-0.32075,-1.30072,-0.33124,0.35753,-0.46915,1.36904,0.61635,0.69750,0.69767,-0.03640,0.01598,0.32583,0.58888,-0.18828,-1.18889,-0.33846,0.37247,-0.77868,1.00227,0.28901,0.60191,0.30470,0.60100,-0.71229,0.20388,1.88764,0.98542,-1.29325,-0.56662,0.41672,-0.41626,1.27966,0.91692,1.10003,-0.45635,0.11006,0.16619,1.05893,1.85815,0.19635
# [84/100] 'pokedex' OK
pokedex,0.25238,-0.17159,-0.25094,-0.51141,0.42673,0.53376,-0.32477,0.39343,-0.01597,-0.39447,0.46501,-0.39736,-0.77026,0.01856,-0.51087,-0.56550,-0.70227,0.79994,0.89519,-0.41114,-0.63347,0.83181,-0.41960,0.54734,1.25473,-0.73322,0.20036,-0.44472,-0.40264,0.43764,0.64356,0.24726,-0.02235,-0.52473,-0.00387,-1.32812,0.60903,0.78338,0.05955,-0.03393,-0.51055,-0.51608,-0.20059,0.28072,0.90713,0.36538,-0.21772,-0.07629,-1.21569,-0.90153,1.04462,0.22676,0.11430,-0.29634,-0.52774,-1.16011,0.34103,1.24334,0.11692,0.59000,-0.51795,-0.14565,-0.99642,-0.34149,-1.35055,0.10173,-0.42050,-0.68995,0.40711,1.03650,1.03709,0.12647,-1.01682,-1.41345,-1.07300,-1.69835,0.09363,0.10463,-0.00820,-0.52364,-0.61637,0.55300,0.88279,0.55568,-0.20190,-0.41727,-0.26669,-0.25640,-1.25916,0.47666,0.41549,0.06980,-0.46342,-0.35778,-0.58112,0.58969,0.61456,-0.74656,-1.09111,-0.58428,0.27684,0.92249,0.11673,0.72656,0.02957,-0.45095,-0.48954,-0.32441,0.74083,0.99356,0.13130,-0.06552,0.21705,-0.32411,-1.49265,-0.13855,-1.41659,0.00897,-0.39985,-0.64625,-1.10530,0.29021,0.84348,0.57187,-0.09247,-0.63557,0.16625,-0.40000,0.18848,0.72920,-0.11038,-0.73515,-0.85581,-0.70595,0.88261,1.03980,0.51945,-0.20925,0.23754,-0.00762,0.14789,-0.23897,-0.01080,0.28358,-0.43727,-0.85588,-0.13938,0.63816,0.72431,-0.08620,-0.42849,-0.73452,-1.03319,-0.06938,0.52908,0.82920,2.19857,-0.51891,-2.79951,0.32453,-0.24768,-0.25372,-0.60888,1.24711,-0.42996,-0.68013,1.11012,0.99708,0.42733,1.71227,1.49711,-1.22746,-0.61313,-0.12939,-1.06949,-2.06095,0.13236,-0.06378,-2.21320,-0.54672,-0.95601,-1.35319,1.66540,1.99445,-1.19091,-0.55182,-0.38743,-1.32148,-2.26571,-0.12144,0.93648,-2.48321,-1.21192,-0.51692,-2.83829,1.25936,2.08946,-0.72679,-0.48492,-0.11912,-2.20781,-1.80253,-0.27219,0.20874,-2.06110,-0.36021,0.30314,-2.26870,0.04129,1.65011,0.17044,-0.67921,0.99996,-1.14117,-1.61087,-0.07178,0.85662,-1.52945,-0.35682,0.13428,-1.59537,-0.58676,1.22200,1.05948,-2.61826,-0.09957,-1.33093,-0.51773,-0.21385,1.44083,0.19666,0.23651,1.09288,-0.28795,-0.86040,1.01459,0.65354,-2.32099,0.44133,-1.19573,-0.75798,-0.28405,2.30808,0.89838,0.06975,0.88693,-0.98620,0.49106,-0.67989,-1.01191,1.28195,-0.81945,0.48318,-1.04959,0.07713,1.41799,-0.80428,0.00978,-0.23210,1.28371,1.13988,-0.95511,-0.96451,0.36081,-0.82559,0.85567,-1.28755,0.94731,0.17361,-1.18060,-0.13317,0.18126,1.11309,0.56518,-0.90105,0.35330,-1.10687,-0.43998,1.47932,-0.27533,2.21349,-0.51864,0.28824,-0.26018,-0.15428,0.99036,1.17229,1.06052,1.76678,-0.25313,-1.29563,-0.44178,-1.76981,-0.26016,-2.10544,0.07238,-0.94434,-1.87247,-0.50534,1.65003,1.26292,0.83606,0.67246,-1.63379,-1.47871,-1.05763,-0.78885,-1.63591,0.34968,-1.94066,-1.94231,-0.41285,1.39131,1.52714,0.84432,0.27415,-1.53880,-1.41338,-1.39928,-1.01253,-1.94331,1.00985,-1.05568,-1.72100,-0.20419,0.81197,1.67858,1.22933,1.15995,-1.27341,-1.58834,-1.24952,-0.79541,-1.93649,0.30134,-0.12429,-2.26190,0.01501,-0.12102,1.71923,2.54599,-0.45626,-0.28557,-1.23695,-0.88711,-1.69069,-1.39433,-0.27817,0.34725,-1.04281,-1.04019,-0.43658,1.47194,2.90902,-0.15027,-0.32011,-1.19718,0.01212,-0.84226,-1.30310,-0.93574,-2.44672,-0.52386,0.07270,-0.41780,1.60760,2.34919,-0.84910,0.19003,-1.21060,-0.44936,-1.16894,-1.51220,-0.98187,-0.92686,-0.62990,-1.36353,0.79921,0.80727,0.35895,0.82192,-0.83449,-0.93231,-0.80087,-0.04274,-1.03147,0.01946,-0.48491,-1.10918,-0.18126,1.67024,1.29475,-0.30107,1.36782,-1.67664,-1.73007,-0.89542,0.11359,-1.96621,0.43832,-0.44507,-2.31021,-0.70383,1.97333,0.70327,-0.74386,0.51820,-1.67734,-1.13034,-0.81181,-0.10197,-1.33227,1.45297,-1.33534,-2.29833,0.05820,1.78884,0.65012,-0.79552,1.21315,-2.09212,-0.85317,-0.25918,0.24997,-1.45924,0.88386,-1.37745,-1.81314,0.71197,1.72356,0.47703,-0.32061,1.09094,-2.12760,-0.72163,-0.45216,-0.47913,0.10142,0.07683,-0.68551,-1.42103,-0.38988,1.03041,0.75934,0.30297,2.15483,-2.36114,-0.64451,-0.81074,-1.27211,0.87644,-0.57775,1.37732,-0.32604,-0.43965,-0.18406,0.50095,0.91702,1.20386,-1.02166,-1.06274,0.73222,-1.60862,0.63726,0.78517,-0.24802,0.00713,0.67124,-0.51666,0.35550,1.15886,0.05317,-0.71992,-1.12102,0.71188,-0.93184,1.19328,1.05038,-1.09331,0.07270,1.15900,-0.85161,0.44731,1.27487,-0.61619,-0.74922,-0.52193,0.58900,-0.95711,1.17272,1.25389,-0.77364,-0.51277,-0.92006,-0.37961,-0.33912,-0.43324,2.42742,-0.55578,-1.10554,1.03096,-0.89003,1.48546,0.10031,0.09055,0.44633,-0.78065,0.55579,-0.67200,-1.98332,2.19333,-1.25076,-0.60450,1.80755,-0.16389,0.59898,-0.28951,1.14533,1.85691,1.47061,0.07277,-1.39638,-0.77799,2.41341,-0.97803,-0.31679,1.87608,0.66793,0.02529,1.71590,0.08513,0.39253,2.15095,-0.30624,-1.54586,-0.40418,0.80390,0.20148,1.10537,0.81001,0.52216,-0.31395,2.26002,1.59896,-0.00886,1.03007,-0.50741,-1.34431,-0.42979,-0.23862,0.15031,0.58286,1.76374,1.58759,0.68322,1.87970,0.94166,0.66060,1.25598,-0.70668,-1.16993,0.15218,-0.02783,0.17796,0.67428,1.44336,3.07154,0.05584,1.26549,0.00599,-0.26549,0.82459,-0.86103,-1.84969,-0.92090,-0.33775,0.22756,0.67730,1.32165,2.49795,1.32959,1.86517,2.41789,1.56992,1.19479,-0.61140,-1.45395,-0.45610,-0.20827,0.16658,0.90223,1.17347,2.69684,0.25443,1.22426,1.65599,-0.76169,0.59212,-0.65346,-0.90924,-0.05186,-0.42230,0.41008,0.91473,0.36138,0.63580,-0.62092,0.24724,1.41529,0.69834,0.83410,-0.91097,-1.36392,-0.43538,0.40989,0.89233,0.93696,0.13322,1.24070,0.24657,1.18043,1.53428,0.78047,1.60873,-1.02527,-0.95187,-0.70077,-0.33787,0.39846,1.32008,1.40429,1.93421,1.11052,0.48623,1.80514,-0.34527,0.67680,-0.90952,-0.19513,0.48302,-0.13940,0.76334,0.65376,-0.20113,-0.26163,-0.21561,-0.79908,1.00934,1.24542,0.94719,-1.02855,0.44558,0.93615,-1.40380,0.27178,-0.37086,-0.07770,-0.54205,0.56763,0.99983,0.05607,0.57078,1.10544,-1.42741,-0.36318,0.54476,0.03553,1.58587,0.80635,1.36486,0.08117,-0.06735,-0.45177,-0.04635,0.30631,-0.52658,-1.35070,-0.21609,0.84228,-0.28993,1.12533,0.10311,0.46536,-0.68105,0.98910,-0.30892,0.12740,0.73810,-1.14436,-1.43283,-0.58301,0.53395,-1.20906,1.16963,0.80170,0.70892,-0.62382,0.80190,0.28250,0.03015,1.22997,0.76448,-1.30365,-0.41127,0.64855,-0.34420,1.12863,0.78237,0.67510,-0.43507,0.17710,0.80107,1.66763,1.46983,0.21441,-1.29243,-0.55721,0.08961,0.09724,1.60966,1.05492,1.45483,-0.05077,-0.02615,-0.55502,-0.02494,0.51293,-0.00118,-1.34803,-0.54671,0.18161,-0.49002,1.24207,0.85070,0.86214,0.06726,0.48163,-0.96552,0.68887,1.17203,-0.29314,-1.11456,-0.14178,0.07456,-1.52357,1.37933,0.91068,0.78821,-0.81047,0.18052,-0.25111,0.05937,0.48726,0.04453,-1.25862,-0.40965,0.43460,-0.02519,1.19868,0.91250,0.56762,0.23709,1.42236,-0.15168,0.56911,0.58782,-1.33584,-1.07983,-0.64353,0.00945,0.35573,1.19773,1.17653,0.99183,-0.17973,0.37051,0.01093,0.64710,0.72209,-1.05813,-1.15638,-0.75313,-0.21073,0.49651,0.97931,0.58291,0.27053,1.04643,0.73443,-0.14363,0.24586,0.53161,0.60299
# [85/100] 'pokedex' OK
pokedex,0.45843,-0.23433,-0.54385,-0.10371,0.37392,0.70392,0.32804,-0.64919,-0.10242,-1.16681,-0.35650,-0.51288,-0.81984,0.15954,-0.64141,-0.56484,0.11678,0.50229,0.58254,-0.41264,-0.57409,-1.03535,0.76795,0.31213,0.70344,-0.03598,0.19793,-0.67394,-0.49275,0.28613,0.36537,0.70850,0.55275,0.73884,0.00261,-0.37235,-0.54618,-0.19641,-0.11870,0.26166,-0.45693,-0.64849,-0.01650,0.19955,1.14289,0.10241,-1.40840,0.30376,-0.55605,-0.64694,-0.17781,0.32966,0.25123,-0.25581,-0.19449,-0.18605,0.11540,0.61607,0.23688,-0.88782,-1.08093,-1.28464,0.68679,0.51639,-0.02609,0.29240,-0.57385,-0.49072,0.68209,0.33051,0.63856,0.51312,0.24451,-0.78798,-0.47632,-0.48749,-0.78780,-0.26255,0.28190,-0.71446,-0.46279,-0.12141,0.61980,0.46746,-0.20188,0.46707,0.14508,-0.89517,0.50872,0.34524,-1.11702,0.32081,-0.63140,-0.42336,0.00277,0.12863,1.14319,0.79809,0.25348,-0.12249,-0.82062,-1.14914,-0.15175,-1.75119,0.08688,-0.51606,-0.84978,-0.45112,0.07319,0.58570,0.67495,0.81034,0.18637,-0.91444,-0.35879,0.59772,0.51407,0.20257,-0.34431,-0.41119,0.07374,0.32912,0.76988,0.21703,0.07523,-0.91825,-1.79198,-0.56704,-0.39482,-0.30694,0.25061,-0.35707,-0.68886,0.46286,0.49003,-0.09106,-0.42008,-1.01991,-0.89353,0.01470,0.18929,0.74454,-0.62971,0.57784,-0.44218,-1.11205,0.15984,0.40801,0.48731,-0.42546,-0.97216,-0.00185,-0.33777,0.55489,-0.10420,-0.68167,2.36581,-0.05005,-2.01124,1.00219,-0.28774,-0.04646,-2.31729,-0.52613,-0.26748,-1.89340,-0.85208,0.02513,-0.11017,1.95312,1.66869,-1.51588,-1.62327,-0.22127,-0.76587,-2.25681,-1.03880,1.54174,-2.25878,-1.89255,-0.99518,-1.40759,1.57657,2.12135,-1.42605,-1.50562,-0.22132,-1.40690,-1.58402,-1.81356,1.87020,-1.83797,-1.35431,-0.98459,-1.85613,0.78161,2.29573,-0.01890,-2.21326,0.22441,-1.28425,-2.58664,-0.64153,1.11066,-1.88357,-0.79635,0.20437,-2.53583,0.01477,1.55210,0.38942,-1.65626,0.85339,-0.65717,-1.82414,-0.12963,0.80310,-1.24429,-0.82651,0.41391,-1.57134,-0.50175,1.34975,0.64453,-2.68956,0.33232,-1.63584,-0.72941,0.09325,1.32856,0.81503,0.47998,0.13055,-0.96575,-0.70298,0.86199,0.96767,-1.24602,0.24819,-1.30900,-0.28925,-1.08661,1.81805,1.19375,-0.85012,0.54147,-0.51361,-0.26417,0.05272,-0.13172,0.49687,0.04226,-0.23608,-0.89370,-0.09814,0.98399,-0.84519,0.48619,0.62894,0.13781,0.85599,-0.51030,-1.31161,0.69432,-0.86619,0.43377,-1.01098,1.48587,0.32117,-1.55017,0.96829,0.75442,1.19511,-0.01670,-1.40721,0.48865,0.10313,-0.72650,1.31176,-1.11123,1.39368,0.69269,1.08206,0.79700,-0.18670,2.79355,0.77102,0.64040,1.40556,0.35631,-1.30024,-0.23563,-1.40541,-0.01798,-1.58689,-0.38202,0.09970,-0.65568,-0.67197,1.38697,1.29662,0.59241,0.53133,-2.03044,-1.00204,-0.93962,-0.13328,-1.70529,0.39998,-1.26769,-1.54303,-0.04917,1.22851,1.39528,0.53923,0.59683,-1.42029,-1.27718,-1.00234,-0.41573,-1.34585,0.61794,-1.87663,-1.64630,-0.35935,0.68592,1.43024,1.17820,1.37247,-1.06955,-1.49577,-1.00388,-1.32513,-2.02151,-0.25896,0.26163,-1.78978,0.59663,-0.23306,1.43238,2.29498,0.19116,-0.59791,-1.33168,0.49060,-0.59893,-0.68838,-1.53094,-1.52988,-1.57743,0.44034,-0.43000,1.34916,2.74678,0.43160,-0.26255,-1.54795,-0.59278,-1.27997,-1.14394,0.34204,-0.98102,-0.87321,-0.37326,-0.44920,1.20464,2.11693,-0.76071,0.08869,-0.75669,-0.23170,-0.53161,-1.53613,-0.04007,-0.91456,-1.40765,-0.82590,0.37681,0.55864,0.06987,2.12828,0.27996,-1.55360,-0.69312,-0.39427,-1.05045,-0.64861,-1.63234,-0.13283,0.12951,1.43976,1.11389,-0.29412,1.56396,-1.53146,-1.64225,-0.56233,-0.01418,-1.81939,0.67114,-0.25517,-2.30865,-0.41938,1.88355,1.06473,-0.75438,1.32822,-2.10743,-1.55271,-0.14162,0.35391,-2.06733,1.04200,-1.15982,-2.21591,0.77497,1.92242,0.88348,-0.66909,0.69160,-1.99329,-1.16206,-0.18856,0.28307,-1.41196,0.53840,-1.57591,-1.85346,0.35806,1.71673,0.98928,-0.45079,0.52532,-1.96830,-0.98236,-0.43959,-0.10061,-0.92414,0.20843,-1.13720,-1.60132,0.54764,1.41779,0.99958,0.21604,0.35484,-2.03169,-0.72829,-0.60443,-0.83822,-0.22520,-0.44047,-1.06630,-0.45746,-0.06406,0.49583,0.99386,1.25421,0.49380,-1.75209,-0.73799,-0.60349,-2.28370,1.01732,-0.42698,0.69118,0.07424,-0.75397,-0.37682,0.42042,1.23527,-0.81659,-1.46517,-1.49198,0.55131,-0.72592,0.45376,1.93226,0.09853,0.47889,1.04791,-0.64668,0.44264,1.51641,-0.97537,-1.04712,-0.82770,0.97364,-0.53702,0.78923,1.41569,-0.08896,0.82356,0.17902,-0.84705,0.60097,1.50230,-1.35891,-0.35957,-1.24693,0.45966,0.18035,1.28223,0.57016,-1.62708,0.36582,-0.16673,-0.36932,-0.17056,-0.12698,1.54671,-0.41872,0.30323,-0.23795,-2.07273,0.41028,0.99054,0.24535,0.27103,-0.77600,0.48388,-0.60937,-1.29238,2.19287,-0.68140,0.31870,-0.37405,-0.30731,1.32215,1.11592,1.27287,-0.36065,0.00400,-0.05595,-1.21154,-0.28833,1.52064,-0.39060,0.98453,-0.17694,-0.71155,1.25743,2.14706,0.60826,-0.02408,-0.05429,-0.61482,-1.29370,-0.27311,1.24506,0.61956,1.23326,0.99312,1.39628,1.07852,1.03164,-0.00221,0.76972,1.29483,-0.79268,-1.11570,-0.48874,-0.13465,0.84716,0.89938,0.73049,0.71519,1.33790,1.29555,1.20042,1.41108,0.62295,-0.70806,-1.13838,-0.40730,0.26909,0.75276,0.13023,0.36662,1.27324,0.98721,1.32667,1.79103,1.39297,2.29194,-0.58863,-1.08210,-1.17056,-0.17260,0.88042,1.12161,1.23163,1.93199,0.74279,0.89316,0.91311,0.50475,1.55065,-0.38321,-1.40517,-1.18351,0.15209,0.55597,1.23938,0.06618,1.92797,0.19841,1.04828,1.12784,-0.10212,2.02114,-0.39753,-1.39091,-1.22590,0.45469,0.47673,1.84890,1.00341,1.96876,0.03927,0.19021,0.03164,0.38956,1.23551,-0.53111,-1.42980,-1.50011,0.93168,0.72285,1.45424,1.63922,2.03460,-0.10254,0.40443,1.50568,-0.77288,1.12990,-0.69393,-1.41325,-0.84705,0.65204,0.72925,1.19859,1.10043,1.02497,-0.03405,0.21950,-0.20278,-0.10423,1.30314,-0.57269,-0.54873,-0.42032,-0.44119,0.54436,1.18776,1.76390,0.78393,-1.18259,-0.60504,0.88745,-0.06149,-0.17035,-1.14190,-0.34060,1.05722,-1.49512,0.56620,0.74951,0.45669,0.15767,-0.41050,-0.14676,0.83131,0.34164,-0.37849,-1.47213,-0.55250,1.00062,-0.95621,0.88054,0.60329,1.03163,-0.19976,-0.45361,0.66699,1.38768,1.17023,-0.61058,-1.52195,-0.50717,0.74933,-0.77652,1.34103,0.70773,0.84437,-0.63038,0.44923,-0.43328,0.80757,0.89867,0.80521,-1.65038,-0.80465,0.78040,-0.36922,1.70264,0.91639,1.23325,-0.51064,0.25452,0.26367,1.19692,1.34300,0.62992,-1.66633,-0.75843,0.71360,-1.00392,1.28872,0.84818,1.29906,0.57741,0.54082,0.33391,0.75740,0.65604,0.16947,-1.57198,-0.60626,0.31603,-0.87019,1.60340,0.96095,1.25000,0.56027,0.23099,-0.10003,0.45703,1.14975,-1.08115,-1.41254,-0.55839,-0.19889,-0.45614,1.72244,0.13915,1.37713,1.83145,0.01722,-0.00121,0.99777,1.72020,-1.02913,-1.33955,-0.92944,0.10285,0.33136,1.35731,0.00045,1.17407,0.69626,0.37107,0.59334,2.20997,2.31138,-1.05186,-1.33553,-0.61515,0.23088,-0.68825,1.15140,0.14857,1.07156,0.82938,0.17501,0.65288,1.39774,1.67684,0.72594,-1.41022,-0.42744,0.78070,-0.85429,1.00306,0.41987,0.73011,0.38594,0.85671,0.35862,0.24017,0.62484,0.71686
# [86/100] 'pokedex' OK
pokedex,2.23664,1.79026,-2.17314,-1.99713,-0.37600,-1.37151,-2.30494,-0.29140,2.11745,-2.65016,-1.86715,-0.87291,-2.43806,1.93851,1.95271,-1.63595,-1.10219,-0.39185,-1.93452,-1.86738,-0.73912,1.66699,-2.93268,-1.24562,-0.62794,-1.92714,1.22675,2.02842,-0.61884,0.19296,-0.00787,-2.38724,-1.54665,-0.54604,0.42183,-2.47077,-2.00038,0.38565,-1.49254,0.39950,1.86783,0.26235,-0.67766,0.43747,-1.68904,-1.51039,0.33871,1.00013,-1.61414,-1.66845,0.04084,-2.38265,-0.04709,1.36820,1.07034,-1.87324,0.43604,-1.36589,-1.31792,-0.73412,1.62581,-0.21143,-0.86482,0.05653,-1.79179,0.18791,0.34191,1.04153,-0.26825,-0.37318,-0.42684,-1.67376,0.42223,0.68555,-0.12192,1.18301,-0.53409,-1.06339,1.66826,-0.78572,-1.28011,-0.34630,-0.89461,0.93343,-1.83794,1.38246,-0.58619,-0.75326,0.16769,-0.30124,0.54691,0.72477,-0.60139,0.72187,-1.81259,0.03982,0.39945,-1.37632,1.54336,-1.22296,0.28897,-0.73963,-0.15330,0.99873,1.18188,1.10375,1.53040,-0.66427,-1.54626,-0.57511,-1.54948,-0.45609,-1.52460,-0.05770,-0.06713,-1.16942,-0.59338,1.85861,1.05883,0.24312,0.31190,-1.98436,-0.62566,-1.58905,-0.06690,-0.78060,-0.13931,-1.55501,-1.64773,-0.06172,1.87140,1.09078,0.22741,0.19715,-1.97649,-0.95803,-1.34359,0.19897,-1.12971,0.13776,-1.25885,-2.03557,0.28329,1.66082,1.09608,0.58257,0.52304,-1.69622,-1.38811,-1.66851,0.04468,-2.09723,0.37645,-0.42179,-2.14996,0.54828,0.68331,1.19749,1.57150,0.89786,-1.04453,-1.29332,-0.36015,-0.27557,-1.98944,0.04240,-0.98367,-1.99629,0.56019,0.18437,1.62902,2.35323,-0.78999,-0.53962,-1.03580,-0.31534,-0.71560,-2.55028,-0.51153,-1.39304,-0.74784,0.32844,0.03330,1.44336,2.34856,-0.70673,-0.40620,-0.72495,0.33379,-0.76530,-1.91426,-1.30102,-2.01659,-0.88458,-0.23899,0.52399,0.84814,0.74757,1.49838,-0.21561,-0.48316,-0.46619,-0.12057,-0.85290,-1.90642,-2.00582,-0.91027,-0.58390,1.27478,1.30469,-0.17199,0.31136,-1.16947,-1.39458,-1.15628,-0.09063,-1.41947,0.74772,-0.82243,-1.62406,0.10488,1.98745,1.05544,-0.58482,0.46599,-1.97161,-1.32865,-0.91896,-0.06230,-1.30869,0.62368,-0.88270,-1.96122,0.17240,2.05928,0.95847,-0.67279,-0.13104,-2.00405,-0.97117,-0.78185,-0.40691,-0.46325,-0.08724,-0.82792,-1.41107,-0.19330,1.87359,1.03614,-0.54673,0.45861,-2.13174,-0.86634,-0.96338,-1.21082,0.10132,-0.56936,0.11379,-0.96636,-0.28085,1.05724,1.16003,0.67047,0.86855,-1.76609,-1.07884,-0.70323,-3.11688,1.08689,-0.07628,-0.11705,-0.13338,-0.65605,-0.01651,0.89334,1.45751,-1.60399,-1.48766,-1.39300,-0.33659,-1.78312,1.41635,0.93900,-0.32691,0.01149,-0.96040,-0.30710,0.63859,1.26984,-1.41500,-1.05905,-1.03000,-0.13734,-0.83809,1.90255,1.54207,-0.28122,0.12142,-0.94448,-0.58117,0.49326,1.45801,-1.93894,-0.69397,-0.95105,0.24698,0.16586,0.65146,1.31299,0.46208,0.71153,-0.65806,-0.28132,0.28232,0.42153,0.23776,-0.42740,-0.68215,0.18205,-1.71091,0.60263,1.54723,-1.01824,-0.04280,0.00120,0.73935,-0.62831,-2.41982,1.70195,-0.71924,0.55405,0.77928,-0.37929,0.99260,0.84172,-1.53781,-0.16170,1.42550,0.30010,-1.41450,-1.20927,3.89802,-0.70076,0.45529,0.90454,-0.07607,-0.40024,1.58806,0.36657,-0.90642,1.00545,0.03651,-1.04615,-1.08743,1.42462,-0.23965,0.97943,1.17961,0.29405,-0.43611,0.53002,-0.19293,-0.18277,2.09303,-0.33075,-1.29851,-0.95139,0.97003,0.21508,0.92369,0.96178,0.27453,0.43986,2.00217,1.15919,0.14558,1.59286,-0.46551,-1.06660,-0.57638,0.41056,0.20100,0.29153,0.97612,0.56230,-0.16657,1.17017,1.60102,0.91970,0.89315,-0.48270,-1.09140,-0.97444,-0.75683,0.39889,1.40523,1.24188,1.81873,0.23521,0.39315,0.51845,0.01606,-0.59565,-0.55587,-1.46014,-0.81909,0.21309,0.47812,1.03338,0.74468,1.94192,0.26367,0.92045,2.07619,1.10772,1.13196,-0.45981,-1.19911,-1.03548,0.13777,0.50755,1.38843,0.64617,1.52388,-0.15880,0.75843,0.57458,-0.05654,1.23172,-0.62907,-1.47284,-1.42236,-0.02171,0.72397,1.85825,1.56892,2.36329,1.34423,1.25578,0.86032,-0.35226,-0.58752,-0.45032,-1.11888,-0.97601,0.61515,0.17666,1.25663,0.52412,0.89158,0.45800,1.07872,1.47285,0.44576,1.44373,-0.59765,-1.21155,-0.82768,-0.40307,0.13441,1.23690,1.41799,1.95123,0.40153,1.27931,0.68442,-0.82273,1.57153,-0.42970,-0.86449,-0.64043,-0.24975,0.85772,1.34014,0.74519,-0.41007,-0.15655,0.82426,0.36621,0.04707,0.97560,-0.70997,0.21005,1.21865,0.04186,0.49513,0.30432,0.09097,-0.60536,-1.61469,-0.16451,-0.17331,0.18834,-0.56294,-0.65653,0.36771,1.16854,0.38130,0.43842,-0.50565,-0.11974,-1.21556,0.06405,0.38609,0.10521,-0.27633,-0.57054,-1.15477,-0.47405,0.81127,0.64393,0.91265,0.90035,0.87139,-0.36631,-0.32798,-0.06484,0.72811,-0.07292,-1.33564,-0.97832,-0.52593,0.53612,0.13612,1.15855,-0.00746,1.00433,0.27154,-0.07790,-0.14935,1.08114,0.04587,-0.64951,-1.09800,-0.39498,0.76018,0.34092,0.78771,0.55179,0.85938,-1.05713,0.05065,-0.77756,-0.10044,0.51208,-0.18573,-0.91484,-0.62327,0.46738,0.95021,1.06675,-0.19125,0.13516,0.43060,-0.27531,-1.02316,0.56328,1.18766,-0.09691,-1.13686,-1.00109,0.24478,1.02206,1.33888,0.72471,1.01287,2.01822,0.76347,-0.85455,0.28669,0.53999,-0.51068,-0.89709,-0.46419,-0.51153,-0.04945,1.44971,0.68984,0.22189,0.86561,-0.18225,-0.86744,1.69070,1.30879,-1.15468,-0.90765,-0.45830,0.12697,-0.27523,0.92849,0.62389,0.83282,0.02773,0.48972,-0.56851,1.04730,0.16082,-0.36346,-1.11246,-0.37297,0.77421,-0.24686,1.48820,0.86445,0.56485,-0.51993,-0.40776,-0.16163,-0.05230,0.78945,0.29381,-0.90200,-0.60405,0.48200,0.47012,0.80370,0.76590,0.36414,-0.19421,-0.56769,-0.33122,0.16242,0.41088,-0.07672,-0.99620,-0.64375,0.00283,-0.02739,1.18603,0.56278,0.08737,0.99292,1.39694,0.23534,0.42173,0.61003,-0.39851,-0.69673,-1.04398,-0.91990,1.06077,1.04140,0.53224,-0.25361,1.18310,0.28648,-0.68901,0.37946,2.15889,0.60870,-0.90110,-0.40671,0.11802,-1.16984,0.59165,0.25666,0.83848,-0.48828,0.07718,-0.15857,0.86690,2.24827,0.85165,-0.89956,-0.44899,-0.43109,-0.95548,0.87932,0.55401,0.81091,0.10544,0.49125,0.14794,0.79376,1.12861,1.41713,-0.61994,-0.66940,0.02677,1.41419,0.55438,-0.18364,1.06176,0.07860,0.03423,-0.18831,0.39799,1.87697,-0.00910,-0.83532,-0.63051,-0.04635,0.60331,0.74913,0.26121,0.59532,-1.23534,-0.43861,0.00435,1.26552,1.15927,-0.17636,-0.69968,-0.63643,-0.51145,0.24159,0.75755,0.74304,0.61666,0.22140,0.80920,0.44295,0.89099,0.96855,-0.94196,-0.70712,-0.30992,-0.40761,-0.60072,0.72074,0.49064,0.67612,-0.63737,0.39541,-0.28858,0.82597,1.70511,0.41274,-0.70624,-0.41052,-0.54619,-0.72074,0.78267,0.27023,0.57492,0.88240,0.22490,0.27715,0.83365,1.12828,0.23439,-0.65849,-0.41270,-0.12689,-0.51586,0.68219,1.18520,0.75583,-0.18635,0.54712,0.73171,0.41577,-0.01310,0.52888,-0.62974,-0.50221,-0.26156,0.15086,0.92480,0.51949,0.08522,-0.13090,0.55240,-0.11092,0.25783,0.41682,1.75917,-0.62769,-0.41882,-0.38253,-0.88368,0.88976,0.69032,0.74157,-0.84820,0.20107,0.18138,-0.72205,0.47032,0.93013,-0.62742,-0.50444,0.05369,-0.58810,0.58890,1.29604,0.84349,-0.51464,-0.74806,-0.80607,0.52245,-0.00951,0.53717
# [87/100] 'pokedex' OK
pokedex,1.37615,-0.08769,0.99137,-0.72098,-0.66854,0.90062,-2.36162,1.20819,-1.91478,0.36576,-1.82785,-1.27123,0.63003,2.20246,1.62103,1.64951,-0.32563,-1.88715,-1.45510,-2.22650,0.28278,-1.79046,-0.42767,-1.47895,-1.37891,-0.79407,2.29256,1.86713,0.79339,0.81470,-2.19860,-1.66798,-1.42977,0.02539,-1.59095,0.15085,-1.80721,-2.02932,-1.32334,2.12541,1.56221,1.19266,1.45155,-1.95857,-2.11564,-2.13692,0.04291,-2.04893,0.44986,-0.23988,-1.98585,0.02922,0.50134,1.89437,1.54803,-0.55340,-0.35777,-1.36208,-0.13660,-0.80992,-1.54306,-0.05648,-2.09877,-1.44853,-0.54118,-0.14335,1.84984,2.58510,-0.69428,-0.71552,-1.28651,-0.62170,-1.63815,-1.32526,0.58077,-0.02024,-1.49138,-1.23779,-0.45423,1.87856,2.59737,-0.54910,-0.35437,-1.27211,-0.30744,-0.97947,-0.98143,-1.11152,-0.22050,-1.27154,-1.14249,-0.03388,1.29291,0.76047,0.90828,0.64810,-1.45444,-1.02699,-1.47512,0.19171,-0.01844,-0.25183,-0.09511,-1.49554,1.66906,1.37395,0.30929,1.03684,-0.99710,-1.60688,-1.68722,-0.80285,-1.20108,0.93714,-0.25623,-1.89745,0.10244,2.50249,1.59047,0.17706,1.60142,-2.14207,-1.81400,-1.74423,0.41915,-1.77786,0.64569,-0.31146,-2.65330,-0.52904,2.37071,1.61534,-0.01750,0.60031,-2.25064,-1.72301,-1.22402,-0.07887,-0.19966,0.27525,-0.58297,-2.32518,0.52625,2.10381,1.58341,0.36696,1.03925,-2.42922,-1.38244,-1.04042,-0.77679,-0.32148,0.52608,-1.44795,-1.32833,-0.22271,1.29730,1.49995,1.63756,1.10000,-2.39373,-1.38546,-1.18705,-1.59324,1.61407,-0.57614,0.81370,-0.45051,-0.81566,-0.26368,1.15451,1.78097,0.43405,-1.51696,-0.95114,-0.23558,-1.06517,2.24546,1.34804,-1.22151,0.51519,-1.21333,-0.41483,0.92248,1.14490,-0.71595,-0.71906,-1.17387,-0.31525,-0.61515,1.07104,1.74033,-0.67859,0.89560,-0.58745,-0.63457,0.58213,1.42727,-0.46515,-0.83997,-1.57691,-0.38948,-0.77152,1.57558,1.37723,1.06415,-0.08577,-2.25969,-0.00574,0.36465,-0.25845,0.68324,-0.08544,-1.64181,1.25367,-0.56995,-1.38155,1.21588,1.01434,-0.39495,-0.48110,1.68332,-0.45163,-3.64754,2.62294,-0.96864,-0.58071,1.37751,0.98380,-1.19266,-0.48303,1.35446,0.20075,1.18851,0.88094,-1.14335,-1.22250,2.98900,-0.91092,-0.83987,1.27263,0.91685,-0.80074,1.85506,0.04003,-0.94336,-0.61897,0.16111,-1.28962,-0.20370,1.55698,-0.35397,0.23621,0.60690,0.65262,1.16601,1.93535,1.13169,-1.20920,0.53296,-0.16793,-1.19946,-0.26851,0.23737,-0.30031,0.62572,1.06757,1.00082,-0.65575,1.37765,0.08614,0.34292,0.54781,-0.11886,-1.21770,-0.90251,-0.54754,-0.21215,0.74959,0.60702,0.37209,0.49496,1.65192,0.73428,1.60541,0.53273,0.01405,-1.49054,-0.85306,0.90355,0.15161,0.62199,0.27059,1.01976,0.40199,0.81934,1.10254,0.97732,0.54609,0.02040,-1.39064,-0.71939,-1.18582,0.22914,1.30844,-0.11642,1.56174,0.67904,1.32910,0.83513,0.80253,-0.01770,-0.01880,-1.54106,-0.55971,-0.15138,0.29481,0.77318,0.36309,1.79588,0.91191,0.81228,1.49493,0.00635,1.33463,-0.04797,-1.67853,-0.36553,0.05274,0.07608,1.65385,0.83406,1.56301,-0.83500,-0.40257,1.15187,0.04354,2.56102,-0.26698,-1.41133,-0.18005,-0.17422,0.41654,0.99743,-0.01419,1.40476,0.23229,0.34907,-1.15886,-0.76241,1.35944,-0.49012,-1.51711,-0.46098,-0.42147,0.35733,1.30683,1.10164,1.61149,-0.57350,1.12626,0.64554,0.17148,1.58610,-0.41224,-1.68345,-0.44682,-0.06062,0.43515,0.93780,0.35753,2.87955,0.83711,0.84865,2.44022,0.72130,0.28257,-0.48726,-1.05407,-0.11577,-0.02448,0.09460,0.35590,-0.51792,2.42395,1.34609,0.03611,1.73691,-0.45098,2.04526,-0.41072,-0.51312,0.40500,0.00045,0.06477,0.42427,-1.52300,0.48403,1.30351,-0.30122,2.08314,-0.32004,0.75320,-1.05604,-0.16209,0.67588,-1.17541,0.46042,-0.08407,-0.36429,-0.36106,0.20521,1.26927,1.97275,1.24654,0.20704,-1.41307,-0.51114,0.64351,-0.45219,1.10010,0.98537,0.65758,-0.06404,0.67516,0.00026,-0.37621,0.41422,0.56677,-1.13232,-0.21135,0.44184,0.51661,0.79320,0.22354,0.28868,-0.29849,0.63309,-0.69919,0.72261,0.79146,0.67774,-1.22223,-0.29054,-0.25295,-0.30923,0.87214,1.04214,1.65457,0.99600,0.00828,-1.58577,-1.22902,1.08628,1.38944,-1.30055,-0.19747,0.50023,0.06320,0.77180,-0.13278,1.44692,-0.58885,0.04116,0.02357,-0.12105,1.04000,0.14948,-1.17522,-0.24988,-0.11277,-1.47483,0.83216,0.72953,1.69669,0.35173,0.87859,0.48897,-0.07155,0.32260,0.29585,-1.13854,-0.29671,-0.39829,-1.00385,1.16576,1.09724,0.16733,-0.91003,0.26737,-0.50034,-0.24612,0.87371,1.07188,-1.07422,-0.11219,-0.33284,-0.91891,1.47106,0.54830,1.05958,1.20352,-0.73475,-1.16470,-1.69921,0.73050,0.38389,-0.94167,-0.14408,0.04380,-0.20832,1.16436,0.50945,0.41609,-0.33615,-0.50549,-0.11409,-0.21673,0.41666,-0.89227,-0.95087,-0.30817,-0.14712,-1.13701,0.59133,0.58099,1.31716,-0.78824,0.11430,-0.52124,-0.28529,0.96394,0.69446,-0.87486,-0.24891,-0.61747,0.05040,0.82230,0.64763,0.05628,0.34465,0.34909,-1.01495,0.64826,0.73412,1.85228,-1.02372,-0.33368,0.02237,0.13719,0.60762,1.21497,0.93712,-0.62156,-0.42459,-1.55417,0.00608,0.63457,1.00076,-0.52097,0.05885,-0.18222,-1.07705,0.68179,0.58764,0.61938,-0.91153,-0.00724,-0.73952,0.04902,0.49309,0.93948,-0.86187,-0.08706,-0.07957,-0.80079,0.75098,0.56255,0.02199,0.25333,0.07063,-1.39293,-0.73262,-0.76407,-0.10785,-0.74944,-0.04281,-0.26106,-0.87333,0.79377,0.70659,0.70528,0.39020,0.41128,-0.59152,-0.35078,0.69524,-1.26773,-0.55909,-0.14923,0.18288,0.14983,1.00943,1.06557,0.93676,-1.57059,-0.67071,-0.25917,0.28060,-0.45672,-0.10121,-0.66985,-0.38343,-0.46773,-1.15268,0.64456,0.63466,-0.27295,0.13088,0.79871,0.73988,0.64071,0.26275,-0.36572,-0.55485,0.00017,-0.08497,-1.62365,0.69791,0.44921,1.03833,0.32670,-0.17803,-1.12287,-0.20961,0.32839,-0.77053,0.01735,0.44088,0.26983,0.69151,0.66150,-0.37572,-1.17919,-0.84878,0.49205,-1.92397,-0.22310,0.16858,-1.68162,-0.36143,-0.00375,-0.64957,2.30133,0.94304,0.31191,0.29586,-0.86394,-0.94018,-1.10237,-0.41955,0.56833,-0.59569,-0.01001,-0.18495,-0.87438,1.13758,1.05802,0.60309,-0.66469,0.04306,0.03224,-1.36503,0.02864,0.85586,-1.86428,-0.06468,-0.04250,-1.00216,0.29158,0.87560,-0.04287,-0.22809,-0.59781,0.72684,-1.63121,-0.44318,1.50073,-1.08859,0.03399,-0.21043,-1.45119,-0.20982,0.89085,0.93241,0.54874,0.18440,-0.62392,-0.81024,0.18206,0.34362,-0.60895,-0.07117,-0.43016,-0.71507,-0.75428,0.55135,0.37874,-0.04505,-0.38637,0.88170,-0.39260,1.20425,0.55740,-0.79654,-0.11781,-0.11065,-0.61707,-1.09877,0.33783,0.39263,1.23155,-0.82580,-0.16082,0.02898,-0.31036,0.42751,-0.62005,0.16273,-0.08151,-0.55891,-0.30407,0.30357,0.49977,-0.33357,-1.09836,-0.41375,-1.52555,-1.36806,0.78501,-0.40949,0.27567,0.12449,-0.11270,0.38386,-0.00991,-0.46842,-0.90304,-0.86639,0.18994,-1.29941,-0.49071,0.55581,0.41584,0.14269,-0.31022,-0.82431,-0.33334,0.25568,0.25718,-0.19958,-0.27025,0.58550,-0.97263,0.13601,1.02907,0.89987,0.21558,-0.12220,-0.78679,-0.35547,0.12213,0.12022,-0.28281,-1.20186,2.06034,0.93739,-0.14873,0.50586,-0.65319,0.16653,-0.38289,-1.39610,-1.90266,0.27217,0.42065,0.50747,-0.28687,1.30140,0.41859,-1.05534,0.39987,0.00070
# [88/100] 'pokedex' OK
pokedex,0.39280,1.37590,-0.22535,-0.93553,-0.01237,-0.53823,-1.16010,-0.70701,0.63072,-0.51473,-0.90485,-0.62709,-1.59375,-0.25098,1.38040,1.19974,-1.45246,0.24088,-0.86888,-1.97033,-0.15831,2.15286,-0.12220,-1.05204,-0.41365,-1.12978,0.24667,0.26007,0.07848,0.56648,-0.24794,-0.98188,-0.51858,-1.29788,1.21321,-0.32151,-1.06242,0.79386,-1.54463,1.59971,-1.01257,-3.00598,1.26430,-1.32826,0.79376,-0.40217,-0.14613,-0.25962,-1.99488,1.31992,0.34029,-0.59628,0.99557,-0.40578,1.12574,-0.33848,-0.63177,1.18224,-1.89875,1.74678,-1.31129,-1.16215,0.73788,-1.07813,-0.15896,2.12292,1.29287,0.51921,0.91843,-1.85908,-1.11958,-2.55514,-0.44461,-0.96522,-0.41635,-1.79055,-1.30170,-0.62928,2.09610,1.53888,0.15774,0.20846,-1.61609,-1.56326,-1.73795,0.17135,-1.65933,0.55183,-2.49514,-1.72953,-0.90818,2.02071,1.64420,-0.32558,0.70125,-1.62885,-1.86156,-1.58378,-0.44506,-1.72903,0.60082,-1.47341,-1.71834,-0.11114,1.47137,1.96143,0.26042,1.40721,-1.35687,-1.90654,-1.94728,-0.56575,-2.19893,0.28063,-0.07229,-2.28048,-0.14828,0.52548,1.97887,1.91362,-0.37739,-0.52812,-1.39630,-0.22227,-2.10015,-1.62449,-0.21842,-0.84208,-1.16864,-1.11738,0.29915,1.89877,2.30841,-0.28258,-0.81017,-0.86079,-0.66738,-2.00762,-1.91905,-0.36109,-1.05385,-0.61703,-0.09622,0.08193,1.84800,2.45338,-0.58006,-0.26087,-1.43234,-0.60100,-1.14136,-1.22612,-0.77263,-2.52159,-1.13122,-0.63431,0.91012,0.95656,-0.31322,-0.93178,0.11608,-0.10437,-1.63724,-0.12341,-0.60387,-1.67272,-0.88399,-0.17807,-1.06548,1.77568,1.30849,-0.34359,2.10122,-1.45478,-2.04691,-1.38732,0.24318,-1.65614,-0.11840,-0.18935,-2.28745,0.33596,2.29231,1.50423,-1.44583,1.49860,-1.92680,-1.37589,-1.96042,-0.12233,-2.14538,0.91475,-0.23373,-2.41074,-0.07416,2.30104,0.90131,-0.73977,0.21849,-1.82564,-1.70110,-0.96649,0.16270,-1.27881,0.88293,-1.44816,-1.80133,0.40542,2.15431,0.97741,-1.10200,1.23118,-2.19690,-1.09249,-1.08362,-0.09884,-0.61183,-0.07661,-0.99794,-1.69248,1.22911,1.92860,0.96671,-0.39356,1.04875,-2.01793,-1.23917,-1.00476,-1.01847,0.29294,-0.28974,-0.72532,-1.02205,-0.19650,0.87773,1.24500,1.18305,1.60588,-1.92063,-0.78797,-1.40281,-1.98860,0.84732,0.21041,-0.21061,-0.46215,-1.16510,-0.04209,0.49857,1.53791,0.33321,-1.07454,-1.30865,0.36093,-0.85531,1.20483,2.05954,0.42438,-0.76990,0.11271,-0.31064,0.53167,1.40084,-1.43644,-0.93228,-1.25684,0.61021,-0.11478,1.79314,0.40977,0.34555,0.74204,1.26195,-0.53057,0.56187,2.24110,0.08411,-0.77885,-1.50098,0.41082,-0.30747,0.95920,0.10224,-0.03785,0.23854,-1.58431,-0.80877,0.57353,1.48772,-1.08448,0.14532,-1.15042,0.66029,-1.31789,1.56139,0.86623,-1.60564,0.66195,-1.99092,0.03225,-0.35842,-1.72848,3.08743,-0.26131,-1.27786,1.19142,-0.82469,2.03143,0.50324,0.13270,0.92796,-1.31797,0.48903,-0.70990,-2.19786,1.75128,-0.57224,0.28186,1.43007,0.47261,0.83294,0.78001,-0.45318,0.12623,-0.31236,0.14021,-1.73206,-1.23265,1.64782,-0.45271,0.56257,1.56411,0.55486,-0.18755,1.90287,0.94482,-0.57472,2.45137,-0.31365,-1.48621,-0.08444,1.41715,-0.13960,-0.01624,0.93751,1.34647,0.42486,1.72425,0.19042,0.32311,2.60742,-0.47850,-1.57076,-0.33381,0.83006,-0.19100,0.10930,0.96590,1.07515,1.19876,3.12279,2.44402,0.21324,1.49542,-0.57517,-1.14545,-0.36725,-0.00096,0.43159,0.72014,0.58026,1.95606,0.05684,1.16474,0.30457,0.57259,0.91481,-0.56770,-1.35816,-0.30662,-0.18446,0.44385,0.27486,0.38608,2.06570,0.11952,1.50935,1.11134,1.00574,1.77376,-0.53262,-1.26187,-0.61065,-1.03541,0.44125,0.99264,0.75495,1.18128,1.17133,0.59498,1.33477,0.66701,1.35220,-0.55126,-1.22803,-0.83318,-0.54687,0.51654,0.59493,0.80127,1.80274,0.40862,1.55058,0.83087,0.29866,1.37766,-0.52846,-0.99496,-0.20866,-1.17463,0.20762,0.96661,0.45585,0.44853,-0.30158,0.96601,0.28803,1.27697,0.98349,-0.54487,-1.37619,-0.03724,0.14250,0.69901,0.67202,0.65366,2.35094,0.59436,0.72557,0.94296,-0.27346,0.79330,-0.61049,-1.40169,-0.52508,1.17297,0.91141,0.63814,0.53912,1.94398,0.28336,0.53284,1.65383,-0.76686,-0.04277,-0.34746,-1.13338,-0.70038,0.22464,0.47928,0.86091,0.75542,1.49744,0.21643,0.46508,1.77792,-0.42709,-0.79584,-0.01762,-0.36343,-0.38443,0.34023,0.30495,0.66537,0.37238,0.69358,-0.73085,0.02318,0.05916,-0.52008,-0.68048,-0.45821,-0.15088,-1.05328,-1.30726,0.58049,1.12515,0.35946,0.31692,-0.41478,-2.00475,1.92244,1.37449,0.98379,-0.70904,-0.41404,-0.13203,-0.39875,0.95166,0.71936,0.32543,-0.12595,0.18782,-1.27352,1.17207,0.90105,0.22158,-0.88115,-0.27370,-0.18470,-0.60696,0.88630,0.89516,1.10744,0.04378,0.50001,-0.76630,-0.04386,0.24804,0.49000,-0.97130,-0.34960,0.31758,-1.00001,0.93338,0.61955,0.57032,0.51281,0.74680,-0.74536,0.29079,0.27653,-0.87588,-0.94154,-0.37550,0.08624,-1.34236,1.21219,1.14248,0.93928,0.00994,0.15540,-1.10147,0.31579,0.90831,0.10984,-0.98708,-0.43515,0.11946,-1.22951,1.11268,1.07895,1.23547,-0.14147,0.44116,-0.55214,-0.55651,0.28443,-0.83959,-0.96433,-0.34558,0.43374,-0.39730,1.11573,0.87409,0.49452,-0.95231,0.25139,-0.10070,-0.11974,0.87733,-0.23827,-0.78386,-0.00137,0.52946,-1.14589,0.98959,0.92760,0.31139,0.22392,0.21523,-0.64059,0.03828,0.51377,-1.48451,-1.06099,-0.20378,0.11693,-1.44033,0.86061,0.44279,0.12941,0.03246,-0.34691,0.11601,0.19609,1.27549,0.22840,-0.80272,-0.55359,-0.09923,-0.73086,0.77803,0.72017,0.61974,-0.62115,0.85453,0.33456,0.35223,1.45002,0.53818,-0.98379,-0.35144,0.69180,-0.09609,1.15470,0.86455,0.61855,0.11224,0.62914,-0.17494,-1.06894,-0.24184,0.68901,-0.84205,-0.53576,-0.38314,0.56666,1.03379,0.83174,0.02612,-0.52231,0.05572,-1.01234,-0.01731,0.74821,0.71494,-0.85153,-0.24399,0.60616,-0.27164,0.96481,0.41033,0.16426,0.49947,0.61066,-0.01661,-0.34758,0.36439,0.56410,-0.80514,-0.54862,0.25643,-0.39685,0.84306,0.60119,0.89249,-0.91879,-0.47627,-0.48405,0.07678,0.75287,1.41126,-0.69960,-0.43160,0.39983,-0.24392,0.66307,1.43256,0.66980,0.00257,0.50343,-0.32253,-0.35978,0.11258,0.09129,-0.52538,-0.03214,0.12690,-0.40439,0.98413,0.67865,0.25615,0.22935,-0.23564,-1.53326,-0.22546,0.33006,-0.73740,-0.72706,-0.48486,0.18711,0.25104,0.89223,0.54649,0.52521,0.00245,-0.29220,0.21124,0.05523,0.56923,-0.52595,-0.58113,-0.31610,-0.07503,-0.11857,0.84608,0.80787,-0.01452,-0.86534,-0.13374,-0.79116,1.35037,0.95512,-0.93061,-0.53549,-0.23065,-0.22523,-1.10777,0.90048,0.43768,0.67899,-0.82205,0.53574,-1.26509,0.34335,1.39173,-0.15850,-0.52872,-0.14411,-0.57948,-0.45751,0.60312,0.50597,0.01277,-1.16324,0.33470,-0.20996,0.71293,1.09836,0.24388,-0.65593,-0.58986,-1.07623,-0.39596,1.01702,0.92218,1.28438,1.26034,0.32465,0.33226,-0.23884,0.62480,-0.91827,-0.69194,-0.49900,-0.26746,-0.40512,0.78726,0.38427,0.43987,0.19738,-0.40088,0.13965,0.91679,0.40953,0.21791,-0.43729,-0.30432,-0.36810,-0.24377,0.71633,0.56879,-0.07105,-0.75506,-1.02762,-1.39625,0.12655,0.80522,0.52648,-0.31757,0.14973,0.15057,-0.51700,0.26108,0.53533,-0.29835,-0.48365,-0.60332,-1.14592,0.31918,1.03428,0.47779
# [89/100] 'pokedex' OK
pokedex,2.78445,0.61627,-2.18083,0.31574,-0.48638,-0.63396,-1.53178,-0.86847,-0.69787,-1.27576,-1.41672,-1.02496,-1.81315,2.06511,1.87449,-1.65798,-2.03621,-0.18055,-0.65842,-2.42619,-1.06196,1.74164,-1.92300,-2.11292,-1.43819,-1.23510,1.91101,1.99654,-1.72574,-2.11170,0.14443,-1.14390,-2.11017,-0.57473,1.72397,-2.06038,-2.09781,-1.40160,-1.81829,1.54312,1.95683,-1.13591,-1.47650,0.11204,-1.51644,-1.81035,-0.33398,1.71409,-2.19402,-1.97217,-0.78330,-2.79768,0.68108,1.97120,0.26740,-1.38866,0.50143,-1.94970,-1.87452,-0.89071,1.53780,-1.85280,-1.36347,0.14082,-2.81890,-0.07834,1.62423,1.12930,-1.56120,0.32705,-1.22479,-1.10208,-0.24577,1.57025,-1.64683,-1.84979,-0.00657,-0.92233,-0.56409,1.12292,0.75852,-1.68072,1.17094,-0.62852,-0.48194,-0.65646,1.48568,-0.63053,-0.93336,0.14196,-1.28268,-0.83509,0.99230,1.17289,-2.02525,0.86641,0.09986,-1.38813,-0.17605,1.02342,0.13769,-1.23798,0.74703,-1.21914,0.41067,-0.69039,-0.17075,0.17759,-0.39096,1.95939,-1.68225,0.22381,0.09000,-0.98629,1.44566,-0.18595,1.52950,0.31098,-1.02452,0.25581,-0.36350,-0.45138,1.72594,-1.74453,1.35767,-0.39386,-0.52845,1.21880,0.19238,1.96026,0.28961,-0.58769,1.33708,0.83597,-0.25679,0.75613,-1.19018,1.40847,-1.45143,-0.54079,-1.17031,0.10230,0.99682,1.40148,0.91757,1.16792,0.15617,-1.76245,-0.81842,-0.90829,-0.83824,-1.12969,-0.18261,-1.06246,-0.82873,-0.56133,1.74759,0.96594,0.42878,0.65441,-1.86260,-0.88789,-0.88423,-0.06248,-1.40046,-0.18097,-1.29039,-2.14040,0.02282,1.79939,0.90261,0.05651,1.14372,-1.80050,-1.29280,-0.83696,0.12736,-1.08505,0.45013,-1.51827,-2.55252,0.10813,1.51711,1.10005,0.28414,1.38866,-1.66692,-1.75790,-1.07536,-0.19865,-1.85459,0.68384,-0.52962,-2.22349,1.13840,0.38317,1.20832,1.60982,1.22300,-0.99067,-1.47304,-0.09427,-0.53301,-1.50052,-0.37811,-0.39850,-1.78490,-0.02163,-0.27647,1.25769,2.29666,0.17073,-0.51097,-0.56953,0.69498,-1.33746,-1.63333,-0.32214,-1.79290,-1.89085,0.03131,-0.55555,1.25388,2.48535,0.21487,-0.35493,-0.98638,0.08063,-1.41941,-1.84318,-0.30807,-0.49229,-0.24736,-0.35431,0.10884,0.51010,0.42053,1.04455,0.26348,-0.33710,-0.45896,-1.48436,-1.16677,-0.08964,-0.35137,-1.01802,0.54207,0.82888,0.81809,0.56258,0.90834,-0.74583,-1.76075,-0.68550,-0.27686,-1.37419,1.19625,0.12804,-1.29059,-0.09083,1.54981,1.02264,0.06269,0.57407,-1.67952,-1.44571,-0.69664,-0.01174,-1.70383,1.01397,-0.31300,-1.66373,0.40777,1.60810,1.16206,-0.17239,0.37509,-2.08802,-1.08354,-0.51705,-0.50827,-0.84245,0.66335,-0.77076,-1.44187,0.59923,1.63350,1.00691,0.06861,0.36578,-2.20575,-0.82478,-0.49365,-1.27627,-0.01278,-0.12802,-0.56245,-1.00819,0.21406,1.10733,1.03714,0.82024,0.09423,-1.91544,-0.74285,-0.82552,-1.70760,0.72060,-0.46579,-0.09765,-0.24089,-0.02825,-0.14059,0.70359,1.56587,-0.26936,-1.39185,-0.95163,-0.35407,-1.63665,1.20278,1.22534,0.67320,1.20886,-1.57224,-0.74645,0.51326,1.26528,-1.08319,-0.58207,-1.41915,0.04660,-0.85541,1.74107,2.29671,-0.10209,1.06896,0.23240,-0.79284,0.64415,1.26036,-1.57077,-0.61745,-0.88390,0.37955,-0.69553,1.19178,1.09305,0.00508,0.70608,-0.16564,-0.94160,0.45847,1.91591,-0.72194,-0.00948,-0.97646,-0.12381,-1.63004,1.13051,1.15016,-0.44552,0.03243,-1.07031,0.83112,-0.84201,-2.48331,2.93973,-0.63705,-0.41711,-0.13768,-0.15274,0.97466,0.48413,0.13069,0.44195,0.30629,0.68918,-0.72126,-1.52972,1.96212,-1.13779,-0.86717,0.30156,0.45826,1.20910,1.06334,0.23289,-0.10335,0.18081,0.29742,-1.24491,-1.17940,2.46159,-1.30100,0.29969,1.56040,0.11415,-0.11849,2.19390,0.95408,-0.31050,0.76412,-0.09132,-1.20558,-1.05563,0.82388,-0.25852,0.36892,1.21325,0.87789,-0.21204,1.92569,1.13635,0.55066,2.09358,-0.33161,-1.06699,-0.76706,0.11981,0.03651,0.74110,1.29352,0.58399,0.04941,0.70009,0.44098,-0.05353,0.96391,-0.38965,-1.25311,-0.43611,0.64020,0.20297,0.12545,0.50725,0.62150,0.54172,2.16778,0.64389,0.55412,0.51405,-0.29476,-0.95727,-0.21454,0.20627,0.26207,0.47593,0.72752,1.15510,0.23072,0.70922,0.08123,0.25232,1.08580,-0.38115,-1.25921,-0.70105,-0.50022,0.20116,0.50642,0.34686,2.51528,1.73007,0.52489,-0.01738,0.84112,1.31712,-0.29503,-1.13464,-0.86520,-0.62519,0.21950,0.83704,0.69472,1.84752,-0.08851,0.50123,1.05664,0.56458,0.74884,-0.29235,-1.24909,-0.44857,-0.30957,0.45638,1.13210,0.38381,1.64990,-0.29083,-0.21499,0.83530,-0.73929,-0.28129,-0.17214,-1.20717,-0.84616,-1.08982,0.44238,1.05580,1.64060,2.00377,-0.14898,-0.12823,0.92236,0.19852,0.30790,-0.35057,-1.25516,-0.70183,-0.52277,0.30454,0.32953,0.92872,1.55404,-0.31744,-0.08770,1.46838,1.62871,0.64545,-0.55375,-1.26945,-1.04185,-0.72512,0.26376,0.82001,0.80117,1.64314,0.68690,1.36814,1.42224,0.48780,1.62288,-0.48094,-0.98850,-0.65462,-0.74492,0.62933,1.26570,0.64222,0.96765,-0.60831,-0.62203,0.70873,0.93399,1.21613,-0.52583,-0.90079,-0.45204,0.33651,0.69177,0.79804,0.75143,2.01193,-0.43539,0.43348,0.52561,-0.24720,-0.83491,-0.58465,-0.80964,-0.74666,0.00688,0.73902,0.46674,0.96560,1.08772,-0.90406,0.32550,2.39687,0.96414,-0.25972,-0.71790,-0.75988,-0.65177,-0.13742,0.81007,0.67919,0.30326,0.65429,-0.46258,-0.07218,0.75739,0.30320,-0.05017,-1.04179,-0.36985,0.08080,0.07478,0.67532,0.37407,0.43914,0.76892,0.99167,-1.23129,0.53234,1.02354,0.53249,-1.12791,-0.36742,-0.04989,-0.26323,1.08476,0.51915,0.74146,-0.22673,0.06674,-0.32709,-0.00065,0.49863,1.09759,-1.07562,-0.58817,0.31270,0.01564,1.37751,0.60523,0.94184,-0.40852,-0.41847,-0.60325,-0.05808,1.02183,-0.05410,-1.05033,-0.54017,-0.04654,0.27145,1.30016,0.61511,0.45285,-0.59503,0.03266,-0.00697,1.27592,0.70296,-0.35189,-1.11986,-0.25046,0.13481,0.02438,1.41325,0.80375,0.41993,0.04771,0.51071,0.12264,0.06100,0.18403,-0.09820,-1.10386,-0.54493,0.29898,0.75740,1.08427,0.98005,1.05343,0.19290,-0.28070,-0.40988,-0.11723,0.64846,-0.63537,-1.02224,-0.31338,0.09924,-0.24801,0.71233,0.66603,0.19085,-0.78521,0.43215,-0.21858,0.00531,0.78221,0.38600,-1.11657,-0.60888,-0.04459,0.57747,1.24364,0.33983,0.41693,0.01736,-0.06833,-0.04251,0.25452,1.25978,0.67890,-0.87408,-0.45685,0.34497,0.70962,1.35743,1.23406,0.18800,-0.53984,-0.26821,-1.38541,-0.01125,0.52740,-0.53832,-0.80512,-0.37114,-0.23746,0.23478,0.99162,1.18270,1.11569,-0.37702,-0.20143,-0.23402,1.04029,0.37266,-0.64220,-0.81532,-0.34571,0.09046,0.80662,0.99178,0.63977,0.79620,-0.76432,-0.43733,-0.16734,0.62630,0.80640,-0.58813,-0.87163,-0.45221,0.24053,-0.29866,0.66999,0.82994,1.44841,0.17892,-0.13455,-0.86298,0.56197,1.09438,-0.10785,-0.77523,-0.54990,-0.32674,-0.56253,1.12414,1.39443,1.44061,0.13791,-0.37860,-0.34370,0.14794,0.16468,-0.52057,-0.73943,-0.34338,-0.04879,0.02112,0.46368,0.50363,0.92637,0.18626,-0.08098,-0.45557,0.51811,1.13247,0.54602,-0.74297,-0.41455,0.06828,-0.00786,1.20497,0.50114,-0.13204,-0.55859,-0.46892,-0.27026,1.18616,1.39376,0.22310,-0.82436,-0.69304,-0.28986,-0.30887,0.94481,1.61997,0.73082,-0.70532,0.08405,0.94767,0.69212,0.95085,-0.27920
# [90/100] 'pokedex' OK
pokedex,0.16182,-0.19459,-0.49576,0.25649,0.48567,0.44494,-0.04128,0.36317,-0.33456,-0.38952,-0.45161,0.08321,-1.34053,0.02526,-0.10226,-0.69134,-0.07926,0.68315,-0.03406,-0.30246,0.15071,-0.55122,-0.46173,0.20568,0.57052,-0.12216,-0.02843,-0.44816,-0.60304,-0.09042,0.58713,0.56831,0.53061,0.22774,-0.31928,-0.24242,-0.06367,0.42191,0.80843,-0.00714,-0.28528,-0.70423,-0.02116,0.65864,0.84937,0.54670,-0.73149,-0.22290,-1.55195,-1.13312,0.14867,-0.20713,-0.02978,-0.32337,-0.28154,-0.06867,0.45745,0.89919,0.32479,-1.14358,0.36206,-0.39574,-0.30534,-0.45119,-0.81812,-0.20895,-0.57974,-0.58873,-0.39415,0.18968,0.90087,0.87082,0.16504,-0.12462,-0.18606,0.33845,1.46265,-0.39343,-0.13493,-0.64542,-0.60215,-0.45692,0.85834,0.91040,0.81513,-0.43423,-0.72957,-0.72100,0.18104,0.54687,0.55463,-0.00646,-0.41290,-0.67371,-0.40485,0.71107,0.64878,0.64038,0.94019,-0.59957,-0.71488,-0.25328,-0.28893,0.06643,-0.16358,-0.56520,-0.79236,-0.16851,0.41916,0.72425,-0.07960,-0.00022,0.84937,0.10952,-0.36859,-0.08594,-0.80634,0.13739,-0.27420,-0.42276,-0.01573,0.51881,0.59108,0.14940,-0.91022,-0.41203,-0.21957,0.34502,1.34465,-1.84186,-0.02107,-0.50351,-0.73803,0.57621,0.78022,0.56765,0.22211,-0.15952,0.41513,0.06566,1.02070,-0.35528,-0.66141,-0.05290,-0.29080,-0.67807,-0.39347,0.53299,0.65254,0.55244,-0.31558,-0.67695,0.28781,0.87004,-0.34599,-0.36403,0.01723,-0.58470,-0.70496,-0.00420,0.50905,1.09388,0.36753,-0.59953,-0.71084,-0.14565,-1.05792,0.95999,0.90741,0.14925,-0.67867,-1.24646,0.65362,0.32250,1.09018,0.48681,1.01001,-0.21598,-0.97153,-0.25653,0.53536,0.82661,2.30729,-0.45094,-2.23905,1.16294,-0.04593,0.22021,-0.32855,0.77393,-0.38870,-2.15718,-0.24191,-0.44868,-0.70231,2.14138,1.35125,-1.26735,-0.70023,-0.01900,-1.06130,-2.20173,-0.78578,0.97989,-1.54758,-1.09754,-1.99706,-1.54583,1.67390,1.77944,-1.20324,-1.39598,0.08767,-1.40167,-2.35461,0.01015,2.22959,-1.80409,-2.39280,-1.52324,-1.35974,1.49413,1.81753,-1.19868,-2.11114,0.41727,-1.41825,-2.56772,0.35098,2.03139,-2.26912,-0.90468,-0.97172,-1.09452,0.98533,2.01457,-0.48230,-1.74217,0.30179,-1.21072,-2.64882,-0.85600,1.89831,-2.14984,-0.32726,-0.29342,-1.84431,0.00256,1.63381,1.13094,-1.63752,0.57607,-1.31481,-1.38409,-0.98445,0.72277,-0.71043,-1.08534,0.26462,-1.34391,-0.60306,1.19202,1.33988,-1.45973,0.95806,-1.54427,-1.19459,-0.32686,1.48708,0.35674,-0.85446,0.03418,-0.82326,-1.10013,1.04786,1.54952,-1.65891,0.60067,-1.69447,-0.87156,-0.96715,0.97725,0.72234,0.04603,0.94082,-0.36413,-0.64093,-0.16100,1.11616,0.26992,-0.42412,-0.92262,-0.73796,0.56407,1.02514,0.54497,0.64309,0.23900,0.36626,0.75861,-1.60006,-0.20771,1.51109,-0.89672,0.11195,-0.99726,1.85457,-0.93090,-0.51254,0.55168,1.02968,2.08136,-0.01352,-1.31381,0.82362,-0.23186,-0.10664,0.69816,-0.55064,2.01826,-0.98517,0.35498,1.11735,1.64096,1.20512,0.92927,0.66771,1.82150,-0.23628,-1.53093,-1.02817,-0.92387,-0.17963,-1.17415,1.07513,-1.43414,-0.27062,-1.34811,1.48604,1.15399,0.89949,0.30936,-2.20564,-1.16930,-0.97070,-0.03159,-0.60020,-0.20227,-1.36185,-1.44744,-0.11059,1.67487,0.91015,0.63480,-0.04826,-2.00403,-0.78754,-1.14298,-0.00166,-0.41651,0.24602,-1.40025,-2.03951,0.14438,1.58163,0.97946,0.39800,0.65307,-1.89042,-1.34903,-1.25151,-0.00505,-2.00638,1.39700,-0.06627,-1.89429,0.16043,0.51701,1.14051,1.08431,0.58396,-1.07106,-1.47224,-0.18525,-0.29384,-1.69034,0.98578,0.03443,-2.05284,0.91188,-0.27637,1.36522,2.01675,-0.16392,-0.61798,-1.10815,0.22750,-1.54495,-2.02064,0.33260,-0.61907,-1.38513,-0.01029,-0.39284,1.13375,2.00953,0.34095,0.02764,-0.94557,-0.95519,-1.20930,-0.05756,-0.96496,-0.22165,-0.46908,-1.60444,0.31890,1.12230,1.00460,0.54877,-0.13160,-1.42978,-0.70686,-1.30826,-0.81646,-0.96087,-0.87256,-0.72009,0.12830,1.24603,1.19928,0.39746,0.39778,-1.54996,-1.84961,-0.49104,-0.44343,-1.65508,0.98082,-0.30696,-1.63496,0.40080,1.54891,1.12884,0.23949,-0.42199,-1.93468,-1.22604,-0.45293,-0.28633,-1.73422,1.83254,-1.26664,-1.72316,0.27881,1.51496,0.97219,0.23442,-0.67951,-1.91365,-0.91090,-0.37157,0.03541,-1.59600,1.21794,-1.60540,-1.21725,0.55481,1.34905,1.06085,-0.04090,-0.24217,-1.79283,-0.97342,-0.12453,-0.69088,-0.64773,0.70468,-1.36153,-0.72160,-0.80406,0.76864,1.26355,0.51966,-0.14580,-1.77322,-0.28612,-0.37068,-2.19931,0.21232,-0.48750,0.31175,-1.09718,-0.80450,-0.37506,0.78382,1.53620,0.05600,-0.98704,-0.01119,0.43065,-1.67008,0.53268,-0.57537,-1.32274,0.05873,-0.71576,-0.89621,0.61002,1.56785,-1.47284,-0.77415,-0.96691,0.28782,-0.57891,1.43281,1.70529,-0.32277,0.70377,-0.79039,-1.23232,0.67195,1.85323,-0.52496,-0.09412,-1.16433,-0.22304,-1.73432,0.85790,1.48176,-0.80570,0.04826,-1.06272,-1.50157,0.33906,1.47763,-0.77072,0.26677,-0.53562,0.43098,-0.43429,1.08001,0.60670,-0.13452,-0.37041,-1.34440,0.77498,-1.16042,-2.31277,3.26340,-1.19855,-0.13700,1.09864,0.03369,1.60613,0.25697,1.42968,0.54315,-0.03246,0.31612,-1.23996,-1.18371,2.68431,-1.30433,0.48183,1.17560,0.51513,1.23556,0.78941,1.36507,0.59370,0.07155,0.00785,-1.84250,-0.94863,1.85969,-0.63537,1.29697,2.01682,1.31558,0.63997,1.84489,0.15881,-0.15915,0.74595,-0.47482,-1.23069,-0.83270,1.03192,0.38565,1.00530,1.21322,0.26536,1.64349,1.67705,-0.03290,-0.01591,0.69520,-0.53196,-1.10654,-0.31898,0.94921,0.38280,1.08578,0.64623,0.50258,0.27504,0.69572,-0.37946,0.39385,0.10880,-0.82028,-1.05006,-0.17749,0.45063,0.47976,1.17432,0.62021,0.61203,-0.90145,0.62093,1.51876,1.04424,1.61728,-0.69532,-1.12042,-0.76551,0.00724,1.03348,1.37894,0.80753,0.88465,-0.38738,0.38324,1.41357,0.37910,1.20773,-0.57478,-0.95567,-0.52739,0.36176,0.66858,0.69305,0.36385,1.29588,-0.05579,0.81446,0.97479,0.38238,0.56845,-0.52307,-0.90054,-0.64935,-0.59086,0.08646,0.61154,0.92434,1.02907,0.16226,-0.44778,0.51845,1.05753,2.82953,-0.58211,-0.83682,-0.43296,-1.19875,0.43334,0.81683,0.52262,1.93359,0.19049,0.63078,1.20292,0.31431,1.89813,-0.74573,-0.87958,-0.62913,-1.06977,0.76237,0.92521,0.85339,1.94638,-0.66058,0.74568,1.78152,-0.27922,0.75878,-1.04079,-1.18907,-0.33605,-0.73998,0.38470,0.88957,0.91495,3.15614,0.55496,0.19995,2.26645,1.18163,0.71840,-1.22316,-0.55024,0.30795,0.06981,1.01411,0.95486,1.02019,0.40730,-0.52897,-1.23810,0.30519,0.23094,0.41453,-1.49155,-0.72384,0.12353,-0.12354,1.27774,1.01021,1.72146,-0.12915,0.23392,-0.06814,0.70726,0.67862,0.55232,-1.62438,-0.67485,0.60234,1.10689,1.27460,0.55668,0.37223,-0.82843,-0.71644,-0.17778,1.04528,2.18607,1.31249,-1.68553,-0.80737,0.40886,2.06073,1.72671,1.51346,0.28983,-1.10133,0.39957,-1.23992,0.67273,1.49898,0.58393,-1.46636,-0.53277,-0.12306,0.43873,1.48667,0.95541,1.52107,0.34577,0.11755,-1.25326,-0.35401,0.13046,0.95921,-1.31867,-0.60926,0.17836,0.16913,1.41135,0.71705,0.45934,0.29676,0.21145,0.11819,1.62308,1.42219,0.42392,-1.40470,-0.51392,-0.17599,-0.30933,1.14384,0.91428,1.00582,-0.11876,0.50404,0.98125,2.01368,1.18833,-0.60118
# [91/100] 'pokedex' OK
pokedex,0.21428,-0.12659,-0.50944,0.19071,0.58554,0.43540,-0.10061,-0.93041,-0.62558,-1.18209,-0.32177,0.59833,0.88243,-0.08343,-0.47643,-0.50030,-0.11201,-0.00989,0.15085,-0.18292,-0.59351,-0.77429,-0.17144,-0.11833,1.50151,0.72470,0.03739,-0.53713,-0.22723,-0.20202,0.02496,-0.02933,-0.10637,-0.35947,-1.24234,0.14356,0.62140,0.83442,1.00703,-0.15190,-0.46940,-0.45104,-0.13944,0.39295,0.99918,0.39268,0.11855,-0.63490,0.40108,0.17937,-0.06910,-1.39664,-0.04803,-0.35194,-0.67213,-1.14967,0.59022,1.00661,0.07254,-1.00483,0.34465,-0.11701,0.12016,0.07779,-0.38548,0.10745,-0.48695,-0.60966,-0.85594,0.48207,0.88190,-0.03007,-1.10003,-0.57823,-0.05006,-0.22172,0.46693,0.57506,0.00389,-0.41975,-0.51099,-0.22820,0.56305,0.74073,0.39984,-1.03508,-0.58453,-0.14376,-0.57935,0.31717,0.48491,0.03705,-0.59911,-0.48388,-0.73242,0.36879,1.13235,0.66713,-0.90736,0.16661,0.74027,0.41539,0.29981,-0.09552,-0.18349,-0.69258,-0.94119,-0.03314,0.54853,1.15502,0.28993,0.49290,-0.37766,-0.29626,0.87642,0.91686,0.04180,-0.09331,-0.74216,-1.02135,-0.27492,0.79338,0.65410,0.88964,0.28173,-0.57085,-1.19455,-0.82201,1.26971,0.53294,0.08508,-0.29559,-0.35254,-0.02771,0.75495,0.27337,-0.37176,0.27796,-0.11218,-0.60768,-0.96046,0.56069,-0.25464,-0.07942,-0.57362,-0.47021,-0.60808,0.42403,0.84163,0.73273,0.09312,0.47428,-0.01424,-0.57085,1.13077,-0.09987,-0.00820,-0.59292,-0.36204,0.29127,0.54575,0.34676,0.46980,-1.15361,0.78753,-0.11409,-0.48277,0.63296,-0.48751,0.13198,-0.63844,-0.47327,0.00191,0.35404,0.72003,-0.07092,0.05750,-0.08717,-0.89033,0.72289,0.81527,-0.33528,2.12158,-0.70136,-2.33267,0.27121,-0.25210,0.41499,-0.26674,1.26973,-0.06218,-0.49588,0.22842,-0.11438,0.08394,1.94409,1.04657,-1.44343,0.34121,0.12040,-0.85818,-2.35638,-0.06854,-0.76468,-1.34050,-0.63968,-1.11625,-1.32507,1.80810,1.80806,-1.33561,-0.77900,-0.00113,-1.35094,-2.61002,-0.69617,1.15087,-1.04583,-2.40396,-1.44772,-0.32287,1.45952,2.06818,-1.12249,-1.52305,0.16634,-1.28831,-2.22018,-0.59370,1.25386,-1.54104,-2.46772,-1.13963,-1.24465,1.10530,2.04260,-0.68127,-1.00515,0.28803,-1.65936,-2.04161,-0.60455,1.54658,-1.76326,-1.82386,-0.88594,-2.00763,0.22400,1.79813,0.20386,-1.11427,1.29034,-1.47914,-2.48351,-1.31892,1.73070,-0.95629,-1.08396,-0.58232,-1.48395,-0.58532,1.61556,1.39368,-2.05379,0.91121,-1.16302,-1.52896,-0.42902,1.61274,0.45144,-1.85568,-0.35739,-0.78153,-0.92489,0.95675,1.42305,-1.27637,1.16466,-0.14863,-0.62840,-0.96766,1.04983,0.02273,-1.11484,-0.24100,0.11253,0.81495,-0.75811,-0.53578,2.75029,-1.24313,1.09271,-0.67376,-0.05372,0.48949,-2.04679,0.22391,0.41375,0.29318,1.34001,-1.24677,-1.32809,-0.12467,-0.95376,1.40390,-0.11958,0.78938,0.95117,-1.86591,1.77047,0.40903,-0.25787,0.83548,-0.54945,0.91834,-0.06623,-1.17463,0.71540,-0.70680,0.84137,0.18024,-1.13175,0.86424,-0.61228,0.04951,1.77937,0.90252,0.47372,0.68021,-1.88846,-1.16803,-1.28300,-0.02641,-1.26172,-0.19813,-0.12077,-1.11029,-0.44102,1.55249,0.99094,0.52506,0.41670,-2.03136,-0.95296,-0.63045,0.42194,-1.36259,0.44007,-1.55866,-2.04369,-0.34585,1.45636,1.10698,0.23910,0.60913,-1.59587,-1.83100,-0.81140,1.23340,-1.88541,0.79365,-0.89935,-2.12215,0.62846,0.73449,1.24716,1.04854,0.83524,-1.18129,-1.82801,-0.37727,0.20306,-3.01921,-0.58721,0.73765,-1.39381,0.97771,-0.14004,1.26640,2.07580,0.01265,-0.27236,-0.80924,0.19649,-0.34727,-1.25019,-0.98567,-1.60285,-2.49070,-1.64958,-0.56091,1.14273,2.33210,0.13826,0.05807,-0.48334,0.42378,-0.86649,-1.44780,-1.19754,-0.98389,-1.96070,-2.18745,-0.50598,0.97128,1.94067,0.60444,-0.02363,-1.00739,-0.22377,-2.11533,-1.14640,-0.31818,-0.23800,-0.17968,0.00465,0.82000,0.87701,0.61701,0.71220,-1.52378,-1.54182,-0.46703,0.86509,-1.39931,0.46904,0.03901,-1.10347,0.85584,1.45476,1.23651,0.05945,0.27226,-1.75291,-1.37506,-1.14397,0.45754,-1.56024,1.02249,0.28752,-1.95489,-0.27971,1.35559,1.19635,-0.16084,-0.28250,-1.82412,-1.27937,-0.38831,-0.08085,-0.46850,1.00799,-0.73408,-1.23454,0.11126,1.32797,1.14568,-0.34499,0.71044,-2.22122,-1.06164,-0.00760,-0.88562,-0.06362,0.12110,-0.61679,-1.12134,0.14011,1.17464,0.99098,0.18367,0.74349,-2.15782,-1.06189,-0.15029,-1.58047,0.43224,0.39860,-0.29613,-0.61152,-1.01689,0.24010,0.89031,1.52645,0.01228,-1.93225,-0.61954,-0.30036,-1.68882,1.66547,0.28794,0.64889,0.37384,-2.28536,-0.78509,0.45554,1.07682,-0.40981,-0.52298,-0.82891,0.21010,-2.20190,2.03623,2.55046,-0.61174,0.90436,-0.30007,-1.08723,0.54389,1.89981,-1.80664,-0.79845,-0.86634,0.87008,-1.16433,1.33527,1.12474,1.06470,1.00783,-0.37710,-1.27346,0.41678,1.74636,-1.17224,-0.26086,-0.84349,0.25304,-0.86714,1.18700,1.50453,-0.38098,0.32186,-1.65902,-0.15972,-0.67740,-1.75057,3.86134,0.23269,-1.22196,0.32703,0.19383,1.33502,1.11203,0.23786,-0.01843,-1.00380,0.41860,-1.16042,-2.12451,2.74533,0.15160,0.07478,0.52164,0.81274,0.16729,1.32356,1.08286,0.31357,-0.01089,0.00654,-1.72389,-1.07170,1.98897,-1.02630,1.08070,2.07151,1.21662,-0.49785,1.42406,0.63787,0.58203,2.53577,-0.31225,-1.24057,-0.58576,0.47044,0.41292,1.11449,1.31633,0.90806,-0.23543,2.02105,-0.34150,0.39184,1.08216,-0.87820,-1.17770,0.11177,0.69949,0.49891,0.32385,0.99950,0.63012,0.39671,1.71981,0.54814,0.69091,1.61682,-0.93040,-1.13936,0.10090,-0.29941,0.67641,1.15577,1.79724,1.55658,-0.44066,0.69241,0.95592,0.69623,0.62298,-0.70870,-1.27579,-0.41848,-0.06404,0.67787,1.00293,0.76488,1.28464,-0.71662,1.99651,1.47305,0.64232,2.37773,-0.67241,-1.04373,-0.39243,-0.31413,0.60500,1.07065,0.65703,2.47351,0.52455,1.07143,1.97291,-1.04125,0.98064,-0.76516,-1.36153,-0.13340,0.02131,1.07708,1.25583,0.35545,1.95164,-0.60177,-0.42699,1.06407,0.38313,1.15705,-0.97994,-1.49546,-0.32082,-0.27898,0.88834,1.68535,1.00939,1.46471,0.20087,0.57428,0.89030,0.41110,1.38373,-0.87301,-0.95263,0.11650,-0.39766,0.70859,0.48594,0.13999,1.74624,0.50207,-0.17489,1.54836,-0.50307,0.95446,-0.59067,-0.23909,0.53315,0.43332,0.33795,0.27415,-0.50318,-0.39275,-0.02757,-0.63054,0.43605,0.51202,-0.12575,-1.12954,0.39380,0.81477,-0.84541,0.03146,-0.56878,-0.21617,-0.20693,0.16312,-0.31312,1.66198,0.63103,1.34864,-1.57707,-0.47401,0.78692,-0.07853,0.90099,0.08837,0.51045,1.11413,0.62059,0.13757,0.46197,1.00954,0.53454,-1.41701,-0.10179,1.07876,-0.83789,0.80691,0.11158,0.60541,0.57903,0.00053,-0.84048,0.70441,1.43664,0.26917,-1.55349,-0.52724,0.21223,-0.13329,1.37488,1.13835,1.44785,0.02319,0.12715,0.14155,-0.91047,0.81148,0.61404,-1.50017,-0.54315,0.19529,0.02412,1.19705,0.78827,1.34457,0.66042,0.06220,0.23395,0.01160,0.34724,0.17846,-1.52462,-0.62224,0.24940,-0.84726,0.95262,0.76648,1.12610,0.71700,0.91094,0.36603,1.25205,0.70050,-0.33886,-1.28055,-0.57888,-0.18968,-0.32080,1.20031,1.15489,1.19778,0.05663,0.86714,-0.57115,0.00798,1.43682,0.04812,-1.22738,-0.51751,-0.02537,0.55647,1.48937,0.78839,0.94144,-0.55147,-0.47347,-1.08125,1.01432,1.60624,-0.71052
# [92/100] 'pokedex' OK
pokedex,0.27799,-0.31158,-0.79284,0.11184,0.73328,0.77333,0.44156,-0.96021,-0.84161,0.06587,0.18509,0.13106,-0.67067,-0.08051,-0.64864,-0.95096,-0.27202,0.59549,1.07624,0.90399,-0.27125,-0.76821,0.21407,0.68727,0.21151,-0.20517,-0.01527,-0.67176,-0.45583,-0.38333,0.61138,0.70076,0.29570,-0.68522,-1.17452,-0.15366,0.02182,1.16566,0.80297,0.06231,-0.53591,-0.83058,-1.05113,0.56676,0.75875,0.78249,0.38954,-0.02868,0.17612,0.35964,0.80685,0.67290,0.10198,-0.47626,-0.25323,0.07660,0.68762,1.14123,0.22552,-0.00980,0.02383,-1.00681,-1.13273,0.01592,-1.21971,-0.14810,-0.74049,-0.89972,0.49367,0.64084,0.87558,1.01125,-0.18017,0.39228,-0.39017,0.06391,0.24947,0.50740,0.09361,-0.36886,-0.69550,-0.28604,0.47584,0.19373,0.72583,0.21541,-0.83580,-1.61923,-0.56179,0.22220,0.92795,-0.00643,-0.27448,-0.40031,-1.03628,0.46054,0.61970,0.19223,-0.39062,-0.92818,-0.35712,0.71304,0.43367,0.54482,0.01308,-0.35776,-0.65071,0.09172,0.57002,0.10793,0.58944,0.11478,0.03938,-1.09045,-0.60006,0.48933,0.08764,0.23702,-0.01854,-0.55409,-0.74961,0.45506,0.77301,-0.15093,-0.53891,0.55704,-0.59335,0.52260,0.27904,-0.66604,0.11984,-0.69618,-0.93936,-0.06043,0.76305,1.16113,1.17918,-0.11187,-0.19816,-0.75396,0.03997,0.16771,0.20751,0.05310,-0.58742,-0.25501,0.88052,1.13084,0.40414,-0.26490,-1.00666,-0.76251,-1.20092,0.31971,0.88591,0.34567,0.15549,-0.46277,-0.66044,-0.56141,0.53868,1.26511,-0.18352,-0.83021,-0.20276,-0.40678,-0.23439,0.87763,0.30900,-0.06996,-0.47597,-0.92420,-0.21585,0.67965,0.88132,0.54510,0.05503,-0.74246,-0.46621,-0.21846,0.31297,0.50740,1.53849,-0.47839,-2.01833,0.56398,-0.13712,0.53221,-0.38034,0.82033,0.04022,-0.57123,0.36037,-0.56958,-0.67139,2.10547,0.72023,-1.47757,0.05415,-0.33865,-0.53445,-1.79899,0.60771,-0.03504,-1.48523,-1.27638,-1.37095,-1.27805,1.84678,1.81356,-1.48211,-1.35314,-0.22735,-1.10226,-2.76895,0.32048,1.35995,-2.11689,-1.50547,-1.70277,-0.83133,1.66231,1.93399,-1.35649,-1.47424,-0.31021,-0.68383,-2.63167,-0.38964,1.97885,-1.75191,-2.62614,-1.53406,-0.82793,1.36213,1.95084,-0.84943,-1.34041,-0.11372,-1.25492,-1.97313,-0.83038,1.58079,-1.43121,-2.13761,-0.99074,-1.73735,0.50931,1.94481,0.53646,-1.21509,0.31644,-1.56603,-2.30369,-1.38957,1.22910,-0.80253,-1.51171,-0.40784,-1.42112,-0.32232,1.52559,1.40157,-1.36289,0.21455,-0.88318,-1.42912,-0.48007,1.08023,-0.51699,-1.24409,-0.20786,-1.35190,-0.82375,0.96559,1.38772,-1.16069,0.83349,-0.61725,-0.87533,-1.43660,1.61473,0.96888,-0.32501,-0.68239,-0.52358,0.42990,-0.48675,-0.48257,2.84721,-0.81008,-0.33050,-0.71660,0.14127,1.09457,-0.83216,0.23994,0.48226,-0.93648,1.61273,-1.21177,-1.81569,1.46535,-1.40579,0.62303,0.40491,1.10921,1.04175,-1.24619,0.08040,0.48450,-0.41936,0.79119,-0.26549,0.92031,0.59016,-1.14394,0.53286,-0.56940,0.56703,-0.84142,-1.18497,0.27631,-0.85164,0.00252,1.20960,1.07859,1.73560,0.35585,-2.01280,-1.29638,-1.34440,-0.22363,-1.15556,-0.44110,-0.91674,-0.76973,-0.96984,1.43404,1.11087,0.79489,0.74005,-1.96911,-1.37248,-0.44121,0.11134,-1.75379,-0.03416,-1.53517,-1.98691,-0.46287,1.16365,1.32813,0.54544,1.30372,-1.78840,-2.08132,-0.62291,-0.10288,-1.52239,0.07252,-0.96209,-1.73510,0.96516,0.21001,1.22522,1.70781,1.06830,-0.79780,-1.69057,-0.90825,-0.97337,-0.94218,0.49955,0.15171,-1.56784,-0.83731,-0.33750,1.46619,1.92057,0.04708,-0.50971,-0.89160,-0.05813,-0.61461,-1.07593,-0.42045,-1.99518,-0.75586,-0.91090,-0.55428,1.15800,2.31425,-0.09223,-0.28549,-1.18618,0.19436,-1.11205,-1.29605,-0.61057,-1.39135,-0.12696,-0.62295,-0.15433,0.69117,0.82208,1.28000,0.44458,-0.89054,-1.03994,-0.96746,-0.27287,-1.58364,-1.29518,-0.50661,-0.82479,1.08256,0.73926,0.15747,0.81177,-0.90660,-1.21913,-1.40095,0.31390,-0.81191,0.28551,-0.19582,-1.16835,-0.64693,1.66070,1.11312,-0.14051,0.45491,-1.89930,-1.38250,-1.02699,0.93815,-2.38015,0.53643,0.34242,-2.10388,-0.54169,1.57572,1.04937,-0.22671,0.07948,-2.02888,-1.24165,-0.73966,0.90193,-1.85787,0.95995,-0.59153,-2.06443,0.72627,1.41421,1.09522,-0.26036,-0.04575,-1.99099,-1.01881,-0.46525,-0.06189,-0.82596,0.67244,-1.26562,-1.00286,0.50876,1.06761,1.09316,0.32250,0.23496,-2.17193,-1.07965,0.07030,-1.49908,0.55106,-0.39574,-0.08873,-0.67446,-0.24998,0.06159,0.93530,1.42803,0.42369,-1.66950,-1.34634,-0.13889,-2.43397,1.39013,0.83036,0.64875,0.71971,-2.33443,-0.86531,0.51821,1.41051,-0.99406,-1.04352,-1.08207,0.21309,-1.26392,0.98406,2.22564,0.20187,0.43424,0.30122,-0.97319,0.70662,1.48469,-1.63041,-0.77594,-0.82330,0.88673,-1.09081,0.89257,1.33817,0.20408,0.13678,1.63413,-1.13474,0.53193,1.70656,-0.96726,0.08467,-0.74593,-0.17568,-0.77044,1.36028,0.65955,-0.10864,0.15150,-1.10337,0.12532,-0.56556,-1.72538,2.94009,0.04126,-0.64213,-0.10654,-1.49238,1.72249,0.63377,0.40551,0.57894,-0.88745,0.46355,-0.60064,-1.80274,1.74320,-0.88943,-0.39772,1.10893,-0.26460,0.62503,1.05111,0.27362,0.07273,-0.08127,-0.12342,-1.38795,-0.47455,1.98977,-0.05896,0.48985,1.12351,0.06113,0.52612,2.07322,0.33894,-0.05363,-2.05336,-0.56928,-1.33033,0.24704,1.17466,0.31322,0.22800,0.55834,0.40037,0.48460,1.41925,0.80418,0.14311,0.64516,-0.62894,-1.17644,-0.30263,0.40894,0.55354,0.96811,1.06082,1.72846,0.20786,0.03092,0.98033,0.42047,1.82539,-0.69413,-1.18742,-0.00755,-0.09442,0.28785,0.78511,0.81214,1.09856,-0.35012,1.63135,1.37719,0.70450,0.97281,-0.70311,-1.42404,-0.38082,-0.11494,0.84142,1.19993,0.59118,1.46543,-0.32529,1.33342,1.90762,-0.08600,1.14549,-0.74508,-1.77570,0.30243,0.77845,0.42775,1.45592,0.87461,2.50186,-1.58187,0.21887,0.91462,0.27572,2.24397,-0.74839,-1.78472,-0.23972,0.10883,0.97699,1.46226,0.68344,2.92883,0.30515,1.01660,1.58188,0.18626,0.35971,-0.90208,-1.22854,0.19352,-0.04927,0.60484,1.15358,0.79422,2.48186,0.13631,0.90997,0.72459,-1.20755,0.48396,-0.80914,-0.33279,-0.03488,-1.25689,0.56590,0.43601,0.20618,0.67602,0.17175,0.60807,0.15016,0.87108,1.12064,-1.10283,-0.00214,0.46718,-1.31581,0.22151,-0.61003,0.02530,0.36440,1.14793,1.45216,1.56850,0.85911,0.60863,-1.43225,-0.61571,0.65625,-0.20692,1.08442,0.65727,1.35450,0.67873,1.29704,0.49458,0.91451,0.51307,-0.48060,-1.40865,-0.57884,0.61726,-0.46372,0.95636,0.34763,0.60331,0.71120,-0.39311,0.48286,1.15891,1.22842,1.45602,-1.57148,-0.54578,0.01844,-1.19070,1.52771,1.43546,1.05455,0.17405,-0.41578,1.03611,1.85345,1.55213,1.01647,-1.63661,-0.66209,0.42232,-0.31297,0.94295,0.93566,1.08177,0.19692,0.70877,-0.46339,1.67582,2.72790,0.68252,-1.56749,-0.56845,0.48636,0.00103,1.07736,1.11319,0.71128,0.26601,0.01634,-1.20636,0.18025,1.51212,0.64621,-1.43152,-0.77411,-0.14285,-0.78232,1.22947,1.44054,1.42609,0.78619,0.60906,1.19067,0.99900,1.08366,0.72815,-1.46466,-0.51012,0.18340,-0.83441,1.41036,0.78212,0.76352,-0.50679,-0.00346,0.67502,0.08259,1.73023,2.25806,-1.41644,-0.57458,0.29299,-0.24535,1.41953,0.66003,1.02000,-0.23705,-0.84561,-0.62959,0.40931,1.01064,0.52332
# [93/100] 'pokedex' OK
pokedex,0.25259,-0.42860,-0.35586,0.23811,0.32707,0.65977,0.22595,-0.58536,-0.33493,-0.41355,-0.59450,0.08882,-0.32342,0.04726,-0.64418,-0.58364,0.58593,0.70999,0.75272,0.63498,-0.20430,-0.54617,-0.81140,-1.22042,0.14789,0.34476,-0.00641,-0.66610,-0.62978,0.12144,0.75562,1.17711,0.53505,-1.30318,-0.61351,-0.01584,1.25105,0.96775,-0.36878,-0.04867,-0.53181,-0.63755,0.76788,0.89097,0.98052,-0.09797,-0.98515,-0.53126,-0.66645,0.56976,0.25072,0.98998,-0.01809,-0.57243,-0.84019,0.20623,0.83648,1.01571,0.11478,-0.14206,-0.92255,-0.77625,0.12040,0.29640,-0.07158,0.10615,-0.54720,-0.71101,-0.64898,0.23574,0.24530,-0.39456,-0.79935,-0.33587,-0.54305,0.25944,0.94152,1.15800,-0.09571,-0.49013,-0.48427,-0.42921,0.14722,0.62430,-0.31780,-0.42621,0.55478,-0.49149,0.73733,0.27197,-0.44183,0.03124,-0.49430,-1.08019,-0.26196,0.61265,0.82787,0.27581,-0.55401,0.02994,-1.60707,0.70132,0.00334,-0.26730,0.11652,-0.48511,-0.61733,-1.25423,0.76923,0.63521,0.38715,-0.08417,-0.13638,-0.45022,0.50114,0.80541,-0.45430,0.04071,-0.64756,-0.45434,-0.48837,0.77739,0.72795,0.74264,-0.08407,-0.23763,0.09540,0.36098,0.92595,0.84697,0.05718,-0.50264,-0.31862,-0.56948,0.43624,0.54547,0.54504,-0.47158,-0.51381,-0.89711,0.04949,0.75328,0.50879,0.08056,-0.50299,-0.60368,-0.18755,0.42554,0.65642,0.47474,-1.15845,0.32808,0.34822,-0.31654,-0.29576,0.70174,0.05084,-0.36102,-0.40263,-0.64709,0.29013,0.88430,0.23909,-0.01947,-0.20154,-0.46510,0.33215,-0.09740,-0.48650,0.03791,-0.29724,-0.40417,-0.19559,0.65813,0.68506,-1.05443,-0.17245,-0.44575,-0.68977,0.52351,0.65989,-0.10225,-0.01192,-0.31941,-0.60157,0.38020,0.85813,1.66517,0.31799,-0.75848,-0.98286,-1.21218,-0.55709,-0.75329,-0.28041,0.17047,-0.42200,-0.96767,0.29619,0.57319,0.98493,0.01874,-0.34360,-0.19346,-0.01172,0.14127,0.26820,-0.73227,-0.04792,-0.46366,-0.24709,0.14470,0.24519,0.81473,-0.00410,-1.35498,-0.43299,1.06170,0.95286,0.59373,-0.52597,0.20376,-0.48492,0.15256,-0.08050,0.83023,0.39563,-0.09150,-0.55141,0.03342,-0.52173,-0.95103,1.43826,-0.42001,1.97614,-0.65614,-2.09439,0.99338,0.39685,0.68062,0.31628,0.69355,-1.75750,-2.57147,0.10061,0.67432,-1.36812,1.99263,1.40313,-1.36280,-0.59955,0.22984,-1.24681,-2.03176,-0.31321,0.21239,-1.46811,-1.44431,-0.67092,-1.59023,1.43935,2.07384,-1.15992,-0.91522,-0.13290,-1.68654,-2.06649,0.50152,2.14943,-2.03772,-2.31261,-1.41761,-1.18803,1.47087,2.13380,-1.51413,-1.32788,0.09225,-1.65537,-2.14569,0.19204,1.85463,-1.89453,-1.23485,-0.90867,-2.45524,1.13100,2.15464,-0.92713,-0.65774,0.26641,-2.03543,-2.28312,-1.07620,1.90370,-2.21990,-0.74943,1.16412,-2.86487,0.08944,1.62374,0.57613,-1.57300,0.77356,-1.37150,-1.30761,0.71910,1.60527,-1.29194,-2.06278,0.85168,-2.21504,-0.48957,1.44299,0.70060,-1.97925,0.33526,-1.09600,-0.68092,-0.81337,1.86592,-1.15433,-1.11013,1.52110,-0.98640,-0.93679,0.78733,1.30090,-2.77284,0.47924,-1.19864,-1.30640,-0.65491,1.25901,1.09830,0.16927,1.51097,-0.90246,1.02300,-1.02634,-1.50798,1.43026,-0.79735,1.00459,-1.35397,0.60588,1.26738,-0.45800,0.46849,-0.08966,0.39203,0.16904,-0.90316,0.53398,0.34061,-0.62481,0.79606,-1.40060,1.61741,-0.29697,-1.05958,0.46267,0.19312,0.87094,0.75038,0.58270,1.41118,1.00262,-1.54779,-0.46257,-1.67422,0.47211,0.07394,0.16234,-0.86089,-1.47811,0.02951,1.48808,1.02300,0.36665,1.01044,-2.08080,-0.92099,-1.02598,0.55582,-0.88280,0.03939,-1.22575,-1.83673,0.06722,1.73515,0.92208,0.19284,0.27326,-2.05506,-0.83758,-1.00964,0.22057,-1.16682,0.68398,-1.07057,-2.20440,-0.10181,1.49633,1.09901,0.37884,0.67360,-2.01670,-1.17181,-1.30411,-0.11557,-1.51716,0.94862,-0.02597,-2.01431,0.43855,0.51844,1.14000,1.10599,1.11153,-1.17398,-1.19050,-0.63215,0.06799,-1.97027,0.88107,-0.57033,-1.92497,0.82542,-0.23432,1.32401,2.13526,-0.39006,-0.52859,-1.06076,-0.16732,-0.48287,-1.88243,0.01825,-1.09053,-1.05336,0.17070,-0.44352,1.35578,2.08961,-0.02361,-0.46569,-1.10185,-0.01031,-1.17086,-0.77274,0.10593,-0.72157,-1.03846,-0.85614,0.22524,0.93559,1.20390,0.92530,-0.86999,-1.16316,0.25318,-0.70184,-1.61616,-0.42674,-1.00564,-0.32535,0.00453,1.15234,1.10650,0.36783,0.32039,-1.29876,-1.83452,-0.63139,0.24545,-1.59866,1.40466,-0.40118,-1.86368,0.37729,1.55082,1.00711,-0.04923,-0.02955,-2.00078,-1.16726,-0.67795,0.87860,-1.35500,1.22341,-0.78131,-1.89696,0.70961,1.47402,0.95438,-0.19510,0.38858,-2.12386,-0.98814,-0.13309,0.28910,-1.07370,0.67111,-0.95189,-1.48890,0.49386,1.29770,0.98810,-0.08537,0.35681,-2.16357,-0.77342,-0.38215,-0.16419,-0.17200,0.26541,-0.58351,-1.38082,-0.15558,0.75372,1.21430,0.58384,-0.12100,-1.69287,-0.91183,-0.42030,-1.88685,0.70843,0.20406,-0.18190,-0.32896,-1.04071,-0.24788,0.68050,1.39466,0.86319,-1.12204,-0.92702,0.52916,-1.66582,0.60142,-0.02761,-0.28289,0.64474,-0.47951,-0.92516,0.38594,1.61395,-1.73467,-1.06710,-0.64691,1.09958,-0.78825,1.70120,0.61201,-0.17604,1.44884,0.75584,-1.18801,0.54149,1.94555,-1.43297,-0.12676,-0.97618,-0.28721,-2.02080,1.14236,1.80171,-0.24526,-0.41170,-1.00217,-1.55732,0.26943,2.16785,-1.37321,-0.03467,-0.59251,0.58647,-1.00958,1.46272,1.13118,-0.08532,-0.11875,-1.41696,0.41628,-0.14534,-2.24427,2.24882,-0.18431,-1.03192,0.92460,-0.94446,0.32767,0.48261,0.35176,0.31406,0.45671,0.19264,-1.14114,-1.18263,2.96190,-0.66877,-0.19948,1.30739,0.78005,0.88350,1.57555,-0.62527,-0.39826,0.52221,-0.30137,-1.29556,-0.48826,2.23829,-0.42553,1.11147,1.49799,0.23569,-0.51116,1.31967,0.42884,0.46330,2.20063,-0.81682,-1.16019,-0.41937,0.60238,0.31243,0.81760,0.92576,1.97410,0.61108,0.75462,-0.04475,0.52499,1.81482,-0.96276,-1.22613,-0.22684,-0.30152,0.29451,0.21385,1.44720,1.44442,0.10757,0.56116,0.95523,0.80888,1.48773,-1.02945,-1.30525,-0.68116,-0.08026,0.77434,1.35831,1.12450,1.49397,0.36957,0.89069,1.18754,-0.54557,0.77929,-1.01249,-1.28998,-0.13981,0.07723,1.19469,1.06375,1.19474,1.31220,-0.41645,0.57394,1.46757,-0.51036,0.79383,-1.09828,-1.38268,-0.01281,0.89321,1.12600,0.90172,0.40438,1.32872,-0.39342,0.61452,2.57481,0.67146,0.99111,-1.25476,-1.25296,0.12328,-0.43732,0.85373,1.31807,0.53949,1.42973,-0.15307,0.88043,2.23244,1.47704,2.03302,-1.46322,-1.37478,-0.27309,-1.00900,0.93613,0.97527,1.47600,2.04322,0.97631,2.11771,2.86687,0.48293,0.55336,-1.14576,-0.85644,0.17319,0.26421,0.67091,0.73272,1.29412,2.42385,1.03813,0.11730,0.05579,0.61066,0.39286,-1.47154,-0.76925,0.49317,0.48264,0.79749,0.63880,0.84966,1.81834,0.78721,-0.00885,1.21794,0.33554,1.20244,-1.67559,-0.39166,1.26303,-0.43251,1.24424,0.45420,0.88601,-0.31708,-0.08874,0.39136,0.13671,0.72346,-0.67079,-1.63653,-0.63710,0.68376,0.75768,1.48705,0.84882,1.69566,-0.45619,-0.10436,-0.02156,0.58267,0.00433,0.08155,-1.72503,-0.75558,0.58334,-0.51853,1.38800,0.82568,0.89156,0.22428,0.26907,0.77229,0.29155,1.23158,0.16762,-1.69281,-0.71840,0.96200,-0.48432,1.17060,0.22906,1.13709,1.01265,0.03402,0.40466,1.43278,0.98270,0.60578
# [94/100] 'pokedex' OK
pokedex,0.06621,-0.20281,-0.37766,-0.24898,0.85290,0.35344,0.19949,-0.93651,0.15613,-0.84835,-0.22077,0.71600,-0.83387,-0.16851,-0.52572,-0.41506,0.04112,1.09409,0.42256,0.21773,-0.07605,-0.74517,0.04289,1.26792,1.25478,-0.30698,-0.12290,-0.62955,-1.04376,-0.87914,0.78042,0.77698,0.67227,-1.33729,0.48938,0.30525,1.30985,1.08228,0.76359,-0.17765,-0.79236,-1.10473,-0.10561,0.84372,0.20990,0.92646,0.38574,0.52428,0.29116,0.62084,1.02093,1.09954,0.00748,-0.53056,-0.63098,0.76946,0.91493,0.42095,0.07760,-1.31211,-0.00745,0.23865,0.39294,0.62363,-0.88726,-0.16561,-0.50235,-0.52771,0.07231,0.82772,0.39098,-0.22110,-0.10385,0.42939,-0.36350,0.66472,0.96632,-0.06542,-0.07167,-0.59107,-0.58010,-0.03779,0.65417,0.21854,0.41452,-0.92324,-0.56868,-1.17448,0.18869,1.49364,1.28482,-0.14704,-0.43826,-1.05754,-0.84795,1.01110,1.01746,0.16396,0.15720,-0.88912,-0.83283,1.22965,1.24349,-0.29301,-0.10982,-0.56540,-0.46821,-0.98995,0.40046,0.42824,0.29869,0.06537,-0.18458,-0.55088,0.67702,1.96064,1.28550,-0.22039,-0.69462,-0.51137,-0.00375,1.13008,0.69178,0.73613,0.54130,-0.62732,-0.54304,0.42656,0.42398,-0.34904,-0.14296,-0.57072,-0.56332,-1.20335,0.66613,0.74783,0.67579,-0.38799,0.92776,-0.57980,0.37119,1.24315,-1.00646,-0.12895,-0.70335,-0.61674,0.92298,1.10300,0.67727,0.48000,-0.30879,-0.90241,0.29191,-0.30663,0.30178,0.77732,-0.11797,-0.66515,-1.03464,0.12913,1.07671,0.95095,0.72404,0.33413,-0.22833,-0.73138,-0.68540,0.18525,-0.35775,-0.11769,-0.51806,-0.53273,-0.56503,0.38710,0.93298,0.13523,-0.63245,-0.14767,-0.76098,-0.66699,0.20199,0.55023,0.07558,-0.66681,-0.21250,0.06008,0.75650,0.78671,0.21257,0.13159,0.30515,0.09343,0.25187,0.01451,-1.86011,-0.07349,-0.67075,-0.71265,-0.31837,0.77568,1.17629,0.55520,0.02743,-0.39232,-1.13732,-0.20583,0.78882,0.22279,1.92048,-0.59994,-1.65725,2.47524,-0.24941,-0.86529,-0.18483,0.77750,0.17639,-2.12877,-0.51849,0.35293,0.66322,1.88449,-0.27454,-1.44977,1.41291,-0.19676,-0.57212,-0.74904,1.06890,0.32814,-1.94383,-0.96079,-0.27017,-0.39667,2.13252,1.39245,-1.30454,-1.29206,-0.66371,-0.14420,-2.73437,-1.48299,1.11746,-1.26855,-0.92700,-1.45969,-1.59104,1.94611,1.73385,-1.83432,-1.60522,-0.33597,-0.41964,-2.23026,-1.38718,1.80451,-2.02536,-1.79061,-0.81094,-1.39598,1.93238,1.52936,-1.59839,-1.24287,-0.28830,-0.78287,-1.86574,-0.95740,1.84362,-2.27055,-1.88002,-0.43983,-1.76412,1.18009,1.66696,-0.99406,-0.64209,-0.04154,-1.45106,-0.85135,-1.00479,1.58568,-1.76597,-1.83911,-0.15051,-1.96391,-0.06387,1.49747,0.67169,-1.46953,0.44136,-0.83789,-1.86269,-1.83681,1.28546,-0.81331,-1.07184,0.80576,-0.82887,-0.55134,1.25663,1.02958,-2.16989,0.45632,-0.99865,-0.24954,-1.24850,1.68436,0.33816,-1.38283,0.04240,-1.20920,-1.09905,0.99483,1.17045,-2.45651,0.92367,-0.44051,0.02013,-0.75700,0.85313,0.50192,-0.75883,0.30297,-0.01786,-0.42064,-0.38454,0.41970,1.53435,-0.37483,0.28972,-0.64004,1.24496,0.92549,-0.85337,0.40671,-0.27621,0.21179,0.49431,-0.99389,-0.31534,1.20339,-0.38276,0.92256,-1.19906,1.19308,-0.64233,-0.47986,1.06209,0.93110,1.20821,-0.33915,-0.70692,1.81220,0.05849,-0.31713,1.23689,-0.98657,1.56070,-1.24033,0.79567,-0.56402,-1.16759,1.17431,0.81889,1.09738,1.60454,0.59625,-1.74247,-1.47740,-0.62319,-0.65175,-1.38331,0.32591,-0.86404,-0.51986,-0.55351,1.22958,1.18269,1.11512,0.71448,-2.03861,-1.27503,-0.59214,-0.24184,-1.20440,-0.34952,-1.22032,-1.79303,0.32322,1.52853,0.96588,0.52344,0.88121,-1.87229,-1.59490,-0.28967,0.05642,-0.86092,0.14406,-1.74079,-1.86499,0.22717,1.36768,1.14817,0.32105,0.71742,-1.80272,-1.52315,-1.14108,0.07569,-1.10685,0.29949,-0.54166,-1.90460,0.43477,0.75522,1.37589,0.98569,0.16637,-1.08734,-2.08676,-0.34562,-0.25986,-2.30602,0.82770,-0.02963,-1.45656,-0.35222,-0.39776,1.26033,1.64072,0.77414,-0.37324,-1.17044,-0.13409,-1.35534,-0.87301,-0.08251,-0.94683,-1.17911,-0.16452,-0.75889,1.30837,2.43265,-0.48019,-0.13199,-0.99836,-0.07860,-1.12582,-1.88930,-1.07961,-0.42082,-0.28983,-0.75981,-0.78260,1.34468,2.14498,-0.76562,0.09238,-1.18858,0.31875,-1.14073,-0.65967,-0.74704,-0.48599,-1.66299,-0.68830,0.36450,1.02035,0.56918,1.04986,-0.39223,-1.51832,-1.09791,-0.72319,-0.70427,0.57196,-0.88908,-1.13554,-0.48133,1.43991,1.12647,0.28851,0.04791,-1.64127,-1.55107,-1.15908,0.93145,-1.95473,0.98912,-0.47909,-2.41557,0.48830,1.45213,1.08666,0.09111,-0.51520,-1.90826,-0.98958,-0.93747,0.30351,-0.98995,1.28294,-0.89257,-1.73911,0.41012,1.37035,1.07085,-0.02813,-0.40754,-1.91672,-1.01184,-0.39722,0.00452,-0.82936,1.07196,-1.55920,-1.12475,0.51563,1.12962,1.22341,-0.19876,-0.73494,-1.58723,-1.05480,-0.44410,-0.20563,-0.16943,0.69344,-1.24806,-0.46173,-0.75425,0.90661,0.98923,0.77099,-0.43837,-1.88610,-0.31112,-1.75388,-0.20547,0.37245,-0.41701,0.12433,-0.60945,-0.93887,-0.15691,0.82657,1.57047,-0.48048,-1.44026,0.20826,-0.46468,-1.66834,0.76129,-1.52512,0.37032,1.75401,-1.71107,-1.08698,0.55076,1.26161,-1.49092,-0.74162,-0.79149,0.29659,-0.11814,1.07842,0.87159,0.09671,0.63924,-0.39700,-1.16258,0.42533,1.49532,-0.50350,-0.63662,-1.08660,-0.47466,-1.54893,1.89621,1.52332,0.68139,0.10054,-0.61181,-1.44048,0.24245,1.62903,-0.12472,0.27471,-1.01817,-0.27395,-0.79594,1.75998,0.76432,-0.28887,0.13467,-1.33902,-0.69383,-0.60218,-0.72239,1.73146,-0.26262,-0.09002,1.32412,0.36952,2.00785,0.71784,0.68789,-0.52396,0.49283,0.27144,-0.74344,-1.64313,2.26966,-0.60752,0.27117,0.57984,1.08776,0.51481,0.86764,0.79315,0.44431,0.92816,-0.19363,-1.25543,-0.70460,1.92600,-0.63988,0.38630,1.97380,0.86819,-0.44077,1.47305,1.06360,1.16437,1.62192,-0.71142,-1.13450,0.03248,0.50809,-0.18189,0.89612,0.87562,1.86049,0.68565,0.49963,0.47753,0.13503,0.57034,-0.80471,-1.23199,0.18293,1.07869,0.32631,0.79232,1.38238,1.26895,0.51714,1.94603,-0.01145,0.23290,1.00690,-1.00894,-1.58739,-0.40173,0.10903,0.85789,1.42336,1.42438,1.16334,-0.63397,1.49832,1.45610,-0.00344,1.26371,-0.88299,-1.40859,-0.32972,-0.37625,0.47061,1.79270,1.27478,1.35604,-0.98128,1.54470,1.28707,-0.86614,2.58693,-0.81476,-1.20228,-0.35375,1.05699,0.90825,1.41781,0.41005,0.48365,-0.16023,0.73472,0.23548,0.32740,0.36210,-0.87039,-1.01677,-0.24596,0.25572,1.08666,0.99824,0.44356,2.61597,-0.65578,-0.00437,1.63190,-0.77072,0.69506,-1.01316,-1.17766,-0.38508,-0.63399,0.64007,1.12294,0.27469,0.99011,-0.12902,0.66379,2.94643,0.80151,1.82412,-1.07551,-0.94447,-0.10304,-0.16118,0.56848,0.74671,1.83539,1.60196,-0.11550,0.92174,0.52260,0.15162,0.60778,-1.35564,-1.02932,-0.04119,0.41435,1.18820,0.79254,1.89667,1.43451,0.41797,0.56426,1.09589,0.60430,-1.30046,-1.56929,-1.06955,0.10702,0.00998,1.68049,1.40744,1.17315,0.61480,-0.01538,1.16715,0.87741,0.54068,-0.43924,-1.63804,-0.96973,0.13346,-0.25160,1.22342,1.42980,1.55105,-0.00328,-0.30908,0.58476,0.82532,0.83534,1.46868,-1.61687,-0.71633,0.69694,0.45553,1.32775,0.91208,0.43728,0.16245,0.49983,-0.17120,1.35442,1.07405,0.54989
# [95/100] 'pokedex' OK
pokedex,0.34855,-0.13199,-0.27202,-0.88188,0.50698,0.34732,0.48144,-0.92279,-0.97928,-0.28480,-0.83337,-0.17086,-0.95127,0.15091,-0.40134,-0.45417,0.30637,0.65915,0.93379,-0.18206,-0.71993,-0.29328,-0.54637,-1.24049,0.17498,0.10637,0.05199,-0.58305,-0.83214,0.07561,0.53570,0.52513,0.66129,0.46640,0.83358,-0.94764,-0.74002,-0.12136,0.18369,-0.08570,-0.80607,-0.47072,-0.30272,0.67047,0.93763,0.25366,0.01147,0.38858,0.80542,0.69531,0.13700,0.46472,-0.03153,-0.72461,-0.99068,-1.28193,0.56309,0.91203,-0.14187,-0.32899,0.04402,0.49727,1.24109,0.86468,0.44726,-0.07363,-0.58911,-0.95002,0.33878,1.04982,0.84216,0.03021,-1.67786,-1.04902,-0.50518,0.74843,0.99637,0.61869,0.14314,-0.43351,-0.58953,-0.89856,0.68691,1.45039,0.24882,-0.08484,-0.30087,-0.65610,-1.75538,-0.48306,-0.15781,0.08678,-0.43889,-0.63668,-0.79168,0.51424,1.02675,0.48717,-0.24530,-0.61567,-0.90473,-1.45326,0.17561,-0.00544,0.11964,-0.50980,-0.62749,-0.10877,1.12587,0.72829,-0.14573,-0.57686,-0.75662,-0.24320,-0.00538,0.22561,-0.63353,0.12842,-0.46472,-0.82537,-0.69229,0.71721,0.98588,0.05159,0.47648,-0.07048,-1.26674,0.06113,-0.07951,0.35683,0.06931,-0.38374,-0.96349,-0.66439,0.47837,0.58090,1.01277,1.05187,-0.20826,-0.91846,0.25260,0.44394,0.39698,-0.02064,-0.62581,-1.15162,-0.35554,0.79132,0.95182,0.80396,0.93153,-0.04244,-0.18218,-0.54486,-0.14084,-0.71740,0.46911,-0.46985,-1.16371,0.42565,0.17689,0.47939,-0.22178,0.48031,-0.50019,-0.46915,-0.02388,-0.37556,0.34426,2.09448,-0.59304,-1.49476,1.37196,-0.42752,-0.00578,-0.96528,0.45325,-0.57431,-1.11272,0.40457,-0.15840,-0.12292,2.20790,1.44159,-1.36072,0.07699,-0.66599,-0.69229,-2.51172,-0.97108,0.00659,-1.84773,-0.82920,-0.94095,-1.11476,1.84816,1.77592,-0.89378,-0.22267,-0.50219,-1.53957,-2.55650,-0.00912,1.53538,-2.28289,-2.09301,-1.22639,-1.71212,1.56406,1.88237,-0.91331,-0.39016,-0.36235,-1.52292,-2.76535,-0.07405,1.58177,-2.16894,-1.52010,0.03690,-2.16576,0.84333,1.95309,-0.03774,-0.04731,-0.05668,-1.66721,-2.35862,-1.93844,1.26881,-1.66752,-0.94166,1.65030,-2.41062,-0.49179,1.30919,1.22770,-0.67194,0.70498,-0.89755,-1.18620,-1.05837,1.57735,-0.54126,-1.45317,-0.46981,-1.97658,-0.76788,0.96976,1.23218,-2.68939,0.04803,-1.39574,-1.40558,-0.20517,1.45170,0.12690,1.20739,1.67500,-0.54330,0.04908,0.18962,-0.63820,1.50025,-0.40126,-1.20500,0.00404,-0.61482,1.30443,-0.15786,-1.23022,1.17998,0.75130,1.31946,-0.67573,-2.63606,1.29737,-1.20635,-0.39447,-0.27408,-0.49763,1.12254,-0.23667,-0.51201,1.41286,1.21369,0.56934,-0.80116,0.07792,1.37785,-0.46362,0.85551,0.02490,-0.42907,0.41083,-0.38859,-0.23029,-0.02040,-0.91513,1.68125,0.92331,0.64698,1.56631,-2.32018,-1.01646,-0.43442,-1.63888,-0.65297,-1.01034,1.14219,-1.24077,-0.23668,1.72711,1.03357,0.49906,0.99190,-2.24738,-1.08939,-1.07124,0.41414,-1.09947,0.11002,-0.95338,-1.71135,-0.43891,1.64868,0.95240,0.47119,1.13087,-2.17695,-1.33468,-1.19116,-0.15709,-1.39287,0.82240,-0.10443,-1.24741,0.17383,0.68544,1.13929,1.21127,1.26786,-1.21862,-1.60398,-0.72039,-0.05095,-2.06007,1.16544,0.16461,-2.00910,0.09369,-0.18554,1.32532,2.10047,0.30263,-0.68053,-1.00843,0.03772,-2.29657,-0.88094,0.57708,-0.64763,-1.63547,-0.10511,-0.48100,1.34411,2.36632,-0.98441,-0.10667,-1.12988,0.99495,-1.10978,-1.47678,-0.71146,-1.82617,-0.37367,-1.01708,-0.41209,1.33944,2.25497,-1.29445,-0.28051,-0.91283,-0.68183,-0.44638,-0.16769,-0.48922,-1.39022,-1.54156,-0.37529,0.69556,1.21501,0.67160,0.13470,-0.90881,-1.71762,-0.58561,-0.13100,-1.62493,1.29982,0.20156,-1.44909,0.39444,1.40478,1.44184,0.19954,-0.04129,-1.79121,-1.46145,-0.64428,-0.32077,-1.65332,1.54669,-0.30384,-1.99284,0.59990,1.39222,1.36062,0.24599,-1.47358,-1.57000,-1.39610,-0.96707,1.01110,-1.19181,1.46649,-0.89293,-2.02451,1.39798,1.17902,1.48404,-0.04249,-0.71474,-1.77800,-1.04774,-0.68415,0.50219,-0.96625,0.73224,-0.95265,-1.54590,1.02885,1.12882,1.28982,0.21322,-0.65406,-1.63979,-1.28440,-0.35399,-0.54348,-0.10383,0.29027,0.07710,-0.87493,0.08168,0.34090,1.09335,1.47452,0.17628,-1.66711,-0.89166,-0.62541,-1.95066,1.56475,-0.40541,0.19570,1.10143,-2.17245,-0.68278,0.61915,1.48016,-1.10567,-0.47032,-0.66323,-0.05073,-1.20987,1.57137,2.00575,-0.63402,0.40625,-0.69180,-1.02481,0.54553,1.48867,-2.10431,-0.23534,-1.24221,0.42740,-0.66857,2.37691,1.48800,-0.36070,0.74740,1.06766,-1.12418,0.59538,1.87421,-1.31185,-0.06095,-0.83116,-0.10975,-0.15505,0.92729,0.37260,0.46660,0.67942,-1.98757,-0.05971,-0.16371,-1.09062,0.78626,-0.56077,-0.45116,1.73835,0.72999,1.01966,-1.76302,0.86714,1.91944,-1.00152,0.66023,-0.74291,-1.92961,1.50633,-0.61628,0.53171,1.41758,0.88457,-0.87146,-1.11868,0.01894,1.89833,0.77748,0.11863,-1.70500,-0.88483,3.08533,-0.85934,0.78592,1.48666,1.01131,0.19122,1.81395,-0.80094,-0.75060,0.84262,-0.28326,-1.48671,-0.46430,1.22541,-0.12673,0.63864,0.28545,1.50917,-0.18100,0.85700,0.36876,0.66784,2.31297,-0.40806,-1.12754,0.03878,-0.26469,0.06910,0.50320,1.22128,0.61639,0.51831,2.12608,0.24046,0.31890,1.09703,-0.66111,-1.13216,-0.32616,0.21589,0.43300,0.90518,0.62908,0.91952,0.55710,1.50738,0.93469,-0.57941,0.79632,-0.68957,-1.11721,-0.22101,-0.60732,0.53938,1.27967,0.60245,1.80636,-1.04797,1.17963,2.06948,0.38507,0.80414,-0.72877,-1.20395,-0.13720,0.86243,0.22977,1.10993,-0.11301,2.72030,0.23867,0.82025,1.43800,-0.34603,0.91973,-0.69831,-1.24157,-0.12282,-0.18415,0.85578,1.07764,0.95500,1.73558,-1.21322,0.68864,1.01565,0.03992,1.83503,-1.07990,-1.55992,-0.04602,0.68221,0.63661,1.06551,0.90122,2.22483,0.51052,0.22159,1.76841,0.92833,0.98261,-0.68580,-1.10475,-0.20792,1.14948,1.05288,0.59592,-0.18667,0.71023,-0.23349,0.61130,0.94343,-0.21029,0.90189,-0.87672,-0.69077,-0.09953,1.27671,1.08628,0.58834,-0.17888,0.43720,-0.17194,0.26540,0.49994,-0.74596,0.70208,-1.29128,-0.72367,0.57814,0.21321,1.00312,0.62663,0.44724,-0.39375,-1.04804,-0.40048,-0.35974,0.86566,1.13096,-1.38279,-0.55226,0.18079,-0.10577,1.18039,0.61110,0.57146,-0.79542,-0.98651,0.14486,-0.04935,0.68801,0.60885,-1.43218,-0.52999,0.75498,-1.03021,0.85103,0.97120,0.75702,-0.16097,1.19915,0.04133,1.87733,0.59164,-0.00318,-1.36131,-0.30097,0.28373,-0.58479,0.97335,0.52834,1.05519,0.66435,0.26562,-0.22033,2.06836,0.88344,0.09133,-1.20557,-0.35618,0.72289,-0.21974,1.53546,0.93595,0.75533,0.98033,-0.65679,-0.22705,0.63505,0.18022,-1.32657,-1.28533,-0.49933,-0.08767,-0.15079,1.40378,0.55071,1.06183,0.32126,0.52351,0.26446,1.49004,0.91597,-0.68092,-1.26120,-0.69916,0.01692,0.14592,1.18696,0.67437,1.39359,0.78154,1.29641,-0.19216,-0.01043,1.13064,-0.40106,-1.35624,-0.47710,0.42370,-0.47880,0.83718,1.10146,1.55128,-0.34910,0.33148,-0.58731,0.47584,-0.11956,0.32000,-1.33197,-0.69482,0.36252,-0.16619,1.48312,1.29442,0.57330,-1.23555,-0.30707,0.25150,0.28456,0.33766,0.18311,-1.26562,-0.48161,0.46396,-0.01448,0.81521,0.47008,0.39014,0.11646,0.76131,0.35447,0.83838,0.92679,-0.16321
# [96/100] 'pokedex' OK
pokedex,2.22051,1.70233,-1.83799,-1.32665,-0.33946,-0.79612,-1.93427,-1.29182,0.35453,-1.57593,-1.30453,-1.27118,-1.20913,1.78344,1.90675,-1.44184,-1.66303,0.02280,-1.35826,-2.15753,0.04938,1.20030,-2.05611,-1.72278,-0.96956,-3.00363,1.63646,1.77260,-1.12276,-0.47142,-0.51866,-1.97229,-1.47759,1.06760,0.93084,-2.64408,-1.39451,-0.30671,-2.07585,1.14501,1.95241,-0.41403,0.07259,-0.49006,-1.82087,-1.41495,-1.36436,0.70924,-1.76350,-1.08208,0.29371,-2.41237,-0.06929,1.65107,2.07654,-1.13588,0.16427,-1.62169,-1.78881,0.07258,1.35374,-0.95803,-1.44527,-1.04671,-1.76240,-0.45788,1.25285,1.95742,-1.52565,0.31262,-1.37000,-0.93299,-0.06980,0.73568,-0.27906,-1.00900,-0.70182,-1.42424,-0.76084,0.77508,1.69260,-1.33223,0.20032,-1.23102,-1.04089,0.36214,1.77988,0.63002,-0.86419,-0.06145,-0.23854,1.06863,-0.93084,-0.72990,2.84567,-1.78843,0.07509,-0.52792,1.21926,0.90100,-0.97409,0.57556,0.01048,0.32805,1.04971,-1.23659,-0.55204,0.12188,-0.96914,0.98423,-1.90322,0.95981,-0.09167,0.52900,0.93908,0.06821,0.77296,1.31600,0.23501,1.74240,-0.29950,-1.31080,-0.08571,-2.08131,0.63041,-2.15471,0.30773,-0.39097,-1.23814,-0.27786,1.76227,1.10488,0.88532,0.28245,-2.18257,-0.94656,-0.86942,-0.22916,-1.71285,0.12680,-1.66217,-1.02948,-0.65746,1.74512,1.14836,0.29628,0.77398,-2.09566,-1.03662,-1.45835,0.55926,-1.36761,0.55439,-1.24263,-2.26992,-0.07544,1.47821,1.18105,0.17586,0.83979,-1.49569,-1.81243,-0.91188,-0.54754,-1.34709,0.46758,0.53368,-1.83878,-0.19866,0.43577,1.16619,1.27514,1.15523,-0.62548,-1.28435,-0.53846,-1.10898,-1.59255,-0.61574,-0.02703,-1.42755,0.45645,-0.02186,1.32759,2.55751,-0.17430,-0.62936,-0.94034,-0.46194,-1.19430,-1.95173,-1.23687,-0.52982,-0.96485,-0.51333,-0.14839,1.32120,1.96806,-0.50148,-0.03552,-0.93975,0.37444,-1.39963,-1.10532,-1.44330,-1.28221,-1.06734,-0.91748,0.66623,0.89064,0.38408,-0.77149,0.21562,-0.35239,-1.93614,0.15355,-0.51563,-2.64226,-1.00754,-0.45322,-0.78961,1.24235,1.24512,0.14152,0.24527,-1.15554,-1.60282,-1.73672,1.27037,-1.92051,0.55356,-0.29119,-1.54561,0.27129,1.78377,1.29369,-0.90848,0.21426,-1.60704,-1.54675,-0.23231,-0.64247,-1.47283,1.01082,-0.12802,-2.00692,-0.48263,1.77280,1.07659,-1.33551,0.63037,-1.73826,-1.54880,0.39405,-0.03978,-0.79142,1.08262,-1.21877,-1.26410,-0.24641,1.70673,1.03525,-1.14064,0.49646,-1.77429,-1.42764,0.36985,-0.62583,0.33489,0.51964,-1.11359,-1.37682,-0.44254,1.48203,0.92780,-0.38034,0.72235,-1.78053,-0.95615,-0.43976,-1.15321,0.89608,-0.54634,-0.50726,-0.60847,-1.40350,0.30300,0.46448,1.16842,1.37563,-1.26699,-0.19774,0.25353,-2.40256,0.40693,-0.84071,-1.32579,0.22110,-0.35771,-0.49047,0.64010,1.21246,-0.95794,-0.99770,-0.75227,0.80076,-0.97249,1.26285,1.25688,-1.04699,-0.29775,0.13951,-0.63533,0.44163,1.16788,-0.61519,-0.85260,-0.92443,-0.04762,-0.54916,1.63710,1.33583,-0.15784,-0.38652,-0.66409,-1.03063,0.42807,1.39643,-0.92866,-0.19230,-0.48159,0.00489,0.42494,1.60857,0.15605,-0.29116,-0.74679,-0.89156,0.66956,-0.71548,-2.64185,2.62368,-0.14271,0.01602,0.81429,1.34019,0.83277,0.49940,0.68995,-0.62671,-0.90679,0.99941,-0.76758,-2.07650,2.39083,-1.15520,0.27464,1.23313,0.36465,-0.41837,0.39145,-0.03636,-0.48585,-0.22226,0.15243,-1.47426,-0.42908,3.12254,-0.47746,1.35902,0.79683,0.02964,-0.29885,0.47834,0.95380,-0.30468,0.23405,-0.21841,-1.30858,-0.17005,0.10344,-0.26140,0.50346,1.57537,1.67043,0.32782,1.73334,-0.27788,-0.05789,1.32962,-0.33423,-1.39430,-0.67719,0.61686,0.35036,0.68497,1.08371,0.65087,0.54195,2.35826,1.61786,0.62991,-0.16816,-0.51376,-1.39382,-0.28136,1.04953,0.76005,1.05230,0.13691,1.91747,0.02140,-0.39259,0.19090,1.08624,1.17032,-0.51451,-1.30683,-0.27821,0.68789,0.45892,1.18043,1.22305,1.57279,0.43044,-0.61716,-0.81907,0.87313,0.61792,-0.46934,-1.42743,-0.43355,-0.05144,0.76209,1.11232,1.37343,1.37761,-0.07626,0.18011,1.12704,0.91515,0.91021,-0.46341,-1.49120,-0.48382,-0.17389,0.44818,1.43465,1.20035,3.54446,0.03130,1.03120,1.53498,-0.44788,1.25279,-0.51615,-1.26067,-0.62637,0.14448,0.60992,1.11669,0.94525,1.44389,-1.19954,0.98312,1.18504,0.00287,0.95657,-0.53513,-1.11789,-0.32221,-0.12152,0.36193,0.83787,1.19470,-0.32315,-1.85098,0.72013,1.24025,0.82773,2.15320,-0.40791,-0.52629,0.14419,0.51646,0.12496,0.48518,-0.03069,-0.15408,-1.37063,0.03838,1.03577,0.71858,1.64544,-0.84170,-0.31119,0.50952,-0.92475,0.31312,0.13229,-0.27604,-0.52801,0.06284,0.61220,2.88077,1.92696,0.66252,-0.91289,-0.21073,0.79901,-0.58970,0.64741,0.25478,-0.48984,-0.59490,1.02213,1.09375,1.98924,0.44775,0.51282,-1.17937,-0.54812,0.26010,-0.42512,0.91014,0.92472,0.68906,-0.58906,0.90873,0.21791,0.65123,1.86169,0.50402,-1.02897,-0.51779,-0.07329,-0.41746,0.73666,0.32486,0.83446,0.09070,0.12592,0.68680,0.91848,1.17699,0.99369,-1.30869,-0.58011,-0.10921,0.11003,0.85636,0.61281,0.84813,0.81732,0.83172,0.24943,1.13218,1.07447,0.85398,-1.08121,-0.37140,-0.12292,0.09252,1.37937,0.94432,0.68867,0.27868,0.74832,-0.06491,-0.92379,0.13237,-0.15976,-1.13228,-0.52341,0.18846,0.39171,1.34517,1.06640,0.89230,-0.43130,-0.03542,0.03794,0.00865,-0.66773,-0.40620,-1.05011,-0.50158,-0.09541,-0.83886,1.31721,0.23951,0.15667,0.07345,0.12153,0.13880,1.51101,1.60556,0.13593,-0.99073,-0.61741,-0.11994,-0.40726,0.77655,0.75814,0.90339,-0.21888,-0.51744,-0.31389,1.12008,0.99190,-0.21197,-0.92486,-0.38671,-0.17871,-0.15472,1.02747,0.93093,0.87903,-1.20879,-0.20147,-0.47680,0.67398,1.30569,1.22196,-0.94850,-0.62337,0.19885,-1.76943,0.41725,0.56575,0.86316,0.34075,1.31612,0.81062,-0.12835,1.19931,0.85944,-0.90260,-0.65591,0.14577,-0.37843,0.75531,0.60891,1.05125,0.72449,0.67874,0.51410,0.48313,0.80368,0.13446,-0.82112,-0.26835,-0.00799,-0.70226,1.33470,0.95333,0.41155,-0.02794,-0.71954,-1.01006,-0.70456,0.83220,-0.22786,-0.88643,-0.56487,-0.23164,0.10313,1.38727,1.05890,0.04828,-0.81873,0.66628,-0.19483,0.02025,0.66737,-0.15864,-0.77678,-0.32658,0.12039,-0.40818,0.49996,0.54418,0.59294,-0.75178,0.94841,1.60431,-0.41402,0.53618,0.37163,-0.77612,-0.60930,-0.26890,-0.55573,0.87533,0.77494,0.79300,0.52305,0.20904,0.19659,0.39961,1.02024,0.54324,-0.59705,-0.58988,-0.66646,-0.89699,1.02698,0.95053,0.63587,-1.29684,-0.46998,-0.27814,0.71313,1.83271,2.11291,-0.47374,-0.30889,-0.42250,-0.32655,0.92488,0.36232,0.00381,-0.10257,-0.00504,1.04964,0.61485,0.19391,-0.65149,-0.52224,-0.37194,-0.22341,0.10354,1.09716,1.11327,0.02692,-0.74435,-0.61041,-0.51749,-0.15986,0.23157,-0.08099,-0.51754,-0.42571,-0.04922,0.07966,0.54207,0.69223,-0.41297,-0.61289,-0.29569,-0.51600,0.40906,0.62679,1.19858,-0.44462,-0.54675,-0.55855,-1.03178,0.96261,0.98212,0.23288,-0.32310,-0.97245,-0.92790,-0.05477,0.55576,0.31428,-0.34028,-0.23135,-0.63911,-0.34146,1.29274,0.59482,0.37796,-0.84365,0.39558,-0.64304,-0.26569,0.14848,-0.28676,-0.37404,-0.49762,-0.41321,0.30673,0.66507,0.49966,0.39778,-0.36864,0.73337,-0.62792,-0.31994,0.65175,0.86748
# [97/100] 'pokedex' OK
pokedex,0.37829,-0.36879,-0.59311,-0.20665,0.63345,0.54202,0.47970,-0.05317,-0.37327,-1.13953,-0.33834,-0.02846,0.18536,0.17252,-0.44475,-0.61775,-0.54859,0.82012,0.90717,-0.70280,-0.46324,-0.29902,-0.17015,0.05782,0.37279,0.79731,0.11090,-0.70704,-0.67078,0.08542,0.51458,0.57308,-0.09273,-0.29687,-0.97700,-0.15660,0.36477,2.05494,0.24851,0.21152,-0.71252,-0.64570,-0.49901,0.83789,0.79593,-0.21671,-0.35415,-0.52939,-0.66826,0.05311,0.53342,0.14428,0.23088,-0.71421,-0.54667,-0.40893,0.45886,0.70549,0.43793,-0.24969,-0.44871,-0.46044,-0.35974,-0.37140,0.44861,0.18267,-0.51349,-0.51901,0.65166,0.80493,0.56531,-0.51066,-0.00704,-1.38923,-0.22781,-0.28352,0.48104,0.72598,0.14634,-0.72078,-0.95181,0.16526,0.92344,0.99967,0.12186,-0.04283,0.33727,-0.56044,-0.63516,0.32046,-0.86957,0.10370,-0.84778,-1.01348,0.18751,0.47189,0.52683,-0.11234,0.46525,0.64098,0.28998,0.10371,0.93604,1.24783,0.32591,-0.47499,-0.69398,-0.24794,0.58461,0.73101,0.38789,-1.04386,-0.07505,-1.20537,0.38186,0.90609,-0.00561,0.15427,-0.49623,-0.49592,-0.33496,0.52848,1.13925,0.51568,-0.78516,0.41137,-0.35577,-0.37150,-0.37077,-1.50708,0.15405,-0.83409,-0.74319,-0.85780,0.21081,0.94068,0.85361,1.34633,1.11500,0.54353,0.07778,0.65286,-0.33486,0.17386,-0.86386,-0.89237,-0.68944,0.37489,0.99861,1.44283,0.61885,-0.02583,-0.20931,-0.33412,0.00357,-0.39016,2.42279,-0.20402,-2.65780,1.78863,-0.34449,0.43541,-1.33360,-0.21828,-0.44584,-1.46790,0.00162,0.22543,-0.20256,2.54781,1.03724,-1.55156,0.24293,-0.46772,-0.93178,-2.18544,0.13183,0.39392,-2.17582,-0.84077,-0.47504,-1.37767,1.84182,1.86018,-0.92116,-0.95377,-0.54825,-1.06987,-2.13443,-0.31885,1.86713,-2.06591,-2.12230,-1.49559,-1.35651,1.62071,2.06626,-1.11341,-1.41566,-0.09562,-1.64713,-1.46997,-0.50223,1.76878,-2.02872,-2.04095,-0.53185,-2.33712,0.98238,2.20110,-0.24814,-1.71935,0.34222,-1.90059,-1.78130,-1.22385,1.41755,-1.44242,-1.53425,0.32230,-1.37433,-0.23650,1.67723,0.92464,-1.70095,0.78031,-0.98052,-1.71767,-0.36119,1.73459,-0.27467,-2.78711,-0.34671,-0.46383,-0.74942,1.00974,1.12915,-2.71504,0.22364,-0.87078,-1.50272,-0.03288,1.72149,-0.08855,-0.11725,0.33158,0.12186,-1.15334,0.77182,1.05295,-1.66947,0.63172,-1.22116,-1.32989,-0.19192,1.53823,0.84502,-0.03998,1.08655,-0.31257,-0.63350,-0.07922,0.41291,0.23593,-0.30557,-0.75096,-0.20164,-0.05221,0.81680,0.66377,1.07877,0.90483,-0.11978,1.09765,-0.99075,-1.60283,1.81334,-1.18555,0.62751,-0.92583,0.16558,-0.60785,-0.24579,1.51996,1.07726,1.78066,0.02457,-1.00379,1.13711,1.80254,-0.18722,0.84365,-1.61691,1.92678,0.10718,0.19648,0.14615,-0.42209,-0.36213,1.12563,0.80624,1.46371,0.16863,-1.47381,-1.07800,-1.39205,0.04597,-1.76311,0.41683,-0.25045,-1.45749,0.84023,1.17137,1.28614,1.05452,0.42868,-1.92343,-1.32127,-0.41668,-0.49865,-0.95181,-0.03188,-1.27602,-1.67228,-0.22794,1.20713,1.30556,0.91366,0.36546,-2.06530,-1.14389,-0.83046,-0.84690,-1.26444,0.69161,-0.39341,-2.04610,0.91675,0.59568,1.31871,1.46193,0.42898,-1.27443,-1.44630,-1.15108,-1.23546,-0.78889,0.77272,0.13537,-2.00244,0.89769,-0.43059,1.40327,1.84021,-0.67105,-0.18168,-1.05508,-0.23751,-1.41503,-0.68983,-0.26003,-1.44074,-1.04193,0.26693,-0.72991,1.37834,2.19604,-1.70086,0.10014,-0.93479,-0.37459,-1.32499,-1.22656,-0.38609,-0.00107,-0.29281,-0.05546,-0.76375,1.27883,2.06915,-1.10262,0.17814,-1.21234,0.22874,-0.72407,-0.62172,-1.17600,-1.13381,-0.25092,-1.05049,0.41259,0.95803,0.71186,-0.44001,-0.31274,-1.02862,-0.80476,-0.31422,-1.04442,-0.07703,-0.30317,-0.28738,-0.07168,1.22766,1.29409,0.31532,0.37242,-1.38866,-2.02419,-0.66685,0.78576,-1.90602,1.47032,-0.56923,-2.04893,0.86780,1.54279,1.25162,-0.57857,-0.08874,-1.65004,-1.95708,0.22532,0.60599,-1.35663,2.13017,-1.10204,-1.71067,1.21986,1.51964,1.15940,-0.36609,-0.01302,-1.70061,-1.54707,0.05741,0.16932,-1.29508,1.39948,-1.55970,-1.29785,0.40850,1.34404,1.00456,0.21989,-0.31459,-1.94510,-0.78726,-0.71499,-0.27482,0.32990,-0.03242,-0.03957,-1.54864,-0.71724,0.73777,0.86794,1.15328,0.63828,-2.09451,-0.42141,-0.29685,-2.69252,1.64801,-0.91177,-0.41569,0.08336,-1.86213,-0.40552,0.39875,1.50423,0.47900,-0.91598,-0.42320,0.41338,-2.48531,-0.19127,-1.05121,-0.52097,0.77174,0.12553,-0.79213,0.61059,1.39391,-0.87153,-0.85053,-0.75108,-0.07867,-0.61375,2.04892,1.09948,-0.00380,-0.12500,-1.21337,-0.97343,0.49290,1.37599,-1.30384,-0.27667,-0.74652,-0.58246,-1.26385,1.68540,0.05330,-0.42718,1.13824,-1.86306,-0.66012,-0.42907,0.16233,1.24650,-0.24589,-0.28099,1.07159,1.11070,0.87994,-0.15934,0.08728,0.96401,-2.44904,0.80868,-0.63065,-1.62706,1.26754,-1.18523,0.23798,1.43389,1.64284,0.77982,0.11454,0.81811,1.04858,-1.74334,0.55832,-1.23099,-1.11022,3.01589,-1.04617,-0.01102,1.21671,0.78340,-0.57911,1.36205,0.69334,-0.54472,0.79256,-0.10147,-1.38933,-0.94050,1.90272,-0.70323,0.41563,1.79808,1.45045,0.19400,1.85712,1.38735,-1.01034,0.63531,-0.30307,-1.20247,-0.65014,0.80994,-0.29478,1.20135,1.32926,1.50752,-0.36340,0.59460,0.16533,-0.32082,0.99165,-0.31765,-0.94995,-0.49935,-0.18474,-0.23802,0.95900,1.32863,1.64768,-0.10524,1.37019,1.65035,-0.73554,0.35822,-0.25432,-0.97868,-0.83023,0.24222,0.10645,0.51711,1.62894,1.69095,-1.03718,1.09515,2.26552,-0.31026,0.63175,-0.77810,-1.27304,-0.55369,0.23825,0.31699,0.54483,0.80406,2.28255,0.90496,2.69145,2.03593,0.14003,0.47889,-0.43638,-0.95922,-0.43990,-0.11361,0.15281,0.49709,0.52886,0.57731,1.19567,1.28341,0.95895,0.34861,0.29356,-0.75734,-1.18588,-0.55996,-0.04983,0.26867,1.13328,0.48865,1.19825,0.43788,-0.04733,0.87389,1.72117,2.07002,-0.73006,-1.03957,-0.23333,0.32095,0.00646,1.30494,1.36113,0.81364,-0.48803,0.03221,0.50689,1.17686,1.63520,-1.04765,-0.83128,-0.46860,-0.56319,1.28530,1.42846,1.06436,0.43778,0.70667,0.38281,0.92973,1.88468,1.13420,-1.24795,-0.56361,0.41956,-0.00272,0.86808,0.88993,0.55119,0.87207,-0.79374,0.08062,0.26256,-1.73330,0.33110,-1.13907,-0.19363,0.40022,-0.66627,1.81897,1.05586,0.02536,-0.87608,-1.25396,-1.62192,-0.03599,0.49411,0.26047,-1.26232,-0.27335,0.56372,0.01647,1.60057,0.90367,0.93664,-0.25688,-1.18229,-1.25047,-0.89900,0.40951,-0.85228,-1.22832,-0.36609,0.07004,-0.09139,1.10573,0.83246,0.15805,0.85374,0.21874,0.61413,0.27334,0.77934,-0.36336,-1.32750,-0.45613,0.68564,1.03799,1.19289,0.50479,0.67343,-0.43087,0.00133,0.52493,0.46053,-0.15122,-0.25231,-1.53450,-0.76223,0.43272,1.22195,1.52566,0.54192,0.74346,-0.08803,-0.31652,0.30079,0.78504,0.76064,-0.30900,-1.32282,-0.81432,-0.13171,-0.31868,1.43180,1.58258,0.83593,0.45580,0.12864,-0.12800,0.68682,0.29490,0.01411,-1.30911,-0.64482,0.28304,0.19319,1.07228,0.31614,0.78981,-0.02677,0.21538,-0.69682,0.40833,0.20365,1.46868,-1.30667,-0.71746,0.06389,0.34384,1.35285,0.18249,0.49763,-1.23208,-0.31773,-0.01503,2.48808,1.48303,0.76970,-1.20147,-0.57041,0.05638,0.75206,1.37562,1.16180,0.95161,-0.78863,-0.53738,-0.08791,0.51855,0.71898,0.93541
# [98/100] 'pokedex' OK
pokedex,0.07005,-0.23637,-0.20521,-0.52807,0.73810,0.50155,0.03728,-0.47744,-0.32998,-0.43628,0.48355,-0.23774,0.28484,-0.20786,-0.40544,-0.27289,0.21071,0.44862,0.17306,-0.50915,-0.51487,0.10201,0.01758,-0.12920,0.46680,0.93873,-0.20828,-0.70089,-0.75615,0.82831,0.80347,0.94518,0.02868,-0.59313,0.07025,-0.67696,-0.12800,0.73877,0.95301,-0.09134,-0.55951,-0.93365,-0.90360,0.68633,1.21867,0.48198,0.67869,0.02169,-0.48382,0.63615,0.05210,0.44010,-0.15993,-0.40802,-0.48600,-0.57697,0.98788,1.22304,-0.01579,-0.42202,-0.61136,-0.70208,-0.27297,-1.03355,-0.72759,-0.26443,-0.52704,-0.66653,-0.41821,0.99594,0.80601,0.29594,-0.12530,-0.45826,-0.54439,-0.13698,0.50027,0.23934,-0.38283,-0.39825,-0.30672,-0.89991,0.92460,0.92030,-0.31707,0.12370,-0.31904,-0.54424,1.41219,0.58952,0.59009,-0.32856,-0.72154,-0.97505,-1.12254,0.64535,0.65677,0.83633,0.70522,0.00143,0.80291,1.13352,1.04932,0.31568,-0.16103,-0.61880,-0.56765,-0.43886,0.57169,0.70708,0.14484,0.08263,0.36431,-0.99607,-0.37195,0.39308,0.56257,-0.18960,-0.58947,-0.37346,-0.66103,0.26236,0.74516,0.48289,-0.25393,0.06560,0.03132,0.83932,-0.16293,0.66419,-0.35693,-0.32058,0.06806,1.38919,1.07913,0.75427,-0.03436,-2.29219,-0.13570,-0.29624,0.05487,0.25545,-0.69943,-0.43250,-0.53973,-0.45915,0.26336,1.16879,0.35101,0.76127,-0.61141,-0.26146,-1.20635,-0.04496,0.22700,0.31829,-0.12676,-0.45939,-0.74661,-0.46406,0.33487,0.98814,0.63963,0.03929,0.19402,-0.10938,0.69799,0.62146,-0.16930,-0.37953,-0.60304,-0.31258,0.36484,0.45221,0.66293,0.78242,-0.46025,-0.16617,0.29211,1.66559,1.31211,-0.35033,-0.26780,-0.50221,-0.80794,-0.58339,0.70767,0.43735,0.24908,-0.39072,0.10077,0.72738,0.94039,0.94776,0.37946,-0.09847,-0.46385,-0.31775,0.52986,0.55759,0.14008,0.04373,0.22184,-0.36493,-0.85252,-0.26123,1.03035,-0.36181,-0.12332,-0.71671,-0.82650,-0.33757,0.74285,0.47155,0.40785,-0.51864,0.16319,0.29877,0.80557,1.16897,-0.02856,-0.15578,-0.51674,-0.14999,-1.17425,0.42428,0.65155,0.56435,0.59757,0.01328,-0.33407,0.56520,-0.00132,-0.46482,-0.51247,-0.79859,-0.80685,-1.30108,0.86728,0.98294,0.24722,1.05386,0.97754,-0.23843,-0.61978,1.12434,0.14074,-0.30202,-0.55606,-0.49955,-0.58938,0.51037,0.70373,0.88209,0.63272,0.15943,-0.94610,0.39857,1.53208,0.04498,2.27917,0.00328,-2.13046,-1.18957,0.35850,0.05774,-1.38131,1.99530,-1.40121,-0.38071,0.34387,0.13342,-0.25725,2.21586,1.30472,-1.14468,-0.19872,-0.07189,-0.76975,-2.54967,-0.31475,0.10300,-1.32963,-0.78787,-1.34265,-1.87329,1.54745,1.79834,-0.38412,-0.82421,-0.04944,-1.56372,-2.25426,0.10964,1.72433,-2.07250,-1.85889,-1.17707,-2.02574,1.33089,1.97778,-0.66570,-1.50166,0.02453,-1.36549,-2.35272,0.31357,1.79828,-2.28375,-1.24017,-0.80319,-2.27727,1.06457,2.16040,-0.48491,-1.15839,0.18591,-2.05489,-1.80331,-0.95257,1.30167,-2.01163,-0.99153,0.25048,-1.94509,-0.13694,2.04911,1.24943,-0.93561,0.31417,-1.85612,-1.25926,-1.34110,0.33608,-1.21030,-0.90579,0.91268,-1.55043,-0.94976,1.59106,1.73659,-2.24398,0.71337,-1.09381,-1.02240,-0.99939,1.25786,-0.19928,-1.67487,-0.20157,-1.27868,-1.46044,0.86136,1.84449,-1.40802,0.30486,-1.37883,-1.38733,-1.27637,0.95529,1.20670,0.63334,0.50777,-0.07014,0.78336,-0.62127,-1.24595,2.41773,-1.14699,0.61305,-0.93848,-1.48785,1.80928,-0.94023,1.30959,1.51951,-0.21374,0.72379,-0.92455,-0.21866,1.18313,-1.23907,0.43563,-0.80731,1.36669,0.43739,-0.72271,1.27033,1.02014,0.20881,0.72128,-0.18448,1.58138,0.97576,-1.35577,0.32864,-1.30810,0.86802,-0.84580,-0.51437,0.00374,-0.98316,0.03049,1.56310,0.89540,1.26917,0.93373,-2.30169,-0.95137,-1.24533,0.20314,-0.82302,-0.23029,-0.66920,-2.13987,-0.39746,1.57114,0.95638,0.85053,0.72866,-2.15037,-1.05588,-0.89289,0.24162,-1.60342,0.73868,-0.60999,-2.22030,-0.43889,1.09510,1.16678,0.44933,1.40614,-1.69869,-1.61837,-0.82039,-0.01913,-1.56010,1.20510,-0.68080,-1.35526,0.59144,-0.31899,1.29356,2.06077,0.18391,-0.47559,-1.43262,0.09820,-1.00511,-1.24240,-1.23605,-0.65662,-0.30728,0.07955,-0.65307,1.27779,2.42848,0.25493,-0.66246,-1.26096,0.13903,-1.34452,-0.58731,0.22444,-1.47193,-1.31992,-0.23300,-0.72538,1.34722,2.25224,-0.38702,-0.04524,-1.39435,0.61392,-1.19879,-0.91726,-0.62301,-1.30871,-0.97688,-2.21337,-0.15388,1.07606,1.39194,0.61011,0.06939,-1.45451,-0.01573,-0.78713,-2.14698,-0.29617,-2.14381,-0.30478,0.30503,1.20042,1.13488,0.63776,0.43225,-1.67213,-1.59378,-0.47933,0.38805,-2.12179,1.12449,-0.87373,-1.46500,0.66420,1.80324,0.93107,0.09600,0.22894,-2.08935,-0.85565,-0.84495,0.84810,-1.78945,0.96957,-1.18030,-1.89574,0.41640,1.78906,0.93278,-0.10101,-0.12782,-1.88614,-0.86730,-0.68519,0.56812,-1.25622,0.77453,-1.25773,-1.86618,0.08195,1.72471,0.96221,-0.20475,0.04231,-1.87849,-0.80035,-0.66842,0.06245,-0.56602,0.47888,-1.13218,-1.56675,-0.44486,1.28205,1.09936,0.21600,0.28786,-1.77025,-0.52171,-0.43820,-2.10832,0.11490,-0.33489,-0.66391,-0.90926,-0.99882,-0.05416,0.70271,1.48790,0.92317,-1.08811,-0.37587,-0.39066,-1.66485,0.58509,-0.54980,-0.90611,-1.16870,-0.65608,-0.86031,0.59615,1.23916,-1.07311,-1.05964,-1.02345,-0.15270,-0.09766,3.09518,1.20191,-0.58949,0.28412,-0.69642,-1.17220,0.62326,1.50088,-0.71204,-0.47688,-0.95193,0.09828,-2.41265,1.66048,0.33706,-0.38605,0.75906,-1.53030,-0.89760,0.33573,0.68569,-0.72566,0.57335,-0.51841,0.53425,-0.56926,0.40927,0.24926,-0.89898,0.46410,-0.77013,1.03520,-0.60914,-2.23040,1.29238,-1.00907,-0.15139,1.51155,0.64404,-0.24440,0.86359,-0.59537,0.79863,1.50481,0.63528,-1.02352,-0.91306,3.38867,-0.85790,-0.37851,1.26122,0.34476,0.60343,1.30755,0.18017,-1.22075,0.01787,-0.25806,-1.26788,-0.46099,1.18299,-0.32814,0.36969,1.43006,1.69369,0.47755,1.93565,0.84736,0.14179,2.15206,-0.41291,-1.15465,-0.01923,1.42042,-0.12136,0.20589,0.77446,0.70023,0.14510,2.22948,0.66764,0.54419,1.06935,-0.74267,-1.30586,-0.18027,0.55127,0.78792,1.07971,0.88865,0.13700,-0.41986,2.06848,0.65197,-0.09903,0.86259,-0.82754,-1.23672,-0.72851,0.48654,0.83998,0.89307,1.49583,2.05908,0.44521,2.02731,0.55259,-0.48084,1.12558,-0.91070,-1.48884,-0.76377,-0.03773,0.94544,1.02961,0.79215,0.91182,-1.24415,0.85333,2.24556,1.58868,2.09311,-1.01480,-1.43039,-0.66034,1.20647,0.86611,1.34083,1.09438,1.46549,0.02596,0.71327,0.46106,-0.00729,1.24422,-1.04837,-1.38991,-0.60224,-0.05024,0.70278,1.46330,1.26434,1.85688,-0.18637,1.02722,1.98320,0.61483,1.67699,-1.13551,-1.10723,-0.19588,0.54564,0.71231,1.10209,1.17814,0.81129,-0.32132,0.56639,1.91029,0.02476,2.15413,-0.75012,-0.62769,-0.35457,-0.93427,0.45751,1.30720,0.64517,0.65103,1.22891,-1.20789,0.66084,1.38557,0.28110,-1.63900,-0.65451,0.40018,-0.53015,0.79996,1.27316,0.85712,0.55494,0.76064,-0.29513,-0.20143,0.31579,0.25955,-1.82653,-0.70599,0.50650,0.21266,1.45501,0.69368,1.11819,0.72442,-0.71205,0.58797,1.53760,1.28725,-0.23991,-1.73737,-0.70254,0.20725,-0.44482,1.41417,1.05535,1.89380,0.58452,1.12767,-0.05566,0.75846,0.68482,0.22147
# [99/100] 'pokedex' OK
pokedex,0.06595,-0.06854,-0.51653,-0.21744,0.99843,0.50967,0.24492,-0.65789,-0.65822,-0.45942,0.20940,0.36818,-0.81225,-0.23442,-0.56387,-0.49785,0.86816,0.93361,0.73713,0.83751,-0.23239,-0.34610,0.16985,0.48262,-1.00647,-1.45801,-0.35574,-0.50097,-0.20032,-0.77704,0.71493,0.73939,-0.34314,-0.36607,-1.27266,-1.65401,0.34693,2.31676,1.46095,-0.31620,-0.39159,-0.82293,0.53466,1.26529,0.38414,-0.43949,0.31609,0.01167,-0.14083,0.65211,1.27375,0.07253,-0.19046,-0.60293,-0.65266,-0.31695,0.84436,0.30346,-0.48184,0.28970,0.14792,0.21343,0.76111,1.39595,0.04486,-0.18785,-0.38172,-0.30863,-0.29899,0.60960,0.30262,-0.26107,-0.28790,0.29699,-0.46966,0.56841,0.95466,0.25998,-0.25869,-0.35416,-0.89682,-0.96574,0.45840,0.48553,0.16439,-0.29305,-0.41885,-0.12678,0.30532,0.21580,1.06839,-0.10759,-0.45791,-0.51820,-0.01880,0.57452,0.18160,-0.40254,-1.00874,-0.58090,0.38726,1.21680,0.91154,0.19713,-0.06887,-0.52666,-0.96358,-0.49826,0.73162,0.79774,0.36980,-0.40284,0.37226,-0.13275,0.24537,1.05149,-0.48796,0.22292,-1.00918,-0.25783,-0.17706,-0.09775,1.42068,0.56896,1.16510,-1.22918,-0.84085,0.61493,0.15739,1.04025,-0.13698,-0.60310,-0.16725,0.01606,0.49198,0.78388,-0.07439,0.42110,0.44306,0.91080,0.43433,-0.62990,-1.04201,-0.26564,-0.47553,-0.06107,-0.06814,0.96465,0.51723,0.39741,0.15706,-0.60345,-1.08673,0.59970,0.64222,-0.11252,-0.08437,-0.52735,-0.48916,0.07745,0.45717,0.78974,0.82337,-0.40221,-1.18885,-0.47987,0.34009,0.07464,-0.12508,0.00302,-0.50816,-0.62511,-0.01912,0.53511,0.92734,1.02409,-0.18608,-0.78889,-1.12082,0.76799,0.38236,-0.04110,0.02644,-0.38195,-0.43853,-0.06017,0.52482,0.75208,0.28687,-0.22735,-0.63251,-0.85262,0.64742,0.01341,0.21133,-0.08715,-0.36731,-0.12901,0.18946,0.71871,0.61982,0.46934,-0.72873,-1.64241,-0.26682,0.73601,0.42974,0.00898,-0.50955,-0.52679,-0.53341,-0.15876,0.78013,0.63028,0.33594,-0.07544,0.53348,-0.15320,0.93478,1.62719,0.13653,-0.15639,-0.76842,-0.88477,0.05295,0.77622,0.96196,0.93436,0.71455,1.20814,-0.21413,-1.11645,-0.21166,-0.08224,-0.20222,-0.57116,-0.71450,-0.50051,0.94613,0.71928,0.76789,-0.35802,-0.45443,-0.34437,0.94836,0.17120,0.64586,-0.06677,-0.34486,-0.29624,-0.70134,0.94821,1.24133,0.23507,-0.98153,-0.71405,-0.81566,-0.52662,-0.60491,-0.48943,-0.07850,-0.27536,-0.61768,-0.54623,0.36869,0.49008,0.70684,-0.21925,-0.66842,-0.15414,0.30960,-0.39241,0.89723,0.05285,-0.34674,-0.41739,-0.24425,0.48029,0.35293,-0.24328,-0.25670,-0.38588,-0.45679,0.63608,0.49419,0.03161,2.46792,-0.24104,-2.17102,-0.38106,-0.83003,0.31612,-0.97332,1.21139,0.33474,0.32190,0.70038,-0.05175,-1.03139,1.23486,1.16398,-0.80363,0.08387,0.04882,-0.64065,-0.94915,0.71164,0.49079,-0.84478,-1.29620,-1.91460,-1.15298,1.86655,1.83410,-0.58710,-1.56198,-0.29598,-0.38257,-2.65638,-0.74407,1.82959,-2.21135,-2.86453,-0.23524,-1.77422,1.54115,1.94449,-0.82547,-1.20215,0.09879,-1.37240,-2.39189,-0.82659,1.89897,-1.45723,-1.19985,0.25343,-2.78090,1.34850,1.99323,-0.70058,-0.78859,0.31899,-2.21678,-2.20449,-0.44179,1.38390,-1.25061,-1.11939,1.40665,-2.59934,0.56997,1.86724,0.11772,-0.36519,0.77332,-1.80067,-2.44562,-1.02406,1.54062,-2.18003,0.14624,1.51394,-1.75279,-0.46268,1.55012,0.71533,-0.59457,0.19274,-1.75204,-1.29403,0.45130,0.82697,-1.28211,0.43509,0.56113,-1.62637,-1.06434,0.62489,0.73148,-1.71146,0.17785,-1.44447,-0.64419,0.55267,2.40143,1.07878,0.59121,1.10098,-1.11587,1.18388,-0.64100,-1.77094,2.79615,-1.13707,-0.01636,-0.68672,-1.78522,1.57230,0.65887,-0.04607,1.46950,1.64789,1.05214,-0.80156,-0.95643,2.08126,-1.38949,0.33030,-0.59800,-1.82256,1.33375,0.74685,-0.24091,1.74872,0.92284,1.07069,0.01521,1.41922,0.96350,-1.70571,-0.04906,-1.02103,-0.54195,0.10237,-0.60498,-0.86719,-0.87366,0.30247,2.48030,0.49258,0.35933,0.96811,-1.85144,-0.83656,-1.43340,-1.30159,-0.34965,0.62193,-0.61771,-1.73416,-1.02277,1.62595,0.83388,0.71510,1.69640,-2.03636,-2.23156,-0.61493,-0.44231,-0.37327,0.87539,-0.09807,-0.97161,0.41362,0.49419,1.08374,1.34933,2.38607,-1.48638,-2.24047,-0.49601,-0.84416,-1.05942,1.26913,-0.17710,-1.64766,0.48211,-0.30048,1.41512,1.77387,0.42363,-0.89480,-1.10976,-0.07743,-1.10239,-0.40132,-0.79965,-1.26059,-0.99677,0.16645,-0.64624,1.48690,2.24505,-0.31431,-0.71140,-1.09077,0.79580,-0.44045,-1.25297,-1.31396,-1.19222,-0.86255,-0.50096,0.10054,1.25389,0.69867,0.40836,0.12403,-0.68350,-0.84174,-1.40363,-1.53859,-0.99629,0.33119,-0.72821,-1.19264,1.06755,1.17297,0.73188,1.00856,-1.57519,-1.71341,-0.44160,-0.37791,-1.81680,1.11111,-0.56712,-1.95531,0.34657,1.40858,1.37138,0.35520,-0.05842,-1.94832,-1.47247,0.13152,-0.41561,-1.28011,1.14234,-2.06054,-1.66824,0.48442,1.50655,1.21108,0.54937,-0.42265,-2.03286,-0.86579,-0.43464,0.07733,-1.10017,0.28634,-2.21851,-1.67341,0.44461,1.24372,1.35775,0.94009,-0.99009,-2.10448,-0.68942,-0.48260,-0.38634,-0.67132,0.08063,-1.50946,-1.87425,0.22528,0.62848,1.52175,1.84964,-1.16151,-2.25211,-0.20136,-1.08324,-1.26905,0.42737,-0.57261,-1.33579,-1.05107,0.10731,-0.39740,0.59814,1.54856,-0.50816,-1.63737,-0.32602,0.05779,-1.01594,2.68449,-0.26183,1.41374,0.20753,-1.26250,-1.10151,0.84336,1.69646,-1.23657,-0.85842,-0.77013,-0.38112,-0.85259,0.39292,-0.13511,0.21328,0.70965,0.23895,-1.33926,0.74222,2.06280,-1.15147,-0.32131,-1.13263,0.32246,-1.36897,0.61216,0.69240,-1.16534,0.36876,0.29381,-1.54423,0.22237,1.66204,-0.60847,0.38395,-0.53308,0.11296,-0.01221,1.59425,1.38359,-1.69486,-0.90801,-1.06858,0.46697,-0.41345,-2.97535,2.16048,0.73805,-0.19482,0.82796,1.79129,-0.32728,-0.99800,1.21989,-0.80424,-0.31592,-0.12456,-1.22067,-0.69840,2.97471,0.20505,0.34304,1.24066,0.69353,-0.99050,-0.05273,-0.28004,-1.02211,0.52011,-0.86703,-1.39561,-0.17286,1.50353,0.24878,0.56832,1.49396,0.68758,-0.24507,1.60751,-0.85951,0.62846,1.17831,-1.36127,-1.35360,-0.34995,-0.34402,0.29064,0.95238,1.75081,1.77672,0.28511,1.50718,1.56513,0.11563,1.35864,-1.19078,-1.15358,-0.51710,-0.01088,-0.05599,0.31515,0.75142,1.78656,0.39031,2.74268,0.32531,0.31406,0.99353,-1.00231,-0.82504,0.91402,-0.73015,0.35948,0.76185,0.81246,1.28818,-0.03936,1.36413,-0.88560,0.24839,0.88043,-1.20152,-1.12418,0.09802,0.11674,0.53801,0.89791,1.69921,1.46443,-0.14636,1.33913,0.81837,0.02859,1.32061,-1.24244,-1.34239,0.04380,-1.16519,0.66858,1.75216,0.94689,2.18579,-0.29387,1.02134,0.14450,-0.12931,0.76964,-1.31738,-1.42144,-0.21859,0.01677,0.71382,1.40247,1.37841,1.78923,-0.06768,1.37304,1.02551,-0.47395,1.97678,-1.10031,-1.02333,0.05406,-0.80806,0.88830,0.69491,1.48024,0.82636,-0.14115,0.77767,1.52734,0.57698,0.90795,-1.28330,-1.03720,0.81109,0.11388,1.11473,0.67540,0.25906,1.64734,-0.75294,1.01073,0.43767,0.35779,0.65552,-1.31603,-1.28601,0.05344,-0.11630,1.25735,1.24776,0.96753,2.19442,0.70752,0.08519,1.65040,-0.22974,0.40738,-1.55911,-0.76603,0.26134,0.35925,0.95833,0.86110,1.20138,0.90423,0.60956,-0.04845,0.89710,0.56054,0.72695
# [100/100] 'pokedex' OK
# === COLLECTE TERMINEE : pokedex ===
# Copie le Serial Monitor dans raw_output.txt
# puis lance : python clean_serial.py
